-- phpMyAdmin SQL Dump
-- version 4.9.4
-- https://www.phpmyadmin.net/
--
-- Host: localhost:3306
-- Generation Time: Oct 28, 2020 at 05:16 AM
-- Server version: 5.6.49-cll-lve
-- PHP Version: 7.3.6

SET SQL_MODE = "NO_AUTO_VALUE_ON_ZERO";
SET AUTOCOMMIT = 0;
START TRANSACTION;
SET time_zone = "+00:00";


/*!40101 SET @OLD_CHARACTER_SET_CLIENT=@@CHARACTER_SET_CLIENT */;
/*!40101 SET @OLD_CHARACTER_SET_RESULTS=@@CHARACTER_SET_RESULTS */;
/*!40101 SET @OLD_COLLATION_CONNECTION=@@COLLATION_CONNECTION */;
/*!40101 SET NAMES utf8mb4 */;

--
-- Database: `admin_deliveryontime`
--

-- --------------------------------------------------------

--
-- Table structure for table `address_book`
--

CREATE TABLE `address_book` (
  `id` int(11) NOT NULL,
  `user_id` int(10) UNSIGNED NOT NULL,
  `address` longtext NOT NULL,
  `landmark` longtext,
  `city` varchar(50) NOT NULL,
  `state` varchar(50) NOT NULL,
  `zip` int(11) NOT NULL,
  `is_active` tinyint(4) NOT NULL DEFAULT '1',
  `address_name` varchar(50) NOT NULL,
  `is_default` int(11) NOT NULL DEFAULT '1',
  `created_at` datetime DEFAULT NULL,
  `updated_at` datetime DEFAULT NULL
) ENGINE=InnoDB DEFAULT CHARSET=latin1;

--
-- Dumping data for table `address_book`
--

INSERT INTO `address_book` (`id`, `user_id`, `address`, `landmark`, `city`, `state`, `zip`, `is_active`, `address_name`, `is_default`, `created_at`, `updated_at`) VALUES
(1, 26, 'Dum Dum', '', 'Kolkata', 'West Bengal', 700030, 1, 'Mom\'s Place', 1, '2020-10-17 15:55:38', '2020-10-17 15:55:38'),
(2, 26, 'Dum Dum', '', 'Kolkata', 'West Bengal', 700030, 1, 'Mom\'s Place', 0, '2020-10-17 15:55:46', '2020-10-17 15:55:46'),
(3, 26, 'Dum Dum', '', 'Kolkata', 'West Bengal', 700030, 1, 'Mom\'s Place', 0, '2020-10-17 15:55:50', '2020-10-17 15:55:50'),
(4, 26, 'Dum Dum', '', 'Kolkata', 'West Bengal', 700030, 1, 'Mom\'s Place', 0, '2020-10-17 15:55:55', '2020-10-17 15:55:55'),
(5, 26, 'Dum Dum', '', 'Kolkata', 'West Bengal', 700030, 1, 'Mom\'s Place', 0, '2020-10-18 17:51:25', '2020-10-18 17:51:25'),
(6, 26, '43/4 Purba Sinthee Road', 'Near Purba Sinthee Post Office', 'Kolkata', 'West Bengal', 700030, 1, 'Home', 0, '2020-10-18 18:42:20', '2020-10-18 18:42:20'),
(7, 26, '43/4 Purba Sinthee Road', 'Near Purba Sinthee Post Office', 'Kolkata', 'West Bengal', 700030, 1, 'Sibasis Bhattacharyya', 0, '2020-10-18 18:44:22', '2020-10-18 18:44:22'),
(8, 26, '43/4 Purba Sinthee Road', 'Near Purba Sinthee Post Office', 'Kolkata', 'West Bengal', 700030, 1, 'Sibasis Bhattacharyya', 0, '2020-10-19 20:09:04', '2020-10-19 20:09:04'),
(9, 26, 'Purba Sinthee Road', 'Near Dum Dum', 'Kolkata', 'West Bengal', 700030, 1, 'Arindam Singha', 0, '2020-10-19 21:21:57', '2020-10-19 21:21:57'),
(10, 26, '43/4 Purba Sinthee Road', 'Near Purba Sinthee Post Office', 'Kolkata', 'West Bengal', 700030, 1, 'Sibasis Bhattacharyya', 0, '2020-10-19 21:22:55', '2020-10-19 21:22:55'),
(11, 26, 'Purba Sinthee Road', 'Near Dum Dum', 'Kolkata', 'West Bengal', 700030, 1, 'Arindam Singha', 0, '2020-10-19 21:23:55', '2020-10-19 21:23:55'),
(12, 85, 'DDC', 'apollo', 'kolkata', 'wb', 65, 1, 'Writtika Roy', 1, '2020-10-25 06:16:09', '2020-10-25 06:16:09');

-- --------------------------------------------------------

--
-- Table structure for table `banner`
--

CREATE TABLE `banner` (
  `id` int(11) NOT NULL,
  `name` longtext,
  `image` longtext NOT NULL,
  `is_active` int(11) NOT NULL DEFAULT '1',
  `is_deleted` int(11) NOT NULL DEFAULT '0',
  `created_at` datetime NOT NULL,
  `updated_at` datetime NOT NULL
) ENGINE=MyISAM DEFAULT CHARSET=latin1;

-- --------------------------------------------------------

--
-- Table structure for table `carrier`
--

CREATE TABLE `carrier` (
  `id` int(11) NOT NULL,
  `mobile_number` varchar(13) NOT NULL,
  `mobile_verified_flag` tinyint(4) NOT NULL DEFAULT '0',
  `mobile_verified_token` varchar(100) DEFAULT NULL,
  `mobile_verified_at` datetime DEFAULT NULL,
  `device_id` varchar(200) NOT NULL,
  `created_at` datetime DEFAULT NULL,
  `updated_at` datetime DEFAULT NULL,
  `is_active` tinyint(4) NOT NULL DEFAULT '1',
  `is_available` tinyint(4) NOT NULL DEFAULT '1'
) ENGINE=MyISAM DEFAULT CHARSET=latin1;

--
-- Dumping data for table `carrier`
--

INSERT INTO `carrier` (`id`, `mobile_number`, `mobile_verified_flag`, `mobile_verified_token`, `mobile_verified_at`, `device_id`, `created_at`, `updated_at`, `is_active`, `is_available`) VALUES
(1, '+917980056855', 1, '944edba32609509b9fe2128b6a54294c', '2020-10-15 16:09:28', '02fd43b4ceb46aba', '2020-10-15 16:09:02', '2020-10-15 17:21:11', 1, 1),
(2, '+919007511742', 1, 'f9bc701f6a11850de71fb33583e5e86a', '2020-10-15 16:46:25', 'eb992dc87aad526b', '2020-10-15 16:45:55', '2020-10-15 16:45:55', 1, 1),
(3, '+919007511742', 0, '9d312486fb8ea0885ebd51fc8cecdcf5', NULL, 'eb992dc87aad526b', '2020-10-16 14:32:36', '2020-10-16 14:32:36', 1, 1),
(4, '+919836370843', 0, '5c118f1efd5de9284943d242446d4957', NULL, 'f614e6752282e0e7', '2020-10-22 13:44:31', '2020-10-22 13:44:31', 1, 1),
(5, '+919836370843', 0, '461e482162ecaa5cea7b3c5c5051e843', NULL, 'f614e6752282e0e7', '2020-10-22 13:44:43', '2020-10-22 13:44:43', 1, 1),
(6, '+919007511742', 1, '1c2fae593d019cd46e67afaae96ceec7', '2020-10-22 13:47:00', 'eb992dc87aad526b', '2020-10-22 13:46:39', '2020-10-22 13:52:25', 1, 0),
(7, '+919836370843', 0, '08e9114142709e477e7c8b3ae0fc2d10', NULL, 'f614e6752282e0e7', '2020-10-23 13:15:11', '2020-10-23 13:15:11', 1, 1),
(8, '+919836370843', 0, '6286c092f68ed6aadeab469d320aa251', NULL, 'f614e6752282e0e7', '2020-10-23 13:19:33', '2020-10-23 13:19:33', 1, 1),
(9, '+919836370843', 0, '76f39f58b80f227a4cfdb9e25cd2d185', NULL, 'f614e6752282e0e7', '2020-10-24 09:10:41', '2020-10-24 09:10:41', 1, 1),
(10, '+919836370843', 0, '6da66181856caf946acabe51b352c39e', NULL, 'f614e6752282e0e7', '2020-10-24 09:10:50', '2020-10-24 09:10:50', 1, 1),
(11, '+919007511742', 0, '94e657b644be6abb652b19bb7d152105', NULL, 'f614e6752282e0e7', '2020-10-24 09:13:30', '2020-10-24 09:19:17', 1, 1);

-- --------------------------------------------------------

--
-- Table structure for table `cart`
--

CREATE TABLE `cart` (
  `cart_id` int(10) UNSIGNED NOT NULL,
  `customer_id` int(11) UNSIGNED DEFAULT NULL,
  `is_active` int(11) NOT NULL DEFAULT '1',
  `created_at` datetime DEFAULT NULL,
  `updated_at` datetime DEFAULT NULL
) ENGINE=InnoDB DEFAULT CHARSET=latin1;

--
-- Dumping data for table `cart`
--

INSERT INTO `cart` (`cart_id`, `customer_id`, `is_active`, `created_at`, `updated_at`) VALUES
(1, NULL, 1, '2020-10-15 05:41:21', '2020-10-15 05:41:21'),
(2, NULL, 1, '2020-10-15 07:58:03', '2020-10-15 07:58:03'),
(3, NULL, 1, '2020-10-15 08:03:46', '2020-10-15 08:03:46'),
(4, NULL, 1, '2020-10-15 08:05:27', '2020-10-15 08:05:27'),
(5, NULL, 1, '2020-10-15 08:06:32', '2020-10-15 08:06:32'),
(6, NULL, 1, '2020-10-15 08:06:37', '2020-10-15 08:06:37'),
(7, NULL, 1, '2020-10-15 08:06:40', '2020-10-15 08:06:40'),
(8, NULL, 1, '2020-10-15 08:10:03', '2020-10-15 08:10:03'),
(9, NULL, 1, '2020-10-15 08:10:08', '2020-10-15 08:10:08'),
(10, NULL, 1, '2020-10-15 08:12:42', '2020-10-15 08:12:42'),
(11, NULL, 1, '2020-10-15 08:12:49', '2020-10-15 08:12:49'),
(12, NULL, 1, '2020-10-15 08:21:32', '2020-10-15 08:21:33'),
(13, NULL, 1, '2020-10-15 08:27:49', '2020-10-15 08:27:49'),
(14, NULL, 1, '2020-10-15 08:28:03', '2020-10-15 08:28:03'),
(15, NULL, 1, '2020-10-15 08:28:20', '2020-10-15 08:28:20'),
(16, NULL, 1, '2020-10-15 08:44:14', '2020-10-15 08:44:14'),
(17, NULL, 1, '2020-10-15 10:17:18', '2020-10-15 10:17:18'),
(18, NULL, 1, '2020-10-15 10:49:42', '2020-10-15 10:49:42'),
(19, NULL, 1, '2020-10-15 10:51:19', '2020-10-15 10:51:19'),
(20, NULL, 1, '2020-10-15 10:55:31', '2020-10-15 10:55:31'),
(21, NULL, 1, '2020-10-15 10:59:59', '2020-10-15 10:59:59'),
(22, NULL, 1, '2020-10-15 11:04:20', '2020-10-15 11:04:20'),
(23, NULL, 1, '2020-10-15 11:06:55', '2020-10-15 11:06:55'),
(24, NULL, 1, '2020-10-15 11:08:38', '2020-10-15 11:08:38'),
(25, NULL, 1, '2020-10-15 11:12:28', '2020-10-15 11:12:28'),
(26, NULL, 1, '2020-10-15 11:13:54', '2020-10-15 11:13:54'),
(27, NULL, 1, '2020-10-15 11:19:01', '2020-10-15 11:19:01'),
(28, NULL, 1, '2020-10-15 11:25:53', '2020-10-15 11:25:53'),
(29, NULL, 1, '2020-10-15 11:32:29', '2020-10-15 11:32:29'),
(30, NULL, 1, '2020-10-15 11:35:42', '2020-10-15 11:35:42'),
(31, NULL, 1, '2020-10-15 11:38:22', '2020-10-15 11:38:22'),
(32, NULL, 1, '2020-10-15 11:42:51', '2020-10-15 11:42:51'),
(33, NULL, 1, '2020-10-15 11:48:24', '2020-10-15 11:48:24'),
(34, NULL, 1, '2020-10-15 11:50:56', '2020-10-15 11:50:56'),
(35, NULL, 1, '2020-10-15 11:58:10', '2020-10-15 11:58:10'),
(36, NULL, 1, '2020-10-15 12:16:02', '2020-10-15 12:16:02'),
(37, NULL, 1, '2020-10-15 12:28:45', '2020-10-15 12:28:45'),
(38, NULL, 1, '2020-10-15 12:30:29', '2020-10-15 12:30:29'),
(39, NULL, 1, '2020-10-15 12:31:48', '2020-10-15 12:31:48'),
(40, NULL, 1, '2020-10-15 12:38:04', '2020-10-15 12:38:04'),
(41, NULL, 1, '2020-10-15 17:20:57', '2020-10-15 17:20:57'),
(42, NULL, 1, '2020-10-15 17:39:31', '2020-10-15 17:39:31'),
(43, NULL, 1, '2020-10-16 10:10:33', '2020-10-16 10:10:33'),
(44, NULL, 1, '2020-10-16 10:13:58', '2020-10-16 10:13:58'),
(45, NULL, 1, '2020-10-16 10:24:04', '2020-10-16 10:24:04'),
(46, NULL, 1, '2020-10-16 10:35:21', '2020-10-16 10:35:21'),
(47, NULL, 1, '2020-10-16 10:42:31', '2020-10-16 10:42:31'),
(48, NULL, 1, '2020-10-16 10:51:57', '2020-10-16 10:51:57'),
(49, NULL, 1, '2020-10-16 11:01:00', '2020-10-16 11:01:00'),
(50, NULL, 1, '2020-10-16 11:08:24', '2020-10-16 11:08:24'),
(51, NULL, 1, '2020-10-16 11:15:27', '2020-10-16 11:15:27'),
(52, NULL, 1, '2020-10-16 11:42:21', '2020-10-16 11:42:21'),
(53, NULL, 1, '2020-10-16 11:53:05', '2020-10-16 11:53:05'),
(54, NULL, 1, '2020-10-16 12:01:58', '2020-10-16 12:01:58'),
(55, NULL, 1, '2020-10-16 12:09:32', '2020-10-16 12:09:32'),
(56, NULL, 1, '2020-10-16 12:31:41', '2020-10-16 12:31:41'),
(57, NULL, 1, '2020-10-16 13:59:12', '2020-10-16 13:59:12'),
(58, NULL, 1, '2020-10-16 14:01:58', '2020-10-16 14:01:58'),
(59, NULL, 1, '2020-10-17 10:27:41', '2020-10-17 10:27:41'),
(60, 26, 0, '2020-10-17 10:37:08', '2020-10-17 10:37:08'),
(61, NULL, 0, '2020-10-17 11:27:56', '2020-10-17 11:27:56'),
(62, NULL, 1, '2020-10-17 11:50:03', '2020-10-17 11:50:03'),
(63, NULL, 1, '2020-10-17 12:22:17', '2020-10-17 12:22:17'),
(64, NULL, 1, '2020-10-17 12:24:18', '2020-10-17 12:24:18'),
(65, NULL, 1, '2020-10-17 12:25:56', '2020-10-17 12:25:56'),
(66, NULL, 1, '2020-10-17 20:25:20', '2020-10-17 20:25:20'),
(67, NULL, 1, '2020-10-18 06:46:50', '2020-10-18 06:46:50'),
(68, NULL, 1, '2020-10-18 10:15:07', '2020-10-18 10:15:07'),
(69, NULL, 1, '2020-10-18 10:22:03', '2020-10-18 10:22:03'),
(70, NULL, 1, '2020-10-18 10:29:00', '2020-10-18 10:29:00'),
(71, NULL, 1, '2020-10-19 11:26:04', '2020-10-19 11:26:04'),
(72, NULL, 1, '2020-10-20 08:28:04', '2020-10-20 08:28:04'),
(73, NULL, 1, '2020-10-20 08:31:21', '2020-10-20 08:31:21'),
(74, NULL, 1, '2020-10-20 08:38:15', '2020-10-20 08:38:15'),
(75, NULL, 1, '2020-10-20 08:52:27', '2020-10-20 08:52:27'),
(76, NULL, 1, '2020-10-20 08:59:06', '2020-10-20 08:59:07'),
(77, NULL, 1, '2020-10-20 09:14:53', '2020-10-20 09:14:53'),
(78, NULL, 1, '2020-10-21 18:47:20', '2020-10-21 18:47:20'),
(79, NULL, 1, '2020-10-22 07:23:28', '2020-10-22 07:23:28'),
(80, NULL, 1, '2020-10-22 07:26:22', '2020-10-22 07:26:22'),
(81, NULL, 1, '2020-10-22 14:38:06', '2020-10-22 14:38:06'),
(82, 26, 0, '2020-10-22 14:38:39', '2020-10-22 14:38:39'),
(83, NULL, 1, '2020-10-25 06:12:32', '2020-10-25 06:12:32'),
(84, 85, 0, '2020-10-25 06:14:45', '2020-10-25 06:14:45'),
(85, 85, 0, '2020-10-27 05:39:43', '2020-10-27 05:39:43'),
(86, NULL, 1, '2020-10-27 10:25:53', '2020-10-27 10:25:53'),
(87, NULL, 1, '2020-10-27 13:50:34', '2020-10-27 13:50:34'),
(88, NULL, 1, '2020-10-27 13:50:37', '2020-10-27 13:50:37'),
(89, 26, 0, '2020-10-27 18:04:20', '2020-10-27 18:04:20'),
(90, NULL, 1, '2020-10-27 20:00:38', '2020-10-27 20:00:38'),
(91, 26, 1, '2020-10-27 20:02:03', '2020-10-27 20:02:03');

-- --------------------------------------------------------

--
-- Table structure for table `cart_items`
--

CREATE TABLE `cart_items` (
  `cart_item_id` int(11) NOT NULL,
  `cart_id` int(11) UNSIGNED NOT NULL,
  `sku_id` int(11) NOT NULL,
  `quantity` int(11) NOT NULL,
  `created_at` datetime DEFAULT NULL,
  `updated_at` datetime DEFAULT NULL
) ENGINE=InnoDB DEFAULT CHARSET=latin1;

--
-- Dumping data for table `cart_items`
--

INSERT INTO `cart_items` (`cart_item_id`, `cart_id`, `sku_id`, `quantity`, `created_at`, `updated_at`) VALUES
(1, 1, 2, 2, '2020-10-15 05:41:21', '2020-10-15 11:06:59'),
(2, 2, 2, 5, '2020-10-15 07:58:03', '2020-10-15 07:58:03'),
(3, 3, 2, 5, '2020-10-15 08:03:47', '2020-10-15 08:03:47'),
(4, 4, 2, 5, '2020-10-15 08:05:27', '2020-10-15 08:05:27'),
(5, 5, 2, 5, '2020-10-15 08:06:32', '2020-10-15 08:06:32'),
(6, 6, 2, 5, '2020-10-15 08:06:37', '2020-10-15 08:06:37'),
(7, 7, 2, 5, '2020-10-15 08:06:40', '2020-10-15 08:06:40'),
(8, 8, 2, 5, '2020-10-15 08:10:03', '2020-10-15 08:10:03'),
(9, 9, 2, 5, '2020-10-15 08:10:08', '2020-10-15 08:10:08'),
(10, 10, 2, 5, '2020-10-15 08:12:42', '2020-10-15 08:12:42'),
(11, 11, 2, 5, '2020-10-15 08:12:49', '2020-10-15 08:12:49'),
(12, 12, 2, 5, '2020-10-15 08:21:33', '2020-10-15 08:21:33'),
(13, 13, 3, 1, '2020-10-15 08:27:49', '2020-10-15 08:27:49'),
(14, 14, 2, 1, '2020-10-15 08:28:03', '2020-10-15 08:28:03'),
(15, 15, 4, 1, '2020-10-15 08:28:20', '2020-10-15 08:28:20'),
(16, 16, 2, 1, '2020-10-15 08:44:14', '2020-10-15 08:44:32'),
(17, 16, 3, 1, '2020-10-15 08:44:44', '2020-10-15 08:44:44'),
(18, 17, 2, 5, '2020-10-15 10:17:18', '2020-10-15 10:24:34'),
(19, 17, 3, 1, '2020-10-15 10:23:17', '2020-10-15 10:23:17'),
(20, 17, 4, 1, '2020-10-15 10:23:47', '2020-10-15 10:30:24'),
(21, 18, 4, 1, '2020-10-15 10:49:42', '2020-10-15 10:49:42'),
(22, 19, 2, 4, '2020-10-15 10:51:19', '2020-10-15 10:52:18'),
(23, 19, 3, 1, '2020-10-15 10:51:35', '2020-10-15 10:51:35'),
(24, 20, 2, 5, '2020-10-15 10:55:31', '2020-10-15 10:58:31'),
(25, 20, 3, 2, '2020-10-15 10:56:10', '2020-10-15 10:58:36'),
(26, 20, 4, 1, '2020-10-15 10:56:59', '2020-10-15 10:56:59'),
(27, 21, 3, 2, '2020-10-15 11:00:00', '2020-10-15 11:00:16'),
(28, 21, 2, 1, '2020-10-15 11:00:11', '2020-10-15 11:00:11'),
(29, 21, 4, 1, '2020-10-15 11:00:26', '2020-10-15 11:00:26'),
(30, 22, 3, 2, '2020-10-15 11:04:20', '2020-10-15 11:04:38'),
(31, 22, 4, 1, '2020-10-15 11:04:34', '2020-10-15 11:04:34'),
(32, 23, 4, 1, '2020-10-15 11:06:55', '2020-10-15 11:06:55'),
(33, 24, 3, 2, '2020-10-15 11:08:38', '2020-10-15 11:08:57'),
(34, 24, 4, 1, '2020-10-15 11:08:53', '2020-10-15 11:08:53'),
(35, 25, 2, 1, '2020-10-15 11:12:28', '2020-10-15 11:13:37'),
(36, 25, 3, 1, '2020-10-15 11:12:54', '2020-10-15 11:12:54'),
(39, 26, 4, 2, '2020-10-15 11:14:50', '2020-10-16 09:53:44'),
(41, 28, 4, 1, '2020-10-15 11:25:53', '2020-10-15 11:26:19'),
(43, 30, 4, 1, '2020-10-15 11:35:42', '2020-10-15 11:36:06'),
(44, 30, 3, 2, '2020-10-15 11:35:55', '2020-10-15 11:36:14'),
(45, 30, 2, 1, '2020-10-15 11:36:09', '2020-10-15 11:36:09'),
(46, 31, 4, 1, '2020-10-15 11:38:22', '2020-10-15 11:38:22'),
(49, 32, 4, 1, '2020-10-15 11:43:28', '2020-10-15 11:47:24'),
(50, 33, 2, 1, '2020-10-15 11:48:24', '2020-10-15 11:48:53'),
(51, 34, 2, 1, '2020-10-15 11:50:56', '2020-10-15 11:50:56'),
(52, 35, 2, 2, '2020-10-15 11:58:10', '2020-10-15 12:07:57'),
(53, 35, 3, 0, '2020-10-15 12:07:45', '2020-10-15 12:07:45'),
(54, 36, 2, 0, '2020-10-15 12:16:02', '2020-10-15 12:16:02'),
(55, 36, 3, 0, '2020-10-15 12:16:11', '2020-10-15 12:16:11'),
(56, 36, 4, 2, '2020-10-15 12:16:17', '2020-10-15 12:23:05'),
(57, 37, 2, 0, '2020-10-15 12:28:45', '2020-10-15 12:28:45'),
(58, 37, 3, 0, '2020-10-15 12:28:50', '2020-10-15 12:28:50'),
(60, 38, 2, 1, '2020-10-15 12:30:29', '2020-10-15 12:30:29'),
(61, 38, 3, 1, '2020-10-15 12:30:33', '2020-10-15 12:30:33'),
(62, 38, 4, 1, '2020-10-15 12:30:38', '2020-10-15 12:30:38'),
(63, 39, 2, 1, '2020-10-15 12:31:48', '2020-10-15 12:31:48'),
(65, 39, 4, 5, '2020-10-15 12:32:00', '2020-10-15 12:36:05'),
(67, 40, 2, 1, '2020-10-15 12:38:04', '2020-10-15 12:38:04'),
(68, 41, 2, 1, '2020-10-15 17:20:57', '2020-10-15 17:20:57'),
(69, 42, 2, 2, '2020-10-15 17:39:31', '2020-10-15 17:39:38'),
(70, 43, 2, 2, '2020-10-16 10:10:33', '2020-10-16 10:10:40'),
(71, 43, 3, 4, '2020-10-16 10:10:45', '2020-10-16 10:10:50'),
(72, 43, 4, 6, '2020-10-16 10:10:57', '2020-10-16 10:11:03'),
(73, 44, 2, 7, '2020-10-16 10:13:58', '2020-10-16 10:14:01'),
(74, 44, 4, 1, '2020-10-16 10:14:23', '2020-10-16 10:14:23'),
(75, 44, 3, 4, '2020-10-16 10:14:29', '2020-10-16 10:14:45'),
(76, 45, 2, 1, '2020-10-16 10:24:04', '2020-10-16 10:24:04'),
(77, 45, 3, 1, '2020-10-16 10:24:12', '2020-10-16 10:24:12'),
(78, 46, 2, 1, '2020-10-16 10:35:21', '2020-10-16 10:35:21'),
(79, 47, 3, 1, '2020-10-16 10:42:31', '2020-10-16 10:42:31'),
(80, 48, 2, 1, '2020-10-16 10:51:57', '2020-10-16 10:51:57'),
(81, 49, 2, 1, '2020-10-16 11:01:00', '2020-10-16 11:01:00'),
(82, 50, 2, 2, '2020-10-16 11:08:24', '2020-10-16 11:08:35'),
(83, 51, 3, 1, '2020-10-16 11:15:27', '2020-10-16 11:15:27'),
(84, 52, 2, 2, '2020-10-16 11:42:21', '2020-10-16 11:42:25'),
(85, 53, 2, 1, '2020-10-16 11:53:05', '2020-10-16 11:53:05'),
(86, 54, 2, 1, '2020-10-16 12:01:58', '2020-10-16 12:01:58'),
(87, 55, 2, 1, '2020-10-16 12:09:32', '2020-10-16 12:09:32'),
(88, 56, 2, 1, '2020-10-16 12:31:41', '2020-10-16 12:31:41'),
(89, 57, 2, 3, '2020-10-16 13:59:12', '2020-10-16 13:59:15'),
(90, 57, 3, 1, '2020-10-16 13:59:54', '2020-10-16 13:59:54'),
(91, 58, 2, 4, '2020-10-16 14:01:58', '2020-10-16 14:02:24'),
(92, 58, 5, 1, '2020-10-16 14:29:49', '2020-10-16 14:29:49'),
(93, 59, 5, 1, '2020-10-17 10:27:41', '2020-10-17 10:27:41'),
(94, 60, 5, 1, '2020-10-17 10:37:08', '2020-10-19 05:55:53'),
(95, 60, 2, 1, '2020-10-17 11:01:39', '2020-10-22 07:20:28'),
(96, 60, 3, 1, '2020-10-17 11:01:55', '2020-10-19 18:08:28'),
(97, 61, 2, 4, '2020-10-17 11:27:56', '2020-10-17 11:58:20'),
(98, 62, 2, 1, '2020-10-17 11:50:03', '2020-10-17 11:50:03'),
(99, 63, 2, 1, '2020-10-17 12:22:17', '2020-10-17 12:22:17'),
(100, 64, 2, 1, '2020-10-17 12:24:18', '2020-10-17 12:24:18'),
(101, 65, 2, 1, '2020-10-17 12:25:56', '2020-10-17 12:25:56'),
(102, 66, 2, 1, '2020-10-17 20:25:20', '2020-10-17 20:25:20'),
(103, 67, 2, 1, '2020-10-18 06:46:50', '2020-10-18 06:46:50'),
(104, 68, 3, 1, '2020-10-18 10:15:07', '2020-10-18 10:15:07'),
(105, 69, 3, 1, '2020-10-18 10:22:03', '2020-10-18 10:22:03'),
(106, 70, 2, 2, '2020-10-18 10:29:00', '2020-10-19 06:02:49'),
(107, 70, 3, 1, '2020-10-19 06:00:54', '2020-10-19 06:00:54'),
(108, 70, 4, 1, '2020-10-19 06:00:59', '2020-10-19 06:00:59'),
(109, 60, 4, 3, '2020-10-19 06:04:16', '2020-10-19 17:23:11'),
(110, 71, 2, 1, '2020-10-19 11:26:04', '2020-10-19 12:25:38'),
(111, 72, 2, 1, '2020-10-20 08:28:04', '2020-10-20 08:28:04'),
(112, 72, 3, 1, '2020-10-20 08:29:01', '2020-10-20 08:29:01'),
(113, 73, 2, 1, '2020-10-20 08:31:21', '2020-10-20 08:31:21'),
(114, 74, 2, 1, '2020-10-20 08:38:15', '2020-10-20 08:38:15'),
(115, 75, 2, 2, '2020-10-20 08:52:27', '2020-10-20 08:52:31'),
(116, 75, 3, 1, '2020-10-20 08:52:37', '2020-10-20 08:52:37'),
(117, 76, 2, 2, '2020-10-20 08:59:07', '2020-10-20 08:59:20'),
(118, 76, 3, 1, '2020-10-20 08:59:18', '2020-10-20 08:59:18'),
(119, 77, 2, 1, '2020-10-20 09:14:53', '2020-10-20 09:14:53'),
(120, 78, 2, 1, '2020-10-21 18:47:21', '2020-10-21 18:47:21'),
(121, 79, 2, 1, '2020-10-22 07:23:28', '2020-10-22 07:23:28'),
(122, 80, 2, 1, '2020-10-22 07:26:22', '2020-10-22 07:28:43'),
(123, 80, 14, 1, '2020-10-22 14:37:36', '2020-10-22 14:37:36'),
(124, 81, 14, 1, '2020-10-22 14:38:06', '2020-10-22 14:38:06'),
(125, 82, 14, 2, '2020-10-22 14:38:39', '2020-10-22 14:39:45'),
(126, 83, 18, 2, '2020-10-25 06:12:32', '2020-10-25 06:12:36'),
(127, 84, 18, 3, '2020-10-25 06:14:45', '2020-10-25 06:14:57'),
(128, 85, 18, 4, '2020-10-27 05:39:43', '2020-10-27 05:40:42'),
(131, 87, 40, 1, '2020-10-27 13:50:34', '2020-10-27 13:50:34'),
(132, 88, 41, 1, '2020-10-27 13:50:37', '2020-10-27 13:50:37'),
(133, 89, 16, 3, '2020-10-27 18:04:20', '2020-10-27 18:04:33'),
(134, 90, 18, 1, '2020-10-27 20:00:38', '2020-10-27 20:00:38'),
(135, 91, 16, 5, '2020-10-27 20:02:03', '2020-10-27 20:20:34'),
(136, 89, 19, 1, '2020-10-28 07:28:37', '2020-10-28 07:28:37'),
(137, 91, 19, 1, '2020-10-28 08:13:09', '2020-10-28 08:13:09'),
(138, 91, 47, 1, '2020-10-28 08:33:58', '2020-10-28 08:33:58');

-- --------------------------------------------------------

--
-- Table structure for table `categories`
--

CREATE TABLE `categories` (
  `id` int(10) UNSIGNED NOT NULL,
  `position` int(11) NOT NULL DEFAULT '0',
  `status` int(11) NOT NULL DEFAULT '1',
  `parent_id` int(10) UNSIGNED DEFAULT NULL,
  `created_at` timestamp NULL DEFAULT NULL,
  `updated_at` timestamp NULL DEFAULT NULL,
  `remark` longtext
) ENGINE=InnoDB DEFAULT CHARSET=latin1;

--
-- Dumping data for table `categories`
--

INSERT INTO `categories` (`id`, `position`, `status`, `parent_id`, `created_at`, `updated_at`, `remark`) VALUES
(1, 0, 0, NULL, NULL, '2020-10-08 18:48:48', NULL),
(2, 0, 1, NULL, '2020-10-08 19:38:13', '2020-10-08 19:38:13', NULL),
(3, 0, 1, NULL, '2020-10-08 19:38:45', '2020-10-08 19:38:45', NULL),
(4, 0, 1, 2, '2020-10-09 14:55:35', '2020-10-09 14:55:35', NULL),
(5, 0, 1, 2, '2020-10-09 15:07:16', '2020-10-09 15:07:16', NULL),
(6, 0, 1, 2, '2020-10-09 15:17:07', '2020-10-09 15:17:07', NULL),
(7, 0, 1, 3, '2020-10-16 21:42:05', '2020-10-16 21:42:05', NULL),
(8, 0, 1, 2, '2020-10-22 18:08:37', '2020-10-22 18:08:37', NULL),
(9, 0, 1, 2, '2020-10-22 18:43:28', '2020-10-22 18:43:28', NULL),
(10, 0, 1, 3, '2020-10-27 16:18:42', '2020-10-27 16:18:42', NULL),
(11, 0, 1, 3, '2020-10-27 18:35:44', '2020-10-27 18:35:44', NULL),
(12, 0, 1, 3, '2020-10-27 19:37:57', '2020-10-27 19:37:57', NULL),
(13, 0, 1, 3, '2020-10-27 20:22:33', '2020-10-27 20:22:33', NULL),
(14, 0, 1, 3, '2020-10-28 13:29:39', '2020-10-28 13:29:39', NULL),
(15, 0, 1, 3, '2020-10-28 17:13:00', '2020-10-28 17:13:00', NULL);

-- --------------------------------------------------------

--
-- Table structure for table `category_details`
--

CREATE TABLE `category_details` (
  `id` int(10) UNSIGNED NOT NULL,
  `name` text COLLATE utf8mb4_unicode_ci NOT NULL,
  `category_image` varchar(150) COLLATE utf8mb4_unicode_ci DEFAULT NULL,
  `slug` varchar(191) COLLATE utf8mb4_unicode_ci NOT NULL,
  `description` text COLLATE utf8mb4_unicode_ci,
  `meta_title` text COLLATE utf8mb4_unicode_ci,
  `meta_description` text COLLATE utf8mb4_unicode_ci,
  `meta_keywords` text COLLATE utf8mb4_unicode_ci,
  `category_id` int(10) UNSIGNED NOT NULL,
  `created_at` datetime DEFAULT NULL,
  `updated_at` datetime DEFAULT NULL
) ENGINE=InnoDB DEFAULT CHARSET=utf8mb4 COLLATE=utf8mb4_unicode_ci ROW_FORMAT=COMPACT;

--
-- Dumping data for table `category_details`
--

INSERT INTO `category_details` (`id`, `name`, `category_image`, `slug`, `description`, `meta_title`, `meta_description`, `meta_keywords`, `category_id`, `created_at`, `updated_at`) VALUES
(1, 'Food', NULL, '', NULL, NULL, NULL, NULL, 1, NULL, NULL),
(2, 'Restaurant', '/uploads/category/1602160690.restaurant.jpg', 'Restaurant', 'Restaurant', 'Restaurant', 'Restaurant', 'Restaurant', 2, '2020-10-08 12:38:13', '2020-10-08 12:38:13'),
(3, 'Grocery', '/uploads/category/1602160722.grocery.jpg', 'Grocery', 'Grocery', 'Grocery', 'Grocery', 'Grocery', 3, '2020-10-08 12:38:45', '2020-10-08 12:38:45'),
(4, 'Chinese', '/uploads/category/1602230128.noodles.jpg', 'Chinese', 'Chinese', 'Chinese', 'Chinese', 'Chinese', 4, '2020-10-09 07:55:35', '2020-10-09 07:55:35'),
(5, 'South Indian', '/uploads/category/1602230820.south_indian.jpg', 'South Indian', 'South Indian', 'South Indian', 'South Indian', 'South Indian', 5, '2020-10-09 08:07:16', '2020-10-09 08:07:16'),
(6, 'Biryani', '/uploads/category/1602231423.Biryani.jpg', 'Biryani', 'Biryani', 'Biryani', 'Biryani', 'Biryani', 6, '2020-10-09 08:17:07', '2020-10-09 08:17:07'),
(7, 'OIL', '/uploads/category/1602859320.ajp.sport.jpg', 'OIL', 'OIL', 'OIL', 'OIL', 'OIL', 7, '2020-10-16 14:42:05', '2020-10-16 14:42:05'),
(8, 'Roll', '/uploads/category/1603364911.bhuna-chicken-roll-add.jpg', 'Roll', 'provide a best roll in your hand . \ntouches tikka chicken, double egg, everything you need with a super safety guideline.', 'roll', 'roll', 'egg roll, chicken roll,egg roll, paneer roll,', 8, '2020-10-22 11:08:37', '2020-10-22 11:08:37'),
(9, 'Chowmin', '/uploads/category/1603367005.bon-vivant-qom5MPOER-I-unsplash_-_Copy.jpg', 'Chowmin', 'whatever you like noodles gravy to plain \negg to chicken to prawn in your hand . order now.', 'Chowmin', 'chowmin', 'egg chow, veg chow,chicken chow,gravy chow,', 9, '2020-10-22 11:43:28', '2020-10-22 11:43:28'),
(10, 'pulses', '/uploads/category/1603790314.main_pulses.jpg', 'pulses', 'good pulses deliver your hand. \nIn your Door Step', 'pulses', 'pulses like moogh dal,dal, ata etc', 'yellow moong Dal , dal,Moong Dal, Ata,', 10, '2020-10-27 09:18:42', '2020-10-27 09:18:42'),
(11, 'Tea / Coffee / Health Drink', '/uploads/category/1603798539.tea_and_cofee.jpg', 'Tea / Coffee / Health Drink', 'Be prepare for your nest day', 'Tea And Coffee', 'Tea coffee health drinkl like bornvita horlicks complan etc', 'Tea, coffe , bornvita, complan, health drink,', 11, '2020-10-27 11:35:44', '2020-10-27 12:18:19'),
(12, 'Cold Drinks', '/uploads/category/1603802275.delicious-taste-cold-drinks-914.jpg', 'Cold Drinks', 'Any Type Of Cold Drinks In Your Hand', 'cold drinks', 'Cold Drinks', 'cold drinks,  cocacola, thumpsup, maza, soft drinks,', 12, '2020-10-27 12:37:57', '2020-10-27 12:37:57'),
(13, 'VEGETABLE', '/uploads/category/1603804946.freshvegetablesAlexRaths-4c1ea186a88e4fd7b95283eee614600c.jpg', 'VEGETABLE', 'Vegetable', 'vegetable', 'vegetable', 'potato, vegetable,  onion, baby potato,  adrak, giger', 13, '2020-10-27 13:22:33', '2020-10-27 13:22:33'),
(14, 'BreakFast And Dairy Product', '/uploads/category/1603866553.dairy_product.jpg', 'BreakFast And Dairy Product', 'milk, butter, paneer,', 'BreakFast And Dairy Product', 'milk, butter, panee', 'milk, butter, panee', 14, '2020-10-28 06:29:39', '2020-10-28 06:33:22'),
(15, 'personal care', '/uploads/category/1603879973.scrnli_10_28_2020_3-41-52_PM.png', 'personal care', 'nourished your skin every moment with pour genuine product.', 'personal care', 'personal care', 'personal care, cream, body lotion,  baby oil, body oil, soap, shampoo,', 15, '2020-10-28 10:13:00', '2020-10-28 10:13:00');

-- --------------------------------------------------------

--
-- Table structure for table `failed_jobs`
--

CREATE TABLE `failed_jobs` (
  `id` bigint(20) UNSIGNED NOT NULL,
  `connection` text COLLATE utf8mb4_unicode_ci NOT NULL,
  `queue` text COLLATE utf8mb4_unicode_ci NOT NULL,
  `payload` longtext COLLATE utf8mb4_unicode_ci NOT NULL,
  `exception` longtext COLLATE utf8mb4_unicode_ci NOT NULL,
  `failed_at` timestamp NOT NULL DEFAULT CURRENT_TIMESTAMP
) ENGINE=MyISAM DEFAULT CHARSET=utf8mb4 COLLATE=utf8mb4_unicode_ci;

-- --------------------------------------------------------

--
-- Table structure for table `home_screen_categories`
--

CREATE TABLE `home_screen_categories` (
  `id` int(11) NOT NULL,
  `sku_id` int(11) NOT NULL,
  `type` varchar(100) NOT NULL,
  `created_at` datetime DEFAULT NULL,
  `updated_at` datetime DEFAULT NULL
) ENGINE=InnoDB DEFAULT CHARSET=latin1;

-- --------------------------------------------------------

--
-- Table structure for table `item_added_history`
--

CREATE TABLE `item_added_history` (
  `id` int(11) NOT NULL,
  `sku_id` int(11) NOT NULL,
  `quantity` int(11) NOT NULL,
  `created_at` datetime DEFAULT NULL,
  `updated_at` datetime DEFAULT NULL
) ENGINE=InnoDB DEFAULT CHARSET=latin1;

--
-- Dumping data for table `item_added_history`
--

INSERT INTO `item_added_history` (`id`, `sku_id`, `quantity`, `created_at`, `updated_at`) VALUES
(1, 1, 10, '2020-10-10 09:16:10', '2020-10-10 09:16:10'),
(2, 2, 1, '2020-10-11 06:01:10', '2020-10-11 06:01:10'),
(3, 3, 1, '2020-10-11 06:28:32', '2020-10-11 06:28:32'),
(4, 4, 10, '2020-10-12 14:35:34', '2020-10-12 14:35:34'),
(5, 5, 10, '2020-10-16 14:29:08', '2020-10-16 14:29:08'),
(6, 6, 10, '2020-10-16 14:40:48', '2020-10-16 14:40:48'),
(7, 7, 5, '2020-10-21 12:58:08', '2020-10-21 12:58:08'),
(8, 8, 1, '2020-10-22 08:57:56', '2020-10-22 08:57:56'),
(9, 9, 1, '2020-10-22 11:17:36', '2020-10-22 11:17:36'),
(10, 10, 1, '2020-10-22 11:24:09', '2020-10-22 11:24:09'),
(11, 11, 1, '2020-10-22 11:26:15', '2020-10-22 11:26:15'),
(12, 12, 1, '2020-10-22 11:28:51', '2020-10-22 11:28:51'),
(13, 13, 1, '2020-10-22 11:31:43', '2020-10-22 11:31:43'),
(14, 14, 10, '2020-10-22 14:14:50', '2020-10-22 14:14:50'),
(15, 15, 50, '2020-10-22 14:53:47', '2020-10-22 14:53:47'),
(16, 16, 10, '2020-10-24 18:56:28', '2020-10-24 18:56:28'),
(17, 17, 10, '2020-10-25 06:08:22', '2020-10-25 06:08:22'),
(18, 18, 10, '2020-10-25 06:11:56', '2020-10-25 06:11:56'),
(19, 19, 1, '2020-10-27 08:56:13', '2020-10-27 08:56:13'),
(20, 20, 1, '2020-10-27 10:23:12', '2020-10-27 10:23:12'),
(21, 21, 1, '2020-10-27 10:41:13', '2020-10-27 10:41:13'),
(22, 22, 1, '2020-10-27 10:47:06', '2020-10-27 10:47:06'),
(23, 23, 1, '2020-10-27 11:29:43', '2020-10-27 11:29:43'),
(24, 24, 1, '2020-10-27 11:42:03', '2020-10-27 11:42:03'),
(25, 25, 1, '2020-10-27 11:46:52', '2020-10-27 11:46:52'),
(26, 26, 1, '2020-10-27 11:51:00', '2020-10-27 11:51:00'),
(27, 27, 1, '2020-10-27 11:56:45', '2020-10-27 11:56:45'),
(28, 28, 2, '2020-10-27 12:22:22', '2020-10-27 12:22:22'),
(29, 29, 2, '2020-10-27 12:27:31', '2020-10-27 12:27:31'),
(30, 30, 1, '2020-10-27 12:41:32', '2020-10-27 12:41:32'),
(31, 31, 1, '2020-10-27 12:44:14', '2020-10-27 12:44:14'),
(32, 32, 10, '2020-10-27 12:54:41', '2020-10-27 12:54:41'),
(33, 33, 1, '2020-10-27 13:00:26', '2020-10-27 13:00:26'),
(34, 34, 1, '2020-10-27 13:02:41', '2020-10-27 13:02:41'),
(35, 35, 2, '2020-10-27 13:05:38', '2020-10-27 13:05:38'),
(36, 36, 1, '2020-10-27 13:10:30', '2020-10-27 13:10:30'),
(37, 37, 1, '2020-10-27 13:24:53', '2020-10-27 13:24:53'),
(38, 38, 1, '2020-10-27 13:27:00', '2020-10-27 13:27:00'),
(39, 39, 1, '2020-10-27 13:30:44', '2020-10-27 13:30:44'),
(40, 40, 1, '2020-10-27 13:33:49', '2020-10-27 13:33:49'),
(41, 41, 1, '2020-10-27 13:35:44', '2020-10-27 13:35:44'),
(42, 42, 1, '2020-10-28 06:40:42', '2020-10-28 06:40:42'),
(43, 43, 1, '2020-10-28 06:45:56', '2020-10-28 06:45:56'),
(44, 44, 1, '2020-10-28 07:08:27', '2020-10-28 07:08:27'),
(45, 45, 1, '2020-10-28 08:22:57', '2020-10-28 08:22:57'),
(46, 46, 1, '2020-10-28 08:32:48', '2020-10-28 08:32:48'),
(47, 47, 10, '2020-10-28 08:33:33', '2020-10-28 08:33:33'),
(48, 48, 1, '2020-10-28 08:44:46', '2020-10-28 08:44:46'),
(49, 49, 2, '2020-10-28 08:47:43', '2020-10-28 08:47:43'),
(50, 50, 1, '2020-10-28 08:54:43', '2020-10-28 08:54:43'),
(51, 51, 1, '2020-10-28 08:58:18', '2020-10-28 08:58:18'),
(52, 52, 1, '2020-10-28 09:09:45', '2020-10-28 09:09:45'),
(53, 53, 1, '2020-10-28 11:04:54', '2020-10-28 11:04:54'),
(54, 54, 1, '2020-10-28 11:07:35', '2020-10-28 11:07:35'),
(55, 55, 3, '2020-10-28 11:09:45', '2020-10-28 11:09:45'),
(56, 56, 3, '2020-10-28 11:38:29', '2020-10-28 11:38:29'),
(57, 57, 1, '2020-10-28 11:41:02', '2020-10-28 11:41:02'),
(58, 58, 1, '2020-10-28 11:44:26', '2020-10-28 11:44:26'),
(59, 59, 1, '2020-10-28 11:46:55', '2020-10-28 11:46:55'),
(60, 60, 1, '2020-10-28 11:49:56', '2020-10-28 11:49:56'),
(61, 61, 2, '2020-10-28 11:54:25', '2020-10-28 11:54:25'),
(62, 62, 1, '2020-10-28 11:58:27', '2020-10-28 11:58:27'),
(63, 63, 1, '2020-10-28 12:01:31', '2020-10-28 12:01:31'),
(64, 64, 6, '2020-10-28 12:14:43', '2020-10-28 12:14:43');

-- --------------------------------------------------------

--
-- Table structure for table `item_sold_history`
--

CREATE TABLE `item_sold_history` (
  `id` int(11) NOT NULL,
  `sku_id` int(11) NOT NULL,
  `quantity` int(11) NOT NULL,
  `sold_at` int(11) NOT NULL
) ENGINE=InnoDB DEFAULT CHARSET=latin1;

-- --------------------------------------------------------

--
-- Table structure for table `location`
--

CREATE TABLE `location` (
  `transid` varchar(200) NOT NULL,
  `longitude` varchar(100) DEFAULT NULL,
  `latitude` varchar(100) DEFAULT NULL,
  `created_at` datetime DEFAULT NULL,
  `updated_at` datetime DEFAULT NULL
) ENGINE=MyISAM DEFAULT CHARSET=latin1;

--
-- Dumping data for table `location`
--

INSERT INTO `location` (`transid`, `longitude`, `latitude`, `created_at`, `updated_at`) VALUES
('TXN1603349342920032', '88.40662032365799', '22.66358558088541', '2020-10-22 08:02:31', '2020-10-22 08:02:51'),
('TXN1603377605765514', '0.0', '0.0', '2020-10-24 09:20:10', '2020-10-24 09:20:10');

-- --------------------------------------------------------

--
-- Table structure for table `manufacturer`
--

CREATE TABLE `manufacturer` (
  `id` int(11) UNSIGNED NOT NULL,
  `name` varchar(100) NOT NULL,
  `logo` varchar(100) DEFAULT NULL
) ENGINE=InnoDB DEFAULT CHARSET=latin1;

-- --------------------------------------------------------

--
-- Table structure for table `menu`
--

CREATE TABLE `menu` (
  `id` int(11) NOT NULL,
  `parent_category` varchar(100) NOT NULL,
  `sub_category` varchar(100) NOT NULL,
  `category_image` varchar(150) DEFAULT NULL,
  `parent_cat_id` int(11) NOT NULL,
  `category_id` int(11) NOT NULL,
  `created_at` datetime DEFAULT NULL,
  `updated_at` datetime DEFAULT NULL
) ENGINE=MyISAM DEFAULT CHARSET=latin1;

--
-- Dumping data for table `menu`
--

INSERT INTO `menu` (`id`, `parent_category`, `sub_category`, `category_image`, `parent_cat_id`, `category_id`, `created_at`, `updated_at`) VALUES
(1, 'Restaurant', 'Chinese', '/uploads/category/1602230128.noodles.jpg', 2, 4, '2020-10-09 07:55:35', '2020-10-09 07:55:35'),
(2, 'Restaurant', 'South Indian', '/uploads/category/1602230820.south_indian.jpg', 2, 5, '2020-10-09 08:07:16', '2020-10-09 08:07:16'),
(3, 'Restaurant', 'Biryani', '/uploads/category/1602231423.Biryani.jpg', 2, 6, '2020-10-09 08:17:07', '2020-10-09 08:17:07'),
(4, 'Grocery', 'OIL', '/uploads/category/1602859320.ajp.sport.jpg', 3, 7, '2020-10-16 14:42:05', '2020-10-16 14:42:05'),
(5, 'Restaurant', 'Roll', '/uploads/category/1603364911.bhuna-chicken-roll-add.jpg', 2, 8, '2020-10-22 11:08:37', '2020-10-22 11:08:37'),
(6, 'Restaurant', 'Chowmin', '/uploads/category/1603367005.bon-vivant-qom5MPOER-I-unsplash_-_Copy.jpg', 2, 9, '2020-10-22 11:43:28', '2020-10-22 11:43:28'),
(7, 'Grocery', 'pulses', '/uploads/category/1603790314.main_pulses.jpg', 3, 10, '2020-10-27 09:18:42', '2020-10-27 09:18:42'),
(8, 'Grocery', 'Tea / Cofee', '/uploads/category/1603798539.tea_and_cofee.jpg', 3, 11, '2020-10-27 11:35:44', '2020-10-27 11:35:44'),
(9, 'Grocery', 'Cold Drinks', '/uploads/category/1603802275.delicious-taste-cold-drinks-914.jpg', 3, 12, '2020-10-27 12:37:57', '2020-10-27 12:37:57'),
(10, 'Grocery', 'VEGETABLE', '/uploads/category/1603804946.freshvegetablesAlexRaths-4c1ea186a88e4fd7b95283eee614600c.jpg', 3, 13, '2020-10-27 13:22:33', '2020-10-27 13:22:33'),
(11, 'Grocery', 'Milk And Dairy Product', '/uploads/category/1603866553.dairy_product.jpg', 3, 14, '2020-10-28 06:29:39', '2020-10-28 06:29:39'),
(12, 'Grocery', 'personal care', '/uploads/category/1603879973.scrnli_10_28_2020_3-41-52_PM.png', 3, 15, '2020-10-28 10:13:00', '2020-10-28 10:13:00');

-- --------------------------------------------------------

--
-- Table structure for table `migrations`
--

CREATE TABLE `migrations` (
  `id` int(10) UNSIGNED NOT NULL,
  `migration` varchar(255) COLLATE utf8mb4_unicode_ci NOT NULL,
  `batch` int(11) NOT NULL
) ENGINE=MyISAM DEFAULT CHARSET=utf8mb4 COLLATE=utf8mb4_unicode_ci;

--
-- Dumping data for table `migrations`
--

INSERT INTO `migrations` (`id`, `migration`, `batch`) VALUES
(1, '2014_10_12_000000_create_users_table', 1),
(2, '2016_06_01_000001_create_oauth_auth_codes_table', 1),
(3, '2016_06_01_000002_create_oauth_access_tokens_table', 1),
(4, '2016_06_01_000003_create_oauth_refresh_tokens_table', 1),
(5, '2016_06_01_000004_create_oauth_clients_table', 1),
(6, '2016_06_01_000005_create_oauth_personal_access_clients_table', 1),
(7, '2019_08_19_000000_create_failed_jobs_table', 1);

-- --------------------------------------------------------

--
-- Table structure for table `oauth_access_tokens`
--

CREATE TABLE `oauth_access_tokens` (
  `id` varchar(100) COLLATE utf8mb4_unicode_ci NOT NULL,
  `user_id` bigint(20) UNSIGNED DEFAULT NULL,
  `client_id` bigint(20) UNSIGNED NOT NULL,
  `name` varchar(255) COLLATE utf8mb4_unicode_ci DEFAULT NULL,
  `scopes` text COLLATE utf8mb4_unicode_ci,
  `revoked` tinyint(1) NOT NULL,
  `created_at` timestamp NULL DEFAULT NULL,
  `updated_at` timestamp NULL DEFAULT NULL,
  `expires_at` datetime DEFAULT NULL
) ENGINE=MyISAM DEFAULT CHARSET=utf8mb4 COLLATE=utf8mb4_unicode_ci;

--
-- Dumping data for table `oauth_access_tokens`
--

INSERT INTO `oauth_access_tokens` (`id`, `user_id`, `client_id`, `name`, `scopes`, `revoked`, `created_at`, `updated_at`, `expires_at`) VALUES
('0a190e98fc40e8e2a69d46def3963d7aab98630d1492c163756128ce2e79c83fc6aecb14ddbc1d12', 1, 1, 'foodDeliveryApp', '[]', 0, '2020-06-20 08:02:55', '2020-06-20 08:02:55', '2021-06-20 13:32:55'),
('894094b415904bd539cbedaafd514ff124b465de3f1841e675b5c5a4dc3bfacf0b1e4455b1e0fc9a', 2, 1, 'foodDeliveryApp', '[]', 0, '2020-06-21 03:30:21', '2020-06-21 03:30:21', '2021-06-21 09:00:21'),
('13ff4734deb9dcbc0b5e8ebfe533512d3b7cd0f064d075eb78cd57a6fa508999d726122187b748af', 3, 1, 'foodDeliveryApp', '[]', 0, '2020-06-21 03:34:01', '2020-06-21 03:34:01', '2021-06-21 09:04:01'),
('6246d184ceaed1d194a94974a034485ba9f391b0c3113b00606dbee78211aec0c3e7bf4914d3c2af', 4, 1, 'foodDeliveryApp', '[]', 0, '2020-06-21 04:06:13', '2020-06-21 04:06:13', '2021-06-21 09:36:13'),
('0cb3d4844f8c39ccf258baac929bc46aece99c808f494742d0c585148e2d3e0b0fcdb02bbc3fda78', 5, 1, 'foodDeliveryApp', '[]', 0, '2020-06-21 04:08:54', '2020-06-21 04:08:54', '2021-06-21 09:38:54'),
('558c81f7a702d49df04462fa4c7bc6b7ea7315bc8ab7ffbe856691376b4fbcd6097fe7cd52bb3134', 11, 1, 'foodDeliveryApp', '[]', 0, '2020-06-21 04:37:06', '2020-06-21 04:37:06', '2021-06-21 10:07:06'),
('85c1c7ee35d276f7388c3a5fcd372d0fd6c2a1674cac0be44730ef47ead0578c0d57a40271b7506a', 12, 1, 'foodDeliveryApp', '[]', 0, '2020-06-21 04:37:43', '2020-06-21 04:37:43', '2021-06-21 10:07:43'),
('645ca225669a607434f2f365570cb927bab587d35321d585364f6016d4f1046b318f4df722c1a707', 1, 1, 'foodDeliveryApp', '[]', 0, '2020-06-23 18:03:39', '2020-06-23 18:03:39', '2021-06-23 11:03:39'),
('c9f2cefb02c783d80c20bf2e7594f660d66d705f3485e4860d14c6e54d5879ca8654c07a8fddea09', 2, 1, 'foodDeliveryApp', '[]', 0, '2020-06-23 19:03:02', '2020-06-23 19:03:02', '2021-06-23 12:03:02'),
('3a4475842a97bd3a5b8eb199c82c3ba89f3d16b1348f2a11e7e6005f36e5d99858977d759bf67a97', 3, 1, 'foodDeliveryApp', '[]', 0, '2020-06-23 22:13:16', '2020-06-23 22:13:16', '2021-06-23 15:13:16'),
('6f52b1e068ecaa1df5348678518f45c8aa2912812d304a82481bad3f35520b1bdffea3b5e90d0e67', 3, 1, 'foodDeliveryApp', '[]', 0, '2020-06-23 22:25:40', '2020-06-23 22:25:40', '2021-06-23 15:25:40'),
('65d2c270175a4333758d5e5b6d882ace3ecd6dfa7c7a7c187845e8b80b9e70713bf0aface0ef8f50', 4, 1, 'foodDeliveryApp', '[]', 0, '2020-06-23 22:28:53', '2020-06-23 22:28:53', '2021-06-23 15:28:53'),
('7c202bebe268bab9ddcf3902c8412fce9d9aea297a519a9b46933098470acfbad873d4acf836b316', 5, 1, 'foodDeliveryApp', '[]', 0, '2020-06-24 00:56:36', '2020-06-24 00:56:36', '2021-06-23 17:56:36'),
('fe5f459fe6b0f312d580ef224770cbeabe715ad96ba032400beddf057d794a5b44b11e715a67b808', 6, 1, 'foodDeliveryApp', '[]', 0, '2020-06-24 00:59:30', '2020-06-24 00:59:30', '2021-06-23 17:59:30'),
('b96b95bf3ab4ae761624f38f5c36aa0c84c4baf140b301b20b4232b5d523238c32fab8c45641ed9e', 7, 1, 'foodDeliveryApp', '[]', 0, '2020-06-24 01:19:56', '2020-06-24 01:19:56', '2021-06-23 18:19:56'),
('073e10c83c913d6181a0f30453f84d83067593e9dd6358787b3ccf8c27e138e33833235ad04fcaf3', 8, 1, 'foodDeliveryApp', '[]', 0, '2020-06-24 01:23:51', '2020-06-24 01:23:51', '2021-06-23 18:23:51'),
('6092f4160d6f17f8aec5441739ad253621652cd1e53e21f7ad6659c32cb101bdfcdecbb381c04c45', 9, 1, 'foodDeliveryApp', '[]', 0, '2020-06-24 01:50:05', '2020-06-24 01:50:05', '2021-06-23 18:50:05'),
('e1eea574db20c09ece40b83b7279e345b1cdae9cb5da10171d240589bf985f36df9e9c7055cd2a78', 9, 1, 'foodDeliveryApp', '[]', 0, '2020-06-24 01:51:42', '2020-06-24 01:51:42', '2021-06-23 18:51:42'),
('62f6d8369cfbfc7c55d83d14e22e2cefa42fac945c18bfd69b832f0f12a4fdb335f3946097a50897', 10, 1, 'foodDeliveryApp', '[]', 0, '2020-06-24 01:52:11', '2020-06-24 01:52:11', '2021-06-23 18:52:11'),
('743c3b67155964d97c1d836c6b4d116b0350a212711270b1ea7466431ce0bda2150b0c64aed55e1c', 11, 1, 'foodDeliveryApp', '[]', 0, '2020-06-24 01:59:11', '2020-06-24 01:59:11', '2021-06-23 18:59:11'),
('c49e009cf0fa5bc5a3c12f3fd3ba590b4996d2f79b0e2692d932339075bb74c271cf199d96cf420b', 11, 1, 'foodDeliveryApp', '[]', 0, '2020-06-24 02:00:19', '2020-06-24 02:00:19', '2021-06-23 19:00:19'),
('fdec4e578fc5b7b5f2612e5a6a75aeeae9bf42760dffbf5f6dadc332c4b8263115831e5d3df032ae', 11, 1, 'foodDeliveryApp', '[]', 0, '2020-06-24 10:31:20', '2020-06-24 10:31:20', '2021-06-24 03:31:20'),
('7ada495155678442abb600352303014f4911f308448c7f094cb439144bd1eca8c07bf98bfd61aee4', 11, 1, 'foodDeliveryApp', '[]', 0, '2020-06-24 12:19:44', '2020-06-24 12:19:44', '2021-06-24 05:19:44'),
('5e07173859499d0c6badccd2091214af6fb19d0fb7794eb79e65776708c64515fe4d07c8c8569e99', 11, 1, 'foodDeliveryApp', '[]', 0, '2020-06-24 12:20:44', '2020-06-24 12:20:44', '2021-06-24 05:20:44'),
('6c65557bf320dd6075e209fae8009da486d9725c7f31a911cbdd6e4e9a2ab872b61dccaae5d75d77', 11, 1, 'foodDeliveryApp', '[]', 0, '2020-06-24 12:24:22', '2020-06-24 12:24:22', '2021-06-24 05:24:22'),
('1b9c7c8616a8611598d7fcaf2fc8dfb7643fc3555da497793d1d76c1ab910b5737b396f7c894a60f', 11, 1, 'foodDeliveryApp', '[]', 0, '2020-06-24 12:26:22', '2020-06-24 12:26:22', '2021-06-24 05:26:22'),
('595e615c2a996592f0db81cf2b6074e31688485976b0925dd94987a3e64e953ad4bb9a272c28a0ab', 11, 1, 'foodDeliveryApp', '[]', 0, '2020-06-24 12:31:35', '2020-06-24 12:31:35', '2021-06-24 05:31:35'),
('02b80f93d8cf4328222420ca8ed6a36987cfbb4af1a18d911c90f55cb0c486192807fa2d47d4b3c9', 11, 1, 'foodDeliveryApp', '[]', 0, '2020-06-24 12:39:19', '2020-06-24 12:39:19', '2021-06-24 05:39:19'),
('ea06e393aec07a911cd5cd45fa2fcb52b1fad744377fdb3c2747682c52c3115f8485f70a80d42fa8', 11, 1, 'foodDeliveryApp', '[]', 0, '2020-06-24 12:51:44', '2020-06-24 12:51:44', '2021-06-24 05:51:44'),
('85e5cc7f49e31cb379341d1eb6a5767a9464c45031bb0cdab03bc0fc5653241e9bf149c58b9add80', 8, 1, 'foodDeliveryApp', '[]', 0, '2020-06-24 12:53:49', '2020-06-24 12:53:49', '2021-06-24 05:53:49'),
('2e64a8c34bbeaa1afddecbdf05db2e853cb3e0be721a7959471bbd3349cfbb345a8a19ae28233492', 11, 1, 'foodDeliveryApp', '[]', 0, '2020-06-24 13:06:29', '2020-06-24 13:06:29', '2021-06-24 06:06:29'),
('84269108b116b09e09c393c51e87d1f63f12a7599a0fbc7b07627041de077bfe5b6fef15a1b562bd', 11, 1, 'foodDeliveryApp', '[]', 0, '2020-06-24 13:08:43', '2020-06-24 13:08:43', '2021-06-24 06:08:43'),
('cbed58f396c5869d004522329b0109192ce7e68a02dc67786ad20b68d5e4e3b9fdb2ea4d3be17635', 11, 1, 'foodDeliveryApp', '[]', 0, '2020-06-24 13:10:58', '2020-06-24 13:10:58', '2021-06-24 06:10:58'),
('fb46d57bd179c756e10b7333b29c4ea3ae1682d6ce2af41b6e7334ad3013defd15cbdade94a5967f', 11, 1, 'foodDeliveryApp', '[]', 0, '2020-06-25 01:46:31', '2020-06-25 01:46:31', '2021-06-24 18:46:31'),
('9f9b5a9e287c76a83baae9ac4bbc4f8a9b23944badcfba161938649ca99818163efb030d14d85454', 11, 1, 'foodDeliveryApp', '[]', 0, '2020-06-25 01:46:41', '2020-06-25 01:46:41', '2021-06-24 18:46:41'),
('3621c4fb1cbe9f1c21a332135c8728cc377da1320793a39d06b0e83d7a857606f5d4e628c4fedbf2', 11, 1, 'foodDeliveryApp', '[]', 0, '2020-06-25 01:47:09', '2020-06-25 01:47:09', '2021-06-24 18:47:09'),
('a09b41bc4d473dfabff29257ccbaf51a08272eb6c8c20b31a76a4c415f99a40240f747c800e945cc', 11, 1, 'foodDeliveryApp', '[]', 0, '2020-06-25 01:52:49', '2020-06-25 01:52:49', '2021-06-24 18:52:49'),
('b47d25f0b7cd1a31ac3fdd08986db5893241f9af7f18a64cec204e6493f7846ea1b2a3e1ef4a1241', 11, 1, 'foodDeliveryApp', '[]', 0, '2020-06-25 01:55:30', '2020-06-25 01:55:30', '2021-06-24 18:55:30'),
('5f8fe290aa07b86a858dfd96e40baeed34d5383ded10eaf7e4f982256ae1b22a3fb2d10f9530abb2', 11, 1, 'foodDeliveryApp', '[]', 0, '2020-06-25 02:18:29', '2020-06-25 02:18:29', '2021-06-24 19:18:29'),
('0f8889f47e995af460102e679ef620e81958b8844a4661bd560f7c0f90716a2b6d9bdf3151a092aa', 11, 1, 'foodDeliveryApp', '[]', 0, '2020-06-25 02:18:33', '2020-06-25 02:18:33', '2021-06-24 19:18:33'),
('a1b35046c179e465fcdb19af28f78ee2b2702c013ad959ce7ad74a8b0497dfac018c464901764ec7', 12, 1, 'foodDeliveryApp', '[]', 0, '2020-06-25 12:08:55', '2020-06-25 12:08:55', '2021-06-25 05:08:55'),
('8a05d878c4b19c139af1deb3f01238796cbf72af97de88c954e67e7acfeceab0145b3e9031a0780c', 12, 1, 'foodDeliveryApp', '[]', 0, '2020-06-25 12:09:27', '2020-06-25 12:09:27', '2021-06-25 05:09:27'),
('f4bcf513954f3cfad050117b03c7b325e24682c3c1ec473b6886d16f07cce600c80049050ad39635', 13, 1, 'foodDeliveryApp', '[]', 0, '2020-06-25 12:22:52', '2020-06-25 12:22:52', '2021-06-25 05:22:52'),
('b47090403592067af50fe7655f719f286d829387ae70ebad679828c82a05441ec5859128b0f8124d', 14, 1, 'foodDeliveryApp', '[]', 0, '2020-06-25 16:44:03', '2020-06-25 16:44:03', '2021-06-25 09:44:03'),
('f9759d534a662c8da97442be339e64784f0facccb69dd249359def3901f886c152f1c778cb394554', 14, 1, 'foodDeliveryApp', '[]', 0, '2020-06-25 16:45:06', '2020-06-25 16:45:06', '2021-06-25 09:45:06'),
('7a01ea9c82bfa9754ab18f0501319246bcbadd32c6d979ebb2b98304e45d5ffe0d66f4a74654b8f6', 15, 1, 'foodDeliveryApp', '[]', 0, '2020-06-25 16:55:13', '2020-06-25 16:55:13', '2021-06-25 09:55:13'),
('fba9ee69859396f9264f42a36767214055e20f2971cf2a6dfb87ea15b76113bfc7208f4c7444fba9', 11, 1, 'foodDeliveryApp', '[]', 0, '2020-06-25 18:02:10', '2020-06-25 18:02:10', '2021-06-25 11:02:10'),
('56f3ab5f1272a5fcdd78a20e6a2a99cb69549bdfb73268d91c08627b36986c6983c325dff14a8a43', 11, 1, 'foodDeliveryApp', '[]', 0, '2020-06-25 18:02:19', '2020-06-25 18:02:19', '2021-06-25 11:02:19'),
('defb550f20a20dc815839d6e5d4d8feb07497ea2dd3c35dd41f87f52b1cd109032f3bde4209aa22d', 16, 1, 'foodDeliveryApp', '[]', 0, '2020-06-25 20:39:57', '2020-06-25 20:39:57', '2021-06-25 13:39:57'),
('2921459a629b01cae835b11a63271a492d37c639ec15ab46947f4ccefd90edc47a720a0d671161af', 15, 1, 'foodDeliveryApp', '[]', 0, '2020-06-25 20:49:19', '2020-06-25 20:49:19', '2021-06-25 13:49:19'),
('1f96140c1667ef627c1a453d1aca13d4af4490adefa2cdbb135dee4d61fda263d208681f2be3e7e6', 17, 1, 'foodDeliveryApp', '[]', 0, '2020-06-27 02:44:59', '2020-06-27 02:44:59', '2021-06-26 19:44:59'),
('f036862692df9077bba3ca1f4484e0a85f72775821436d43e0559c05f976367255998312b8efd269', 17, 1, 'foodDeliveryApp', '[]', 0, '2020-06-28 15:58:05', '2020-06-28 15:58:05', '2021-06-28 08:58:05'),
('0b561a0b826a7eb8a4477c3b0169051412c53de4f5b743236965be954db8b7dbaa296b4e285ed7c3', 17, 1, 'foodDeliveryApp', '[]', 0, '2020-06-28 15:59:14', '2020-06-28 15:59:14', '2021-06-28 08:59:14'),
('f34e4e73e0456c1aff7c824d14397ac508ea0fff1bbdef4d79369caa78a3b4ffbbe750fb8d05a579', 16, 1, 'foodDeliveryApp', '[]', 0, '2020-06-29 23:11:22', '2020-06-29 23:11:22', '2021-06-29 16:11:22'),
('68fb2652f9bc242e6d5d7e777a4d537f33c78b8179975afa3e0178cb44905d8d2373bfc174da3579', 17, 1, 'foodDeliveryApp', '[]', 0, '2020-06-29 23:19:04', '2020-06-29 23:19:04', '2021-06-29 16:19:04'),
('b494ee590f4b93553fcbe7adbd2b8cc509b76e348218a24eb7521f93eee9f7ef800b2b1b769e52ea', 17, 1, 'foodDeliveryApp', '[]', 0, '2020-06-30 00:48:01', '2020-06-30 00:48:01', '2021-06-29 17:48:01'),
('10e4c05d8a624146e2bf736451927aedea1ca0ac05038d144b80bd7228e7553105a2b274e007853e', 18, 1, 'foodDeliveryApp', '[]', 0, '2020-07-02 02:21:07', '2020-07-02 02:21:07', '2021-07-01 19:21:07'),
('d42b8c222bca3e989b442fd910c9514a46a1a95a578618c9f13c75a820367dfb25033bcf9fc20ba6', 21, 1, 'foodDeliveryApp', '[]', 0, '2020-07-02 23:28:04', '2020-07-02 23:28:04', '2021-07-02 16:28:04'),
('f78dc070c99085c836a360978c52fdeac05c89a0d22e134f27f63362900801bd0dcd2fb8b39a1d3b', 23, 1, 'foodDeliveryApp', '[]', 0, '2020-07-03 00:04:15', '2020-07-03 00:04:15', '2021-07-02 17:04:15'),
('9bda46655236c5612e527175dcc93506c5f33270466369a2142c137d2a24196c43f801f810864388', 24, 1, 'foodDeliveryApp', '[]', 0, '2020-07-03 00:16:00', '2020-07-03 00:16:00', '2021-07-02 17:16:00'),
('78c0c07b43ed4e1725a2a3ae342aa541136a95679722b3be1dfc1ba1b30d5feea62f9263ad1c01d4', 25, 1, 'foodDeliveryApp', '[]', 0, '2020-07-03 00:26:24', '2020-07-03 00:26:24', '2021-07-02 17:26:24'),
('80c9d709cb818573edb8f86bbd92504cd5a1bf13eac8d4bafc28a0abf86c81a642791560ef7265cf', 26, 1, 'foodDeliveryApp', '[]', 0, '2020-07-03 00:29:43', '2020-07-03 00:29:43', '2021-07-02 17:29:43'),
('3383570193b09419f8f227da33da454be83c962af2a9b1728c465142dc3e5c5b13ff1202b0440bae', 28, 1, 'foodDeliveryApp', '[]', 0, '2020-07-03 00:55:32', '2020-07-03 00:55:32', '2021-07-02 17:55:32'),
('425a17b8a1b9a63b059ccab15873c503e41a5351a19fdf23c0ce6addb25ef75d2a3485f800fc9e5e', 29, 1, 'foodDeliveryApp', '[]', 0, '2020-07-03 00:56:42', '2020-07-03 00:56:42', '2021-07-02 17:56:42'),
('00741ed4b3710c1cc1ef8e8e1c9cd5b41da4aa6b6ccdeca4e509c11b9d01de91d88648498c69b84d', 30, 1, 'foodDeliveryApp', '[]', 0, '2020-07-07 04:21:36', '2020-07-07 04:21:36', '2021-07-06 21:21:36'),
('5d97ed9aba5f27ab0b5f1e47dbc46758f79de7664aa8f70c284336437287e16317117ce754238e96', 31, 1, 'foodDeliveryApp', '[]', 0, '2020-07-07 04:28:46', '2020-07-07 04:28:46', '2021-07-06 21:28:46'),
('d4df321e8d456e431b81a96e7660afafb6a778c1fd74517686927617e1cd5000b72e17f1b98182da', 32, 1, 'foodDeliveryApp', '[]', 0, '2020-07-07 04:30:03', '2020-07-07 04:30:03', '2021-07-06 21:30:03'),
('10c7eb477061a5e4b42020dbb1fdde379605bed476a28c61e96b605189bc78792aa3cd8f5e60b8ea', 33, 1, 'foodDeliveryApp', '[]', 0, '2020-07-09 15:09:49', '2020-07-09 15:09:49', '2021-07-09 08:09:49'),
('0fb0fc71b86cce8b3a3c2f9736861885c10766f9a60dac5bb49ae540959fb32aa489882baec83311', 34, 1, 'foodDeliveryApp', '[]', 0, '2020-07-09 17:18:30', '2020-07-09 17:18:30', '2021-07-09 10:18:30'),
('e08e00b7a69671d9d3c8e5a5ba054d850779114d021bcf77718cec887fca01b7a24834cd5721f53e', 35, 1, 'foodDeliveryApp', '[]', 0, '2020-07-09 17:49:38', '2020-07-09 17:49:38', '2021-07-09 10:49:38'),
('9d852f259631ef15ac2bbdf7abeadc57598ff559eaa9e29c84789a45814e42e85ff10faf6b8bfd03', 36, 1, 'foodDeliveryApp', '[]', 0, '2020-07-09 19:14:38', '2020-07-09 19:14:38', '2021-07-09 12:14:38'),
('6dca647a63318bf5b16a198d026b1a884e35a57719b4727f651a9dfbb86c3b7218ba6295352b746f', 32, 1, 'foodDeliveryApp', '[]', 0, '2020-07-10 13:05:24', '2020-07-10 13:05:24', '2021-07-10 06:05:24'),
('1082adfa6f96249b0e0591f7954056228d4649e1126990032465adb062c11de683c9060cb26f92f7', 32, 1, 'foodDeliveryApp', '[]', 0, '2020-07-10 13:10:21', '2020-07-10 13:10:21', '2021-07-10 06:10:21'),
('6ee5996ea71ef364d432c4729eb451aa7f7c36da47f244ce53c8c70a85422d8cfd398a4a6ed22389', 32, 1, 'foodDeliveryApp', '[]', 0, '2020-07-10 17:20:14', '2020-07-10 17:20:14', '2021-07-10 10:20:14'),
('124956d7c327e98b5ceb8720ca232d8997ac41ac144bad1a8d6f62fec175cfc129888948b600caa3', 32, 1, 'foodDeliveryApp', '[]', 0, '2020-07-10 17:25:20', '2020-07-10 17:25:20', '2021-07-10 10:25:20'),
('6031af7ae65567f9cc24c5505024ae22ec1bee415a754641a87581dfc0308f45f2a94f97546c2c6f', 32, 1, 'foodDeliveryApp', '[]', 0, '2020-07-10 17:27:32', '2020-07-10 17:27:32', '2021-07-10 10:27:32'),
('259e5a05a5e5a0d0020310d2161ce20f997a75cbbfb21e76feb1061fbf92f667edeb75f632569770', 32, 1, 'foodDeliveryApp', '[]', 0, '2020-07-10 17:44:08', '2020-07-10 17:44:08', '2021-07-10 10:44:08'),
('98ac6301ac03e1cb1040a2741f4583039083a3fcd384eb97ce17d36b56b1a5f58a04fc40849944cd', 32, 1, 'foodDeliveryApp', '[]', 0, '2020-07-10 18:00:19', '2020-07-10 18:00:19', '2021-07-10 11:00:19'),
('ead5800f54a75886af0855c8261f51ac24cce21bbf605c826db0d40e275f5379426453e5fedc330f', 32, 1, 'foodDeliveryApp', '[]', 0, '2020-07-10 18:06:49', '2020-07-10 18:06:49', '2021-07-10 11:06:49'),
('e532de439eb31c4708130c322764433fadbd50c88d13717aeb2b9f2dcaebfb7a65233b89dbd3358b', 41, 1, 'foodDeliveryApp', '[]', 0, '2020-07-10 18:18:49', '2020-07-10 18:18:49', '2021-07-10 11:18:49'),
('908608989e93acf4b49e476052b47ed7cdee249ff8b86167649195ef364cd50f7752e03f3aa0a6df', 44, 1, 'foodDeliveryApp', '[]', 0, '2020-07-11 02:22:46', '2020-07-11 02:22:46', '2021-07-10 19:22:46'),
('1f0ae74ae1110e585a9072626d19240a0c5f90063e717dfb6273a5629609ce84f1ecadfebb167d3b', 45, 1, 'foodDeliveryApp', '[]', 0, '2020-07-11 02:41:45', '2020-07-11 02:41:45', '2021-07-10 19:41:45'),
('f03e28f6c3d104fdc8a9f7fbdadad90d932f1363d60e06a96947f428d5454ad0e4321da3700c34fc', 46, 1, 'foodDeliveryApp', '[]', 0, '2020-07-11 02:42:38', '2020-07-11 02:42:38', '2021-07-10 19:42:38'),
('c4d35e679ee47a883a584e1660efcb6389b744ba7d5531e27fa9d2c32aae71cb3acc854bf8493fb6', 47, 1, 'foodDeliveryApp', '[]', 0, '2020-07-11 02:45:04', '2020-07-11 02:45:04', '2021-07-10 19:45:04'),
('36c19c67ae3d2041af26b9b9767e6ddc126933cbdbc2e4714643b4ccc4289f1fcd1df0182d0a1a28', 48, 1, 'foodDeliveryApp', '[]', 0, '2020-07-11 02:45:46', '2020-07-11 02:45:46', '2021-07-10 19:45:46'),
('4fa2449709012de46c36f9722be1018e55a49ec8efbc5240fa4e0b8f7ea42bcfe86ec1978280b4e5', 49, 1, 'foodDeliveryApp', '[]', 0, '2020-07-11 02:46:04', '2020-07-11 02:46:04', '2021-07-10 19:46:04'),
('6cf84bb32bdc71e5f66970f7429776064e171adb4e3780059dc61df05f70c918d3402d25c4a529a1', 50, 1, 'foodDeliveryApp', '[]', 0, '2020-07-11 13:57:16', '2020-07-11 13:57:16', '2021-07-11 06:57:16'),
('25a6fbc1f4868c082a8ebb16eaef44f19a634b2bc59b21f83ff313ddafef17e6ec8a32ad617d1310', 51, 1, 'foodDeliveryApp', '[]', 0, '2020-07-11 13:58:10', '2020-07-11 13:58:10', '2021-07-11 06:58:10'),
('fe705e91af4388ce9465e798ac70f8ffa2cc85140b96c07abf63d24af1af399559c24ccc625a87c9', 52, 1, 'foodDeliveryApp', '[]', 0, '2020-07-11 13:58:55', '2020-07-11 13:58:55', '2021-07-11 06:58:55'),
('3521c9728b3478b7c78c7f630aaa05b44a362f134c5ac8379d198ac0c82a9a7922e63a597fab032d', 53, 1, 'foodDeliveryApp', '[]', 0, '2020-07-11 14:01:09', '2020-07-11 14:01:09', '2021-07-11 07:01:09'),
('d3d4d2ee12ef2f2a6671ee02df6f08a64362cdac0e02db784fe6141523de704d8816abb278e7e577', 54, 1, 'foodDeliveryApp', '[]', 0, '2020-07-11 14:02:34', '2020-07-11 14:02:34', '2021-07-11 07:02:34'),
('13c95070fca762ff639d2800c4836618ad33cb2c36b577a71fb205cd533a1df577543edb29df3b5e', 55, 1, 'foodDeliveryApp', '[]', 0, '2020-07-11 14:04:45', '2020-07-11 14:04:45', '2021-07-11 07:04:45'),
('add0239e058f4138b1f4e3044725daa451f7553f0ee2e05f2d1295ec3c493337cc28b8d5e795ab95', 56, 1, 'foodDeliveryApp', '[]', 0, '2020-07-11 14:07:42', '2020-07-11 14:07:42', '2021-07-11 07:07:42'),
('83cc86191f938f1d495134f56426a3db8321dc0a6169eb326ae2b34437f2b8a33921ecf860bd3b82', 57, 1, 'foodDeliveryApp', '[]', 0, '2020-07-11 16:15:47', '2020-07-11 16:15:47', '2021-07-11 09:15:47'),
('c04152bed48a076774ec5b9753cb5d0393d3ac974c2d33f035d43b6e5e773b3fe66234786bd8a2d8', 58, 1, 'foodDeliveryApp', '[]', 0, '2020-07-11 17:30:24', '2020-07-11 17:30:24', '2021-07-11 10:30:24'),
('28ddc33b609cb7adfaf8b1d832c8dd161a1b01e51b74677d772ec22afdcde19df7276178393733af', 59, 1, 'foodDeliveryApp', '[]', 0, '2020-07-11 17:32:48', '2020-07-11 17:32:48', '2021-07-11 10:32:48'),
('8f8e47b17bdc2905415192a48498f9ae4a7fbca3e9a9148d7914f03530d12320ffbae3ea360eab81', 60, 1, 'foodDeliveryApp', '[]', 0, '2020-07-11 17:44:31', '2020-07-11 17:44:31', '2021-07-11 10:44:31'),
('a37e871cc537a7d8582c61cbe7fe4cd1ffdb12be24249a6435d4b1ffdeb4d60b98738fd349110de2', 32, 1, 'foodDeliveryApp', '[]', 0, '2020-07-11 17:44:45', '2020-07-11 17:44:45', '2021-07-11 10:44:45'),
('9962086d836d25701bc361a60cab5de6ad073d46604845cc7fff18fd05debfc594f7705008c9a0be', 61, 1, 'foodDeliveryApp', '[]', 0, '2020-07-11 17:49:03', '2020-07-11 17:49:03', '2021-07-11 10:49:03'),
('73275cf89b825e5e50e96b00fe0e493d5ac1c082bf6f6219633af79f2ccb919be4b0cd8f43e0acf8', 62, 1, 'foodDeliveryApp', '[]', 0, '2020-07-11 17:51:50', '2020-07-11 17:51:50', '2021-07-11 10:51:50'),
('34f1a4643f2bbe87c1e9b45978a0708e7ffeb922ed2656fd2e6e1087f7f905afa37b50bd76a1c330', 63, 1, 'foodDeliveryApp', '[]', 0, '2020-07-11 17:52:26', '2020-07-11 17:52:26', '2021-07-11 10:52:26'),
('dfc9fee275e74f2e7ac3b5de61e5f726f5d9498bae2ce143cfdd1e2e3dc9e7f1b56d0e4f4a639a1d', 62, 1, 'foodDeliveryApp', '[]', 0, '2020-07-11 17:55:49', '2020-07-11 17:55:49', '2021-07-11 10:55:49'),
('c10276e15fa9090a9bbe6a55258c35a4f3672e6c13c1358e12355f8b47d8c4d84238618f1b6a636c', 62, 1, 'foodDeliveryApp', '[]', 0, '2020-07-11 20:31:20', '2020-07-11 20:31:20', '2021-07-11 13:31:20'),
('b27422fa09119c7d800b115fb0753996a0db45785d26eb02d7285cce7e17fd6cbbde76a4f89fc97c', 62, 1, 'foodDeliveryApp', '[]', 0, '2020-07-11 20:43:31', '2020-07-11 20:43:31', '2021-07-11 13:43:31'),
('736068a22dd9fb339bfc235679f4b7ba76f85d171537fb5ca81b55c36f0d5c8392d7961a5486c6b0', 62, 1, 'foodDeliveryApp', '[]', 0, '2020-07-11 20:47:09', '2020-07-11 20:47:09', '2021-07-11 13:47:09'),
('4b4abf885cfb248408cbbe2f705fd6de2d5d7caec602609cc870190d1076567f421f6edd3e9c05b3', 62, 1, 'foodDeliveryApp', '[]', 0, '2020-07-11 21:39:40', '2020-07-11 21:39:40', '2021-07-11 14:39:40'),
('90ffef6688a8ee0dc2d0a37a282cbafea9c8456c38c477e76fe3d32b1c829d40329ab6560c3800de', 62, 1, 'foodDeliveryApp', '[]', 0, '2020-07-11 22:11:51', '2020-07-11 22:11:51', '2021-07-11 15:11:51'),
('9d2e30d06633fe02108bfaaf019ddb0c38d4f298648bb7369d81fc20e43cf9790c70018123ba69dc', 62, 1, 'foodDeliveryApp', '[]', 0, '2020-07-11 22:31:21', '2020-07-11 22:31:21', '2021-07-11 15:31:21'),
('67b8426994f46d9326a6a2b08cf1b70781faa6bc92f1bc78d3434d2088457653cffd849074d2ae8f', 62, 1, 'foodDeliveryApp', '[]', 0, '2020-07-11 22:42:53', '2020-07-11 22:42:53', '2021-07-11 15:42:53'),
('4c27d903021ad279a1dae192ea3c6caa086b59e4603f0fb43d87e07a99d46c56410476422d01b1a0', 62, 1, 'foodDeliveryApp', '[]', 0, '2020-07-12 00:44:00', '2020-07-12 00:44:00', '2021-07-11 17:44:00'),
('6bd324916bf4e1d950e31712e2c02050f15751ed6cf668683a08f02caf9ac71e4768bc9f2ff63647', 62, 1, 'foodDeliveryApp', '[]', 0, '2020-07-12 01:46:43', '2020-07-12 01:46:43', '2021-07-11 18:46:43'),
('739b9cbf66563341f4e2e7c5cb01123893b0cd823fae86149a21b9834dcf067e75ac8d72098a2672', 61, 1, 'foodDeliveryApp', '[]', 0, '2020-07-12 10:55:27', '2020-07-12 10:55:27', '2021-07-12 03:55:27'),
('ec9bacb3d318e9a5272b2adc3066f3d5c9785a38dee05f9f578c23d59adcca09e488a599d80ab005', 32, 1, 'foodDeliveryApp', '[]', 0, '2020-07-12 11:34:24', '2020-07-12 11:34:24', '2021-07-12 04:34:24'),
('2d92b3255a7d5bf789a74b3c4e3160c88c54708a08bda8f0093d6b842774dcb39f3135c9c7f24a16', 62, 1, 'foodDeliveryApp', '[]', 0, '2020-07-12 12:18:13', '2020-07-12 12:18:13', '2021-07-12 05:18:13'),
('2b3e936063a988abe28c42b1ed6ec6f1815c2ba4aa927131713a4123a633bd61f0d473740a180ab3', 62, 1, 'foodDeliveryApp', '[]', 0, '2020-07-12 12:32:17', '2020-07-12 12:32:17', '2021-07-12 05:32:17'),
('71540ff2add6b1392063c5f827cdc7193655d4f27a5b02913b94980613ff6c53a68f107d3b4a27cf', 62, 1, 'foodDeliveryApp', '[]', 0, '2020-07-12 12:48:06', '2020-07-12 12:48:06', '2021-07-12 05:48:06'),
('4303e75956f3dbc60de3b0c8d7e23181ffe8d24f528f7165df3b3320afe7bda18c6c8d7124bcf443', 32, 1, 'foodDeliveryApp', '[]', 0, '2020-07-12 17:45:40', '2020-07-12 17:45:40', '2021-07-12 10:45:40'),
('f890d1807b41d1eca1c21c61e2cc9b3afb7f8a263d44800fe6442413fdd11211011fd50e34daa7ce', 32, 1, 'foodDeliveryApp', '[]', 0, '2020-07-12 20:11:40', '2020-07-12 20:11:40', '2021-07-12 13:11:40'),
('f5cab414fa6425b6172bd8aaaa904221ed991a76ca820e96cafb4e9ffa41469768250126eab8d946', 32, 1, 'foodDeliveryApp', '[]', 0, '2020-07-12 20:13:47', '2020-07-12 20:13:47', '2021-07-12 13:13:47'),
('72447f8a580bbea7dbd9ebe73a6466721e3fe902f9a6ac4cd6251436e1bbdc011d280ea26603b599', 32, 1, 'foodDeliveryApp', '[]', 0, '2020-07-13 13:47:47', '2020-07-13 13:47:47', '2021-07-13 06:47:47'),
('6b870a87e94f606adc9192f5749d225c1ffaba903de4071228c4fc0b90e7d2691fce91fd0aeae2e1', 67, 1, 'foodDeliveryApp', '[]', 0, '2020-07-13 14:29:47', '2020-07-13 14:29:47', '2021-07-13 07:29:47'),
('1ea686c8a021ec6b8753a5676f6e00b000771914e26dcdffebe3aec608b7c59752896397953631d0', 68, 1, 'foodDeliveryApp', '[]', 0, '2020-07-13 14:29:55', '2020-07-13 14:29:55', '2021-07-13 07:29:55'),
('b506b61c95cadad379dfbdefd6d62d9b440514657ac6f87f1fede8dd896597461d4ce696672b0288', 68, 1, 'foodDeliveryApp', '[]', 0, '2020-07-13 14:30:04', '2020-07-13 14:30:04', '2021-07-13 07:30:04'),
('bc620663a2a021cfce88c5a87d7aa221b0d2a941e75917bc04d0ad886df5f78ce90d86d594261803', 68, 1, 'foodDeliveryApp', '[]', 0, '2020-07-13 15:35:07', '2020-07-13 15:35:07', '2021-07-13 08:35:07'),
('6ba3e2db137bf0ccfa6f700f5a1210695a38210967a34e844c7c58fb595d2b55f770b1a0bda4df0b', 68, 1, 'foodDeliveryApp', '[]', 0, '2020-07-13 15:35:16', '2020-07-13 15:35:16', '2021-07-13 08:35:16'),
('00e2a77b3ceac4a5944cb8e8645d796eb1b7e5258438944a851511ef066dd58c8ca14c00be1c0b5f', 68, 1, 'foodDeliveryApp', '[]', 0, '2020-07-13 15:35:20', '2020-07-13 15:35:20', '2021-07-13 08:35:20'),
('7d12f338ca6bf2b36106759a2492b5da45379f56c014db60ccf7f4d31b5ca5b78a074cd04017ac2c', 68, 1, 'foodDeliveryApp', '[]', 0, '2020-07-13 15:43:04', '2020-07-13 15:43:04', '2021-07-13 08:43:04'),
('4cc6be68ff83fcbdfa0eea27d8e206b5b91027f446ba49651cd17bd385a101bd456edbb6f5ac04ac', 25, 1, 'foodDeliveryApp', '[]', 0, '2020-07-13 16:15:25', '2020-07-13 16:15:25', '2021-07-13 09:15:25'),
('839d28e2a6e72ace1879805901b9b413ca5ea261e27b0ea423a386a08ae5fb296ab0ef9c258351ef', 68, 1, 'foodDeliveryApp', '[]', 0, '2020-07-13 17:02:50', '2020-07-13 17:02:50', '2021-07-13 10:02:50'),
('9e52e5a5fea7d91723829c365160a5a9ca5e4acfb6a486dce6074d8955ecea9067f3eeb7b8bc0ae6', 68, 1, 'foodDeliveryApp', '[]', 0, '2020-07-13 17:08:05', '2020-07-13 17:08:05', '2021-07-13 10:08:05'),
('a740e0ecd5d6b712dd0c3cac886a9e8b1d33052d8bee8e449f43c2c34aa0ca4de3e2b295840ea9c0', 68, 1, 'foodDeliveryApp', '[]', 0, '2020-07-13 17:13:30', '2020-07-13 17:13:30', '2021-07-13 10:13:30'),
('6dd238a43dcf9b9c82f230d1ff19c70833383a7cf29f7e4da4027e66c9cb45cfeb1cc860156f0ace', 68, 1, 'foodDeliveryApp', '[]', 0, '2020-07-13 17:24:28', '2020-07-13 17:24:28', '2021-07-13 10:24:28'),
('6cb87a9f97a7454f5fada6ad9161f08e038bf6fd2a0ef4ea98c146773152f6174b328ca8244bfa49', 68, 1, 'foodDeliveryApp', '[]', 0, '2020-07-14 00:19:59', '2020-07-14 00:19:59', '2021-07-13 17:19:59'),
('e487745db5f0bc9e002e163681e016e2699c7601846fc40500a199cc55ee95426618fc7f21a53c31', 68, 1, 'foodDeliveryApp', '[]', 0, '2020-07-14 18:05:35', '2020-07-14 18:05:35', '2021-07-14 11:05:35'),
('cbe5c332e824c60bd7382dba06fa388a7cc5f7a77547bbf27ff0a0dbe56212b7c6e00c2f4028022d', 69, 1, 'foodDeliveryApp', '[]', 0, '2020-07-14 21:30:15', '2020-07-14 21:30:15', '2021-07-14 14:30:15'),
('c2299adb86757e020fab615b5aa9ec90e0e0badefbae5440b4b31b124d4528c376eb1543264ab06c', 69, 1, 'foodDeliveryApp', '[]', 0, '2020-07-14 21:30:41', '2020-07-14 21:30:41', '2021-07-14 14:30:41'),
('7a5ff4c15a6f28a35207bbb91e0e36cbffc63172e838b759deb7c3cacf6637613bf69ae86c6e559d', 62, 1, 'foodDeliveryApp', '[]', 0, '2020-07-14 22:34:21', '2020-07-14 22:34:21', '2021-07-14 15:34:21'),
('571bba1e3da28a2eefd18dc3c38600ecac2ed64594914bec5228a876ec4c31de355ccfb7fcb4c1f3', 62, 1, 'foodDeliveryApp', '[]', 0, '2020-07-15 13:28:35', '2020-07-15 13:28:35', '2021-07-15 06:28:35'),
('f5a455fb18ebfa9a66b2f3e6535179c35b1f17d2d1c414a3d22a41213f8c8168810041065f9cc02a', 68, 1, 'foodDeliveryApp', '[]', 0, '2020-07-15 14:18:56', '2020-07-15 14:18:56', '2021-07-15 07:18:56'),
('870b7db597402cf50c1d30a7c7be0f6af16ccc73f66e93ac2cdf987266041aa2406c664f4b28b1dc', 68, 1, 'foodDeliveryApp', '[]', 0, '2020-07-15 14:45:14', '2020-07-15 14:45:14', '2021-07-15 07:45:14'),
('0db3059aaceb4dc668480eb842ff38395c7c846cda51a6af30e2de948537c18b25e64dfeb9bc35e9', 68, 1, 'foodDeliveryApp', '[]', 0, '2020-07-15 14:55:22', '2020-07-15 14:55:22', '2021-07-15 07:55:22'),
('31b4d3a35fc5d6519ecc6aa4e842098151c1186d1cbd2d92c7cbfef405ae173db484573a6b04b26d', 70, 1, 'foodDeliveryApp', '[]', 0, '2020-07-15 17:52:17', '2020-07-15 17:52:17', '2021-07-15 10:52:17'),
('aaa131cd75904ba7fce358aedd868e9dfbd5e7c3ae0dbc75e7a265eadcce17acc54b798741be38a6', 71, 1, 'foodDeliveryApp', '[]', 0, '2020-07-15 18:21:33', '2020-07-15 18:21:33', '2021-07-15 11:21:33'),
('7ca133b31d5b02134864c68c394a9b4ec00ca7c937784e4ddf22b6631d53379bb3817b95f2648cf8', 72, 1, 'foodDeliveryApp', '[]', 0, '2020-07-15 18:44:46', '2020-07-15 18:44:46', '2021-07-15 11:44:46'),
('e463f90c741352677cdf14ccde36a6151433354c9b7d460d681d114993ac24924b2654a34932c03e', 73, 1, 'foodDeliveryApp', '[]', 0, '2020-07-15 18:56:09', '2020-07-15 18:56:09', '2021-07-15 11:56:09'),
('d438ef27c4ea56315170a582c036fd3668bbc6a29103bd1e73af1756638ba7596ef553efb3b8bc64', 62, 1, 'foodDeliveryApp', '[]', 0, '2020-07-15 19:49:06', '2020-07-15 19:49:06', '2021-07-15 12:49:06'),
('1193a6a102513435ee24abdf88dcfb5ff0274810a3c5fab0cf1c8a949165c7cec836fa88de3db174', 62, 1, 'foodDeliveryApp', '[]', 0, '2020-07-15 20:06:29', '2020-07-15 20:06:29', '2021-07-15 13:06:29'),
('5ab5b9f663d56bf751d3ee5e8cf50a7c4b6eca3dc03f760f59b3cbf8759aed57e2efc5ae0b12905c', 62, 1, 'foodDeliveryApp', '[]', 0, '2020-07-15 20:14:09', '2020-07-15 20:14:09', '2021-07-15 13:14:09'),
('3ab68275c9e3ebf06ea73e1067d838867da096cf800f6dbdf1b29a11a2b00349374eae163797617c', 62, 1, 'foodDeliveryApp', '[]', 0, '2020-07-15 20:21:56', '2020-07-15 20:21:56', '2021-07-15 13:21:56'),
('abe397aa3bdd2a19bc4f152c1bc25bbaf0ac83c9631c63347eeb8e4f540ab63b15fa4864ffffa5ba', 62, 1, 'foodDeliveryApp', '[]', 0, '2020-07-15 20:30:22', '2020-07-15 20:30:22', '2021-07-15 13:30:22'),
('c03c7d3af5d97b0e0e15549c778bd6887f8eaec586c40e6fe553be3a4d445ebc9253252dd21b7ca0', 62, 1, 'foodDeliveryApp', '[]', 0, '2020-07-15 20:30:51', '2020-07-15 20:30:51', '2021-07-15 13:30:51'),
('056edcc7f8a06f21fcdde135a4a3828fef5231e9e5fc2d3a0f9d055cd3eaf4fb4344177b41647cf2', 32, 1, 'foodDeliveryApp', '[]', 0, '2020-07-15 21:01:09', '2020-07-15 21:01:09', '2021-07-15 14:01:09'),
('d9f8bee2aca714f149947de98ad83a60ef82301ab8d30e6df565a5dbbba26d51d29e90e335ebe783', 32, 1, 'foodDeliveryApp', '[]', 0, '2020-07-15 22:11:22', '2020-07-15 22:11:22', '2021-07-15 15:11:22'),
('f8fa7113a72380abfecf0fbb488388b721d83327fab49e682abe9a36ef47597287bcbc7f79b5eb9a', 32, 1, 'foodDeliveryApp', '[]', 0, '2020-07-15 22:12:33', '2020-07-15 22:12:33', '2021-07-15 15:12:33'),
('85ae7bf1be91a01cefbd22ce72339ae5d4df3c2e91da2aaf933ad87a581854433a54fb052781deda', 32, 1, 'foodDeliveryApp', '[]', 0, '2020-07-15 22:27:43', '2020-07-15 22:27:43', '2021-07-15 15:27:43'),
('80ac0f2bf0979234da7a5d0296aad13b24e30c9940c222d6350939d379d0218d454ce0384609eece', 68, 1, 'foodDeliveryApp', '[]', 0, '2020-07-16 02:43:18', '2020-07-16 02:43:18', '2021-07-15 19:43:18'),
('283a4cda60adb38e910f1d21b79acb4ad7e5d3a7b1f63a6780c4edc404491b69c0241f1a1374285d', 62, 1, 'foodDeliveryApp', '[]', 0, '2020-07-16 03:35:12', '2020-07-16 03:35:12', '2021-07-15 20:35:12'),
('73fb66caf27a4a94a3a60bf7df139ed975af8d4bf606c555b675f324c9a5ab54e202fbf5d9c3077d', 62, 1, 'foodDeliveryApp', '[]', 0, '2020-07-16 04:05:16', '2020-07-16 04:05:16', '2021-07-15 21:05:16'),
('6595eed023f5c0ecf90a75c0bcbd526f8d74dc49232a59b1b0f7bcc6d40025ef0dd16e92620a1ce3', 68, 1, 'foodDeliveryApp', '[]', 0, '2020-07-16 12:41:41', '2020-07-16 12:41:41', '2021-07-16 05:41:41'),
('0126909aabc843a1fb162a5d3e28bcb5745281354464e40f62f78b07faffe9035e5af89d5ad6380e', 62, 1, 'foodDeliveryApp', '[]', 0, '2020-07-16 12:49:13', '2020-07-16 12:49:13', '2021-07-16 05:49:13'),
('70c3564ed7208acb424be7b5cc37011597f0666ee513da4bb85fe5d6880d204231b2ecb75b317b6a', 73, 1, 'foodDeliveryApp', '[]', 0, '2020-07-16 13:38:57', '2020-07-16 13:38:57', '2021-07-16 06:38:57'),
('33f3321a03b8b52c18d3d8ed2a3cff46827bb588b9629e9e12b2332c724326d2c19e98998cdad1c3', 73, 1, 'foodDeliveryApp', '[]', 0, '2020-07-16 13:44:36', '2020-07-16 13:44:36', '2021-07-16 06:44:36'),
('8435673ad4fdbeebb8e1943aed380b06bd1820fba5d43856d28bf47f86ff375ecf824f509e650d85', 73, 1, 'foodDeliveryApp', '[]', 0, '2020-07-16 13:48:22', '2020-07-16 13:48:22', '2021-07-16 06:48:22'),
('3a129d38d5a715912eb5a29c9a0f6cf7d77ca678bb6ae15f865685be360ccda12eb9b0ad56d26ac9', 73, 1, 'foodDeliveryApp', '[]', 0, '2020-07-16 14:06:09', '2020-07-16 14:06:09', '2021-07-16 07:06:09'),
('5555db307fa824abc7aa4e73115dff7fedca0f668de6c70fcca13b5068647ac7b639145ecfdf1113', 73, 1, 'foodDeliveryApp', '[]', 0, '2020-07-16 14:10:34', '2020-07-16 14:10:34', '2021-07-16 07:10:34'),
('bf27b2628985a7c4b36a24618c30709f944ed6edbeb8c8f0bdf7ca6aa0bc2a38d4399b99c9c58b7f', 73, 1, 'foodDeliveryApp', '[]', 0, '2020-07-16 14:15:43', '2020-07-16 14:15:43', '2021-07-16 07:15:43'),
('ada480212bd4ff56c3c71b7a96a56943fe3112f1e477d2fac2c12ef6d67f604692bbe18015006ac7', 73, 1, 'foodDeliveryApp', '[]', 0, '2020-07-16 14:18:12', '2020-07-16 14:18:12', '2021-07-16 07:18:12'),
('98d2ae9d93da122a1170dc17ac1f2c6a1aa04e62ef55eefc8877177e8e8984e3c1d33eed05a5f9bb', 68, 1, 'foodDeliveryApp', '[]', 0, '2020-07-16 14:37:46', '2020-07-16 14:37:46', '2021-07-16 07:37:46'),
('99325fca61638385ada7d0f9ae6f387f841e2d7ddc789148e720510e40f0b0faa4d0f2d2bbc63c6f', 68, 1, 'foodDeliveryApp', '[]', 0, '2020-07-16 14:54:17', '2020-07-16 14:54:17', '2021-07-16 07:54:17'),
('823a01c2a626fda44860d339375c5780b20971105c61dd134e636639543f539593a622c528c30b8a', 68, 1, 'foodDeliveryApp', '[]', 0, '2020-07-16 15:03:43', '2020-07-16 15:03:43', '2021-07-16 08:03:43'),
('50636d68adaee6868a209d74da4728335a3e2f9cce11b78b5264e5ad7d0dff134f4e863c0566d07b', 68, 1, 'foodDeliveryApp', '[]', 0, '2020-07-16 15:27:01', '2020-07-16 15:27:01', '2021-07-16 08:27:01'),
('cc792088884f6776cdcc6530d592fcac397b0e17fcc50f59b1e097634506c15fbedbbdb6eda54f3d', 68, 1, 'foodDeliveryApp', '[]', 0, '2020-07-16 15:50:04', '2020-07-16 15:50:04', '2021-07-16 08:50:04'),
('480998d102b12b7c1cabfdd2a6bcb08d62cc00727360caa3d913fbc818f9f84b7e74b14536089593', 73, 1, 'foodDeliveryApp', '[]', 0, '2020-07-16 16:57:37', '2020-07-16 16:57:37', '2021-07-16 09:57:37'),
('32c613ece391c6a989ef6f1096932fc80838e4dc5ab75763f1ba097e85f94a22fc31f622696ec701', 68, 1, 'foodDeliveryApp', '[]', 0, '2020-07-16 17:09:43', '2020-07-16 17:09:43', '2021-07-16 10:09:43'),
('c0d561e66c13c73ac3b302060de0087ccf9fc2836ae42fa2dcec4019e673da56901b855522b7260d', 74, 1, 'foodDeliveryApp', '[]', 0, '2020-07-16 19:13:44', '2020-07-16 19:13:44', '2021-07-16 12:13:44'),
('c50cae61a60746eee03eba0854f080560a22e94d62fd05101ea3986b730972379145b59c9ef8f1e1', 68, 1, 'foodDeliveryApp', '[]', 0, '2020-07-16 19:21:02', '2020-07-16 19:21:02', '2021-07-16 12:21:02'),
('6353a6637f22f3f2cf4ab39ad8573363673706f5c6098389a7695585ab73abffdbfe15973c31337e', 74, 1, 'foodDeliveryApp', '[]', 0, '2020-07-16 19:24:44', '2020-07-16 19:24:44', '2021-07-16 12:24:44'),
('0297c1e29b08444d36330f37b78e4f06d5de3cf786b018187ddc486b2ab0361fc495f2b67f67f0ea', 73, 1, 'foodDeliveryApp', '[]', 0, '2020-07-16 19:47:18', '2020-07-16 19:47:18', '2021-07-16 12:47:18'),
('474d810ba506b3a39a0e2e5e80a55f06f2f3b90d87a84c4eace6bf51f652264f6476c2a598655121', 62, 1, 'foodDeliveryApp', '[]', 0, '2020-07-16 20:29:51', '2020-07-16 20:29:51', '2021-07-16 13:29:51'),
('c86bf86d62409fe892509a90a81f90056204f51c963ba91ce53f3a52b05882c256e7d406e13188cd', 62, 1, 'foodDeliveryApp', '[]', 0, '2020-07-17 03:36:25', '2020-07-17 03:36:25', '2021-07-16 20:36:25'),
('727cb8be75fb09821540dbfc014b78aafd1bde80c0130e6e6cb3afe0ba775c387f51ea483a919bb1', 62, 1, 'foodDeliveryApp', '[]', 0, '2020-07-17 13:04:58', '2020-07-17 13:04:58', '2021-07-17 06:04:58'),
('40cb865f93554705e3f51fb15c72159af2eb010b976ed05812a0dc1aaef8d9a633ae1bceb37685b7', 68, 1, 'foodDeliveryApp', '[]', 0, '2020-07-17 13:51:25', '2020-07-17 13:51:25', '2021-07-17 06:51:25'),
('6b643ac5841ca18318ce533bbc666c1c167d3b49653211266ab5da1a334a404a46a76f31c2a42b36', 73, 1, 'foodDeliveryApp', '[]', 0, '2020-07-17 17:23:33', '2020-07-17 17:23:33', '2021-07-17 10:23:33'),
('650238ec24494a9cb88cdc0be679c4348003dc380ea14def7e2e4863f726cb8320c892d924c8a88a', 62, 1, 'foodDeliveryApp', '[]', 0, '2020-07-17 23:40:38', '2020-07-17 23:40:38', '2021-07-17 16:40:38'),
('d6215bbce165029df29a0164bb3c9c3402bfc123dcf73a5c03c305b0027c187f8cd001ce06b162ed', 62, 1, 'foodDeliveryApp', '[]', 0, '2020-07-17 23:41:42', '2020-07-17 23:41:42', '2021-07-17 16:41:42'),
('db8d0b35a7cd0d761b3177cb54bf2d50ea99930fc4aaef262c11da5862cbd36abc8e772650d34eb0', 62, 1, 'foodDeliveryApp', '[]', 0, '2020-07-18 00:30:48', '2020-07-18 00:30:48', '2021-07-17 17:30:48'),
('99e79f67420d83e404376d96c51b4926cd24f8ea963d207266aa2b680ecb91bf5a18343f039153c8', 68, 1, 'foodDeliveryApp', '[]', 0, '2020-07-18 09:30:34', '2020-07-18 09:30:34', '2021-07-18 02:30:34'),
('27e58177865148751431c6db83f417552ce871af7463d7340fc5a3b136a4bfc4c85287e7dd6e243b', 73, 1, 'foodDeliveryApp', '[]', 0, '2020-07-18 10:19:57', '2020-07-18 10:19:57', '2021-07-18 03:19:57'),
('6184098df43553e9c4035cc8ec91daf8b7ee60aabe96fba4cde4d784bd2864595c98031243ca36db', 62, 1, 'foodDeliveryApp', '[]', 0, '2020-07-18 11:07:14', '2020-07-18 11:07:14', '2021-07-18 04:07:14'),
('d055024f12b0c76765b25288ae86a40f0d13c47dd0312c3f17023e0d8f5c81a458c2a5b5c87d7878', 75, 1, 'foodDeliveryApp', '[]', 0, '2020-07-18 13:42:45', '2020-07-18 13:42:45', '2021-07-18 06:42:45'),
('977e712df5a40c2286bbae418c144475befc7cd6e55818e8d091f7bc8d9554dbc9ed5f56b2943986', 75, 1, 'foodDeliveryApp', '[]', 0, '2020-07-18 13:45:27', '2020-07-18 13:45:27', '2021-07-18 06:45:27'),
('1bed6ce512bd96def915b3c865bb95c7f57158fd1d754d731a358d4f7c46469802f7648ac799b912', 75, 1, 'foodDeliveryApp', '[]', 0, '2020-07-18 13:47:38', '2020-07-18 13:47:38', '2021-07-18 06:47:38'),
('65ea5f665d42fd85893ee618e432df42ec3a802a73aaa09e9ce4da7888612e7176c6b989514ef4ef', 76, 1, 'foodDeliveryApp', '[]', 0, '2020-07-18 16:38:14', '2020-07-18 16:38:14', '2021-07-18 09:38:14'),
('4fbff8a7035477cafd7a6add9ffbbf8006c6ae4346fdbf1803e4a9845c3e99dc8c6d0f5f4dc93a33', 77, 1, 'foodDeliveryApp', '[]', 0, '2020-07-18 16:56:41', '2020-07-18 16:56:41', '2021-07-18 09:56:41'),
('c2361d07e636f26bab64553f4de7ba4c6aae3f3457bee298c7113cee09791c2d723589ed068ec6bf', 68, 1, 'foodDeliveryApp', '[]', 0, '2020-07-18 17:28:32', '2020-07-18 17:28:32', '2021-07-18 10:28:32'),
('c38b15675512739900b1704564968efa04ca33e8574da1765dcf66e844cf5c2b1e1f497b7c1c3922', 78, 1, 'foodDeliveryApp', '[]', 0, '2020-07-18 18:36:34', '2020-07-18 18:36:34', '2021-07-18 11:36:34'),
('d08372e95c15da5962f82afdebf10e47603eb81d3f6d04460af72237ac58f823242fab686148f46f', 68, 1, 'foodDeliveryApp', '[]', 0, '2020-07-18 19:02:25', '2020-07-18 19:02:25', '2021-07-18 12:02:25'),
('c54c125585e394b2f1de7d144f19c60281e52cd8b2e2bebc53d38b40be93b21b1b9a51768a5639db', 79, 1, 'foodDeliveryApp', '[]', 0, '2020-07-18 21:38:45', '2020-07-18 21:38:45', '2021-07-18 14:38:45'),
('93bcdc9cb63eb791adfdf54eaac118823648a67e7548ad39fa30419e01a7a123973e27a0db83453f', 79, 1, 'foodDeliveryApp', '[]', 0, '2020-07-18 22:09:20', '2020-07-18 22:09:20', '2021-07-18 15:09:20'),
('ecbb5196a1eac286d41efb299d075cdd9251f7d1941971be20937bc7a64eb5d95bed5e59e5fd415a', 80, 1, 'foodDeliveryApp', '[]', 0, '2020-07-19 01:01:22', '2020-07-19 01:01:22', '2021-07-18 18:01:22'),
('4ff8998ded606be18f33293846f2bf49a1e985d977dde9fce057b137fa839a08175fa7292981fd9e', 81, 1, 'foodDeliveryApp', '[]', 0, '2020-07-19 01:22:15', '2020-07-19 01:22:15', '2021-07-18 18:22:15'),
('fb4fa7634183c21048002bd3cafda73ad07f7f58c2b8c34436de08889dcad5d1bd2e5abacf80c27f', 68, 1, 'foodDeliveryApp', '[]', 0, '2020-07-19 01:30:53', '2020-07-19 01:30:53', '2021-07-18 18:30:53'),
('5b25e47361cf96641fec557f5508ef0eee83f3eac6683d893e171182c3fe2c876d6e48b57cbfd2d1', 81, 1, 'foodDeliveryApp', '[]', 0, '2020-07-19 01:35:04', '2020-07-19 01:35:04', '2021-07-18 18:35:04'),
('a9932a393daa8e19051fbf3673af2ea605714ecaa09bcfba4cde37d52260171ca33e0f8250ccb876', 73, 1, 'foodDeliveryApp', '[]', 0, '2020-07-19 08:33:08', '2020-07-19 08:33:08', '2021-07-19 01:33:08'),
('2f46de589f723aa56bf3a1cad16b0205f04e721c87fb11ce148b4e11de25d93e996c9cb9adc3c653', 68, 1, 'foodDeliveryApp', '[]', 0, '2020-07-19 14:13:42', '2020-07-19 14:13:42', '2021-07-19 07:13:42'),
('5e650fbe5ad19defca0e564a2259386eaa829f89d2313acbe8fc7b39e5a579b631cf63c71bdc8eba', 68, 1, 'foodDeliveryApp', '[]', 0, '2020-07-19 14:40:31', '2020-07-19 14:40:31', '2021-07-19 07:40:31'),
('8df955ff4165d9d61737306bf8165d37d569411b41b840820350ae83656ac430c44eb3b2e948de93', 83, 1, 'foodDeliveryApp', '[]', 0, '2020-07-19 15:14:42', '2020-07-19 15:14:42', '2021-07-19 08:14:42'),
('84fa574e6ff7af31e4a6d5ec2e751053505e9f427bfaf77c20170f985e72c83385459a1b0f1f37ba', 68, 1, 'foodDeliveryApp', '[]', 0, '2020-07-19 15:14:59', '2020-07-19 15:14:59', '2021-07-19 08:14:59'),
('0cd930d25c3957c8be3e79a5c76969fc77c69d5e83a2897007d7c328bac477be3ae07e8b8172a845', 84, 1, 'foodDeliveryApp', '[]', 0, '2020-07-19 15:42:14', '2020-07-19 15:42:14', '2021-07-19 08:42:14'),
('e1078803f8d1a953b6050a4484886ef60f7925abf006cf24d3a1194d4a5315158ebbfdd109e4f284', 84, 1, 'foodDeliveryApp', '[]', 0, '2020-07-19 15:42:58', '2020-07-19 15:42:58', '2021-07-19 08:42:58'),
('ad1e5b74e3ffa3063a31cd3b8ce3af3beef0c79ab1466582f7f63980ac2c0b86bcf3c11acd8f5e9a', 68, 1, 'foodDeliveryApp', '[]', 0, '2020-07-19 17:50:37', '2020-07-19 17:50:37', '2021-07-19 10:50:37'),
('286f42123017090db76920e7c6e82fbdfab042549004b1182993b64a2847821eed11f458d0e3c660', 85, 1, 'foodDeliveryApp', '[]', 0, '2020-07-19 18:28:32', '2020-07-19 18:28:32', '2021-07-19 11:28:32'),
('3f6d4d3cd698ea9dbb45a52f5f578ccbd2c9c29b8b58b3ff1ed44ab36c7edc42e555e98fa12fc6f2', 86, 1, 'foodDeliveryApp', '[]', 0, '2020-07-19 18:30:18', '2020-07-19 18:30:18', '2021-07-19 11:30:18'),
('a73c734fc9f51ad8678bf0eb54215f9442da010bd3f3e26dcf05a4b1b5349799f359a7f95dae5515', 86, 1, 'foodDeliveryApp', '[]', 0, '2020-07-19 18:30:42', '2020-07-19 18:30:42', '2021-07-19 11:30:42'),
('c4c1e42c57dea73d8c70b663e274cb9aef8da7a6758d8a7884cec39954e548c7c61aec8cdbc3c780', 87, 1, 'foodDeliveryApp', '[]', 0, '2020-07-19 21:34:50', '2020-07-19 21:34:50', '2021-07-19 14:34:50'),
('1a51f3b3dbe5b9f4fce4fbd5fe69a821c4f8a45325a107d0c1ba15b28202514f95f8e1e8447aad90', 87, 1, 'foodDeliveryApp', '[]', 0, '2020-07-19 21:35:01', '2020-07-19 21:35:01', '2021-07-19 14:35:01'),
('c5b5fc555c5f6dea3e2ae269e6bf829ac63309a08eabf241fffbc3c146d1e03f55ffd477f4c49a87', 89, 1, 'foodDeliveryApp', '[]', 0, '2020-07-19 23:36:23', '2020-07-19 23:36:23', '2021-07-19 16:36:23'),
('f56c5483b5c45a5fab40a89f7944a3b5a2a647c5c36e0defcaee85b1c1328a33c21bb897c167031c', 90, 1, 'foodDeliveryApp', '[]', 0, '2020-07-19 23:39:04', '2020-07-19 23:39:04', '2021-07-19 16:39:04'),
('0a79334c4264825773a763151be290a4e2226fbfb5c8c1f5669c3a8b30633b5d853609572e605b06', 90, 1, 'foodDeliveryApp', '[]', 0, '2020-07-19 23:39:23', '2020-07-19 23:39:23', '2021-07-19 16:39:23'),
('ad98497b22e58177e4a85effa4caf5a7cfc34648b2c3fe15694aeb56bf7a9664bbddfcc5ef78958e', 88, 1, 'foodDeliveryApp', '[]', 0, '2020-07-20 02:52:01', '2020-07-20 02:52:01', '2021-07-19 19:52:01'),
('c0c513fa69caf4ff3af63a6c2e50b9cf85103a8dbdc76f5053bba7ba2d780de4849e30ebf85a6abb', 88, 1, 'foodDeliveryApp', '[]', 0, '2020-07-20 03:02:23', '2020-07-20 03:02:23', '2021-07-19 20:02:23'),
('2cebaa77461510b26d1d7fcba372cdbc0efd30bd8e6cd8f63b654935bc8a3b4ddb46da2b1d5e9461', 88, 1, 'foodDeliveryApp', '[]', 0, '2020-07-20 03:29:24', '2020-07-20 03:29:24', '2021-07-19 20:29:24'),
('a65192c6f7e764daac40a0b3d2b646b774b3ffed06f078ad886b5a37f7b41600a229cf68fe91e98b', 88, 1, 'foodDeliveryApp', '[]', 0, '2020-07-20 03:36:32', '2020-07-20 03:36:32', '2021-07-19 20:36:32'),
('0fb9c54cba50c348a10150c2dd67664c4abdb894cee1f5bb6a01ed64a5dcf37a4707263f022b51f5', 25, 1, 'foodDeliveryApp', '[]', 0, '2020-07-20 04:14:20', '2020-07-20 04:14:20', '2021-07-19 21:14:20'),
('a54c60863bcf58ff5792932a5bb40da652bca624f88e0aee3348b86b9645da3247180281bac547d4', 16, 1, 'foodDeliveryApp', '[]', 0, '2020-07-20 05:27:31', '2020-07-20 05:27:31', '2021-07-19 22:27:31'),
('5a61f68b40bf59d33a3555d0d9fc8cde5986648b644b80639d9d09ac243e38ed4305472e9e6ede75', 73, 1, 'foodDeliveryApp', '[]', 0, '2020-07-20 09:53:44', '2020-07-20 09:53:44', '2021-07-20 02:53:44'),
('16ae0a65b0f0ec464ab253bc5afd22cbe67d770f2c781ec4fcb548b88b76e937e55537463f127a4a', 91, 1, 'foodDeliveryApp', '[]', 0, '2020-07-20 12:58:30', '2020-07-20 12:58:30', '2021-07-20 05:58:30'),
('af3c80f78f96428b57b7bdf42a421671837df3154ea546650272218a7f74df6294f5bb280022527e', 91, 1, 'foodDeliveryApp', '[]', 0, '2020-07-20 12:58:58', '2020-07-20 12:58:58', '2021-07-20 05:58:58'),
('a10fed2f32068e6b4697c78563f6bfeb365aebedf5658034553de85bce2621951fd3503bf74b0541', 91, 1, 'foodDeliveryApp', '[]', 0, '2020-07-20 13:16:10', '2020-07-20 13:16:10', '2021-07-20 06:16:10'),
('11c7ab87fd86451fe8046e1d73b272421597dc2761733334daa92f48e4338f70e7b54a0d13655348', 73, 1, 'foodDeliveryApp', '[]', 0, '2020-07-20 13:39:26', '2020-07-20 13:39:26', '2021-07-20 06:39:26'),
('e5f4321fba7653819b9d4501d2badaf862d9d1b94a570f786a17d7fa0f8b1635c58acf4f787028ba', 92, 1, 'foodDeliveryApp', '[]', 0, '2020-07-20 14:32:30', '2020-07-20 14:32:30', '2021-07-20 07:32:30'),
('75babafa3b90fb3ae415f70e850f3a9256861e29b1b276cdc31199dc9b9d388b7c417308d102ac05', 92, 1, 'foodDeliveryApp', '[]', 0, '2020-07-20 14:32:42', '2020-07-20 14:32:42', '2021-07-20 07:32:42'),
('cdf47572ae408b5d4f72fc8e99ea3c088e904051b4d0f7fd80b948033850cf393d4f48d6441d86b4', 92, 1, 'foodDeliveryApp', '[]', 0, '2020-07-20 14:58:41', '2020-07-20 14:58:41', '2021-07-20 07:58:41'),
('a27a8c88275192ef64af88b04e6231e524fb51ba2e853296c0751a09419580e385f45a98d07d3202', 62, 1, 'foodDeliveryApp', '[]', 0, '2020-07-21 00:34:48', '2020-07-21 00:34:48', '2021-07-20 17:34:48'),
('8e0af52ca1d227aacd307937fd3b4132ddc82fb9923bdafa0f6add052ebf2e8dd14fe4868a56f4c2', 93, 1, 'foodDeliveryApp', '[]', 0, '2020-07-22 16:24:19', '2020-07-22 16:24:19', '2021-07-22 09:24:19'),
('1d1faf03d11669121616bfea786352a3a2453dd6b448902d2f25b6fecda42944e856f268b980f61f', 93, 1, 'foodDeliveryApp', '[]', 0, '2020-07-22 16:24:59', '2020-07-22 16:24:59', '2021-07-22 09:24:59'),
('f20af1cc65692c388e35040d26464106bdd05adb82ae6e6d1544d54c61a911cc2e03973922628b46', 87, 1, 'foodDeliveryApp', '[]', 0, '2020-07-22 16:44:19', '2020-07-22 16:44:19', '2021-07-22 09:44:19'),
('ac8e2002bd1859470b0e543423ee4096bb0f36765b7f36cd47ebe77fca5db739a47f2276adf027d7', 87, 1, 'foodDeliveryApp', '[]', 0, '2020-07-22 17:16:48', '2020-07-22 17:16:48', '2021-07-22 10:16:48'),
('634efec4a6eb1b080c136213c311285423c64ba7ea4d30071f7ed7b56b4247d88eea7ba6d83c658e', 25, 1, 'foodDeliveryApp', '[]', 0, '2020-07-22 18:38:33', '2020-07-22 18:38:33', '2021-07-22 11:38:33'),
('4698a48cb027fd4c36cb3883fa9025e3753d3bc96642cca76be0b8ad3c1a71863353ed9ba6723f47', 73, 1, 'foodDeliveryApp', '[]', 0, '2020-07-22 20:30:11', '2020-07-22 20:30:11', '2021-07-22 13:30:11'),
('afae5f7ce7e3ac9945b86493f2727d5448c41737cffa1e7109c0e738e56c44de1db7fae12de32ee0', 73, 1, 'foodDeliveryApp', '[]', 0, '2020-07-22 20:30:36', '2020-07-22 20:30:36', '2021-07-22 13:30:36'),
('f5d1627c328cec0eb58df08a71e09af50e9af2b24bca4f94a6694b4372eca696c185323e84500cff', 87, 1, 'foodDeliveryApp', '[]', 0, '2020-07-22 21:22:08', '2020-07-22 21:22:08', '2021-07-22 14:22:08'),
('2e143978239e177deddc7995efa06ee174459e6955a91bbb9a9919513ca87c291ab92da059bd97ec', 87, 1, 'foodDeliveryApp', '[]', 0, '2020-07-23 00:19:01', '2020-07-23 00:19:01', '2021-07-22 17:19:01'),
('7637ddf7a9e837f23242b9b4244783ff5789b1c8deff2fb59c535c4aa71b250fb3ad1793b5d78808', 94, 1, 'foodDeliveryApp', '[]', 0, '2020-07-23 02:18:06', '2020-07-23 02:18:06', '2021-07-22 19:18:06'),
('804e10bc46e1d77966c18b6d90c57a3da014eac958c843f5e45f51b09a3a0483ec6e84cb45dc06f6', 94, 1, 'foodDeliveryApp', '[]', 0, '2020-07-23 02:18:23', '2020-07-23 02:18:23', '2021-07-22 19:18:23'),
('6c147039c9aee98bedb4a150ef13b8e2161a5dd0d6d1e67591a281b30dbf091141c62d8e3e7b328a', 95, 1, 'foodDeliveryApp', '[]', 0, '2020-07-23 02:30:58', '2020-07-23 02:30:58', '2021-07-22 19:30:58'),
('d66dba4cb3ffaad6599c57328f774f8ad6c952b8cc82220470bb8b0eb51982f565e4ca29041b64cd', 95, 1, 'foodDeliveryApp', '[]', 0, '2020-07-23 02:31:17', '2020-07-23 02:31:17', '2021-07-22 19:31:17'),
('5b1df80a291ac7f0e501dc08ba86a7e751c715fe58416b4e92d53c5ce1243446f9251b0a18c0bbef', 62, 1, 'foodDeliveryApp', '[]', 0, '2020-07-23 13:50:12', '2020-07-23 13:50:12', '2021-07-23 06:50:12'),
('d6a40df2b65a48c6a32e987c9ca430be19a91ddb56a744d9314564ea02cb17090eedaf1f121b1b2e', 73, 1, 'foodDeliveryApp', '[]', 0, '2020-07-23 18:09:33', '2020-07-23 18:09:33', '2021-07-23 11:09:33'),
('5a39a488f0ee56be65e961d8f83a23f719f921a597f534c2e1c3972bfb56354d67d5f9bc4fc40923', 73, 1, 'foodDeliveryApp', '[]', 0, '2020-07-23 18:53:23', '2020-07-23 18:53:23', '2021-07-23 11:53:23'),
('000332d061bf6ecc89bf992e837777a86082535865e171bba354ba5ecd1bf170b2a614d583f7c99a', 96, 1, 'foodDeliveryApp', '[]', 0, '2020-07-23 23:20:49', '2020-07-23 23:20:49', '2021-07-23 16:20:49'),
('7140459e9be9ee79da2ae797f3020c100b1bce95fcfaa050c307862ead0341444e04cd73a605ec2e', 97, 1, 'foodDeliveryApp', '[]', 0, '2020-07-23 23:22:39', '2020-07-23 23:22:39', '2021-07-23 16:22:39'),
('af180f60de89f1d97a5e528aeb4587f5037a8875ed210fde9d8b1d74fb47febc35e8f112288bebab', 97, 1, 'foodDeliveryApp', '[]', 0, '2020-07-23 23:22:59', '2020-07-23 23:22:59', '2021-07-23 16:22:59'),
('ab3cb4b3d46dd8cc6cf4e0dbd3be3232158c6c23568f2b4c57c24d287823bab9fabd028d53b6998e', 96, 1, 'foodDeliveryApp', '[]', 0, '2020-07-23 23:23:32', '2020-07-23 23:23:32', '2021-07-23 16:23:32'),
('5beac93ebd4da4fb447f0982e64665e919ddf426c789caa2d59897c283a3541f52a8b1d77fc3e875', 98, 1, 'foodDeliveryApp', '[]', 0, '2020-07-23 23:30:21', '2020-07-23 23:30:21', '2021-07-23 16:30:21'),
('086325804d2b56db77d02a2f0fa75c17b7a9370cab135767efb7d780f4ed170c70b91549ce5c74b6', 98, 1, 'foodDeliveryApp', '[]', 0, '2020-07-23 23:30:34', '2020-07-23 23:30:34', '2021-07-23 16:30:34'),
('0f62367437aa36bca56c305af50e3376e2132ef2de1ccfce77503586b40dce84435dbc92fccd89d0', 73, 1, 'foodDeliveryApp', '[]', 0, '2020-07-24 00:05:33', '2020-07-24 00:05:33', '2021-07-23 17:05:33'),
('620afbb040dd8c52ce8e171fb661a665781d3c1d8ab74cf24913250b5da501e41139c5c045a2017d', 73, 1, 'foodDeliveryApp', '[]', 0, '2020-07-24 00:34:53', '2020-07-24 00:34:53', '2021-07-23 17:34:53'),
('4087c1d1348c68fef30651ebf009db97d3fdad29a55195432be50b5611ff5daaa6dd9a0f33986a63', 73, 1, 'foodDeliveryApp', '[]', 0, '2020-07-24 00:35:08', '2020-07-24 00:35:08', '2021-07-23 17:35:08'),
('8175a68af3688fc47b64a05901d96c8d71b6ac8b3cf3054f564bc270a4318402abab9217c74cee68', 73, 1, 'foodDeliveryApp', '[]', 0, '2020-07-24 00:37:20', '2020-07-24 00:37:20', '2021-07-23 17:37:20'),
('cd7501a330807ab28e05b494337c51e9bd9acb293b581c56624d8e8ccf0bcdeeb5a8db0056835989', 73, 1, 'foodDeliveryApp', '[]', 0, '2020-07-24 00:44:05', '2020-07-24 00:44:05', '2021-07-23 17:44:05'),
('21628804dfb20052b2f05cddb08d954c78b0c84a087810d6ad456e529a2163b7893bec4d0b031e6a', 73, 1, 'foodDeliveryApp', '[]', 0, '2020-07-24 01:13:44', '2020-07-24 01:13:44', '2021-07-23 18:13:44'),
('09109b52f6bfe91682a6090521c4099c866aa53cf20ce6b08d4e7a41dd0ccf5eb2d72bc3735a8b22', 73, 1, 'foodDeliveryApp', '[]', 0, '2020-07-24 01:14:17', '2020-07-24 01:14:17', '2021-07-23 18:14:17'),
('4b73062e2f8be218c8418bcff57d2984c7ec0014bd8c10f5338788bec3fb88f73b853bfaad5ddf10', 73, 1, 'foodDeliveryApp', '[]', 0, '2020-07-24 01:22:19', '2020-07-24 01:22:19', '2021-07-23 18:22:19'),
('91506d0362a171c8ac1dcb5cdf385da056b759a2f13057809fd6b8a729a10942232ae0bba17493d4', 99, 1, 'foodDeliveryApp', '[]', 0, '2020-07-24 02:44:03', '2020-07-24 02:44:03', '2021-07-23 19:44:03');
INSERT INTO `oauth_access_tokens` (`id`, `user_id`, `client_id`, `name`, `scopes`, `revoked`, `created_at`, `updated_at`, `expires_at`) VALUES
('edbe06c4c058b0aa49fa03d13e11733a502bec72deb363c3b8b0a1302df5243c1903c732dd752410', 99, 1, 'foodDeliveryApp', '[]', 0, '2020-07-24 02:44:14', '2020-07-24 02:44:14', '2021-07-23 19:44:14'),
('da99505282b273cd80a03e93ccda3a0c4ba3d7058f648b4df31338c17f75217d8d2504476b7da671', 73, 1, 'foodDeliveryApp', '[]', 0, '2020-07-24 10:13:02', '2020-07-24 10:13:02', '2021-07-24 03:13:02'),
('8687b622a28cb751c77e71db758544584508c2fc4d5b3c5eb3c89d1c52fe7db146744e25aa68cc2b', 73, 1, 'foodDeliveryApp', '[]', 0, '2020-07-24 10:14:42', '2020-07-24 10:14:42', '2021-07-24 03:14:42'),
('ce8096d63a433f7c0265b85196019b4c5c4083a05cd06eb4e023d6e0fc174aaef04e4b558fa94a45', 73, 1, 'foodDeliveryApp', '[]', 0, '2020-07-24 10:41:17', '2020-07-24 10:41:17', '2021-07-24 03:41:17'),
('d31c6dde5a51e2f6b140b36fe625e0ea30968bea6a23582157957142a0cf470e193f2cbc86ebef8f', 73, 1, 'foodDeliveryApp', '[]', 0, '2020-07-24 15:26:33', '2020-07-24 15:26:33', '2021-07-24 08:26:33'),
('7c4c7bc3aaf81a799a89ca06ba9a9340d9ab7c8bee2a8d74cbd3ff120035ac810534db9b46738704', 73, 1, 'foodDeliveryApp', '[]', 0, '2020-07-24 17:12:11', '2020-07-24 17:12:11', '2021-07-24 10:12:11'),
('66c2a134568d8abdf850076ae6bae5478cf493fc6d57a8e852da16a5d8ebf88c76336a7e48c1379a', 68, 1, 'foodDeliveryApp', '[]', 0, '2020-07-24 18:03:21', '2020-07-24 18:03:21', '2021-07-24 11:03:21'),
('ff202e43c7e33496effeda78ebbcbae1d0b31dfbbb1ed19725924de300aedb9efd3d136b18511c0c', 73, 1, 'foodDeliveryApp', '[]', 0, '2020-07-24 19:08:49', '2020-07-24 19:08:49', '2021-07-24 12:08:49'),
('f0037a559deed65be027d4a1ad550a9b3cdded5dc9681184a89a4ad5f8e5fe1ce0ea8fbf4c463333', 73, 1, 'foodDeliveryApp', '[]', 0, '2020-07-24 21:13:30', '2020-07-24 21:13:30', '2021-07-24 14:13:30'),
('1a1585ad0223b62c62e2936c87f89b0146bae30eeb870770c7447d143c1b303cdc00edcc76f8037d', 73, 1, 'foodDeliveryApp', '[]', 0, '2020-07-25 00:11:51', '2020-07-25 00:11:51', '2021-07-24 17:11:51'),
('fc2dddd8a543915b94eaded39b7cc3a3e5d116709ce56a9a84c44e60132ead26e1c2200599a378a7', 73, 1, 'foodDeliveryApp', '[]', 0, '2020-07-25 00:11:56', '2020-07-25 00:11:56', '2021-07-24 17:11:56'),
('8e27b997730a4417b0a35d20ec256b714f334f6c97ea30bbf388a8ca52ae6b3082b2716295b94f89', 101, 1, 'foodDeliveryApp', '[]', 0, '2020-07-25 00:42:43', '2020-07-25 00:42:43', '2021-07-24 17:42:43'),
('872f1084925e0baa3034734c1fb380bd089993958b67c6ecf6bbe3a3aef6646de1d7ae13a091f693', 102, 1, 'foodDeliveryApp', '[]', 0, '2020-07-25 17:44:18', '2020-07-25 17:44:18', '2021-07-25 10:44:18'),
('57af361e4f8142b55a9f3d8c03d7fa7973bd574b35eb8ec7a111fa9bffdf191ee86607a6b519385e', 103, 1, 'foodDeliveryApp', '[]', 0, '2020-07-25 17:47:06', '2020-07-25 17:47:06', '2021-07-25 10:47:06'),
('7f8f85cd2c5997e75a2b418cab4a7eac37f1a08c6ee21fa5646396e17378e304573af0bb37e89915', 104, 1, 'foodDeliveryApp', '[]', 0, '2020-07-25 17:59:20', '2020-07-25 17:59:20', '2021-07-25 10:59:20'),
('1eddc5b87170ae54ab96f9a736d905101ae7ed08e5af3dbdbd09418f75798d6f4b2bf46b0a225ad8', 105, 1, 'foodDeliveryApp', '[]', 0, '2020-07-26 21:04:49', '2020-07-26 21:04:49', '2021-07-26 14:04:49'),
('bd7c52c4b01f10344902666042139b70aab07c84ab3d3cf556cca508b3f0a60c1ebfd0ea97ef952e', 106, 1, 'foodDeliveryApp', '[]', 0, '2020-07-26 21:35:40', '2020-07-26 21:35:40', '2021-07-26 14:35:40'),
('731183ed0416bd1bfea053f23fa2de856f526b6fdee2a612c72f51d9fc6355fb86fb33a450dd51f2', 107, 1, 'foodDeliveryApp', '[]', 0, '2020-07-26 21:39:32', '2020-07-26 21:39:32', '2021-07-26 14:39:32'),
('d80be35a12a6bf65926433edafc3ae2d4481c1fce16059db01b29caca1781e3f2cb394632d9feb20', 108, 1, 'foodDeliveryApp', '[]', 0, '2020-07-26 21:43:24', '2020-07-26 21:43:24', '2021-07-26 14:43:24'),
('878cefa228a6591b8df69efe8f103705136634efb4dff77c966453005f504752616df74f3bed3566', 105, 1, 'foodDeliveryApp', '[]', 0, '2020-07-26 23:15:12', '2020-07-26 23:15:12', '2021-07-26 16:15:12'),
('4887aa62af92ebfb9d0d0f700100999045cd1e502da301372fb7e7de41023cfaa321f96395a10bee', 105, 1, 'foodDeliveryApp', '[]', 0, '2020-07-26 23:33:13', '2020-07-26 23:33:13', '2021-07-26 16:33:13'),
('74198d4131e34dffb2320e473a7d2e509cabf0e0e7a00ea1ef6f08892120f9b6c4535fc309698b2e', 73, 1, 'foodDeliveryApp', '[]', 0, '2020-07-26 23:41:00', '2020-07-26 23:41:00', '2021-07-26 16:41:00'),
('31b059ee45bd5ae5d44aff6fa7e148cb6d4c37f3416d7416cdb2dbbc5625233b3595d655e76a63fe', 105, 1, 'foodDeliveryApp', '[]', 0, '2020-07-26 23:42:35', '2020-07-26 23:42:35', '2021-07-26 16:42:35'),
('db55bda01b45a5e042fe23a262071da00ccd0151bbf54d4d054610b5e94b9651a41f34c1caa1a5dd', 105, 1, 'foodDeliveryApp', '[]', 0, '2020-07-26 23:44:37', '2020-07-26 23:44:37', '2021-07-26 16:44:37'),
('5802ee1c803ce3671e41ce9fd925b4890cd627439f2d5af3183a45c6011ef35c4a208d264a9ffe46', 105, 1, 'foodDeliveryApp', '[]', 0, '2020-07-27 13:58:00', '2020-07-27 13:58:00', '2021-07-27 06:58:00'),
('9bf2df05daa7fb138e969d814b24eb26a535eff0ee153d9bd63d6854896b242b2d66cee2858dced5', 105, 1, 'foodDeliveryApp', '[]', 0, '2020-07-27 14:23:12', '2020-07-27 14:23:12', '2021-07-27 07:23:12'),
('ecd5fdd0d2a2faee779246af07327066a445a172f4d8ef86f83edd215640a960e9a2983f46feef4d', 105, 1, 'foodDeliveryApp', '[]', 0, '2020-07-27 14:39:22', '2020-07-27 14:39:22', '2021-07-27 07:39:22'),
('cb32687f071946ec3719df291abeb7aa4c8dc9306f604185ea435075d45e2073a3ffb8264a5383af', 105, 1, 'foodDeliveryApp', '[]', 0, '2020-07-27 14:42:26', '2020-07-27 14:42:26', '2021-07-27 07:42:26'),
('05d48c2bfc506183da91ed7a20bc3483c8dd0d5bdd3a48b993b5ebe96660327188184c6c3e80bd7d', 105, 1, 'foodDeliveryApp', '[]', 0, '2020-07-27 19:41:46', '2020-07-27 19:41:46', '2021-07-27 12:41:46'),
('7b389de8e8566e50fbd7a4cfc40432639fdee15a355a514865248ade7b0948e1ec0e98581e794f22', 73, 1, 'foodDeliveryApp', '[]', 0, '2020-07-27 21:00:39', '2020-07-27 21:00:39', '2021-07-27 14:00:39'),
('76d53a01fbce853026031c204db2d00deda018b0ec7bd48203b2d410560e22752992f3b15eb47cea', 73, 1, 'foodDeliveryApp', '[]', 0, '2020-07-27 22:19:59', '2020-07-27 22:19:59', '2021-07-27 15:19:59'),
('62e79730cc0ef4988e0a5c8cb57490cb3145123a88e6bf7078942ac803de2f6940c362f34b86bdb6', 73, 1, 'foodDeliveryApp', '[]', 0, '2020-07-27 22:26:34', '2020-07-27 22:26:34', '2021-07-27 15:26:34'),
('800e96630d634e66118575a1d4d46180ecb67852080ec1d8dfcef2f8ca9c96f898deb8132d805902', 73, 1, 'foodDeliveryApp', '[]', 0, '2020-07-28 14:06:15', '2020-07-28 14:06:15', '2021-07-28 07:06:15'),
('51fb6fa53ae33f453ed43c1dc1ee02d54f986eba82ac0845bdf9d1c047e467890ded986d20e38aa0', 73, 1, 'foodDeliveryApp', '[]', 0, '2020-07-29 01:25:53', '2020-07-29 01:25:53', '2021-07-28 18:25:53'),
('6d91dbd7926542b1a34efa6cfe46a67b7cf6dfa84573ba6f7b212aee363b8df39aeedbabebfb02c8', 73, 1, 'foodDeliveryApp', '[]', 0, '2020-07-29 23:13:31', '2020-07-29 23:13:31', '2021-07-29 16:13:31'),
('f5a308f8bf7635badd71e884e2252a4dd47828e175aebe7f878ac793dcfc930869aece3ff76c03e8', 73, 1, 'foodDeliveryApp', '[]', 0, '2020-07-29 23:25:01', '2020-07-29 23:25:01', '2021-07-29 16:25:01'),
('d8562b83048833d04d319dee726f8eecc5b5f0540705eed840a924a5b05d7cbea4f3e1f3277e5e7e', 73, 1, 'foodDeliveryApp', '[]', 0, '2020-07-30 00:12:02', '2020-07-30 00:12:02', '2021-07-29 17:12:02'),
('5f00f66ef78caee91c1fefd9945cbad0b7b5a6413a5682bed023e06f26ed0b49cbe3050406592386', 73, 1, 'foodDeliveryApp', '[]', 0, '2020-07-30 14:16:03', '2020-07-30 14:16:03', '2021-07-30 07:16:03'),
('d9f9791d4b9f2066dd734c32fbe1ec27aad183cedf933976d7bab6252e7df69b293abf96cad94919', 105, 1, 'foodDeliveryApp', '[]', 0, '2020-07-30 19:07:18', '2020-07-30 19:07:18', '2021-07-30 12:07:18'),
('aecd8330bdc636f3a3bdc5bc35d90915d9b40d5e9433398ddce2d53bfc6fc23ba680067687c80ea8', 105, 1, 'foodDeliveryApp', '[]', 0, '2020-07-30 19:43:22', '2020-07-30 19:43:22', '2021-07-30 12:43:22'),
('c9c61a3cba737d85665506ece72d8ba7eaa006e6862df9ecdc14ccc764974458b2c911c76f31434b', 105, 1, 'foodDeliveryApp', '[]', 0, '2020-07-30 20:03:16', '2020-07-30 20:03:16', '2021-07-30 13:03:16'),
('86bf2c80fef932d0c35aceecae2a06b0b0620360661a018842864884acca26798e7c250ea00f9805', 105, 1, 'foodDeliveryApp', '[]', 0, '2020-07-30 20:08:02', '2020-07-30 20:08:02', '2021-07-30 13:08:02'),
('3405e7bb1136f6e3457de23b234a5498ca881ed4f008bfaa743aab219d029fcd8377de1171bca282', 105, 1, 'foodDeliveryApp', '[]', 0, '2020-07-30 20:11:38', '2020-07-30 20:11:38', '2021-07-30 13:11:38'),
('8dc0483c88aa8e3ce7b9421ab8c491fa12a8d3235cc56db2247aa8a635a608ae11dcf5bbc61df494', 105, 1, 'foodDeliveryApp', '[]', 0, '2020-07-30 20:12:26', '2020-07-30 20:12:26', '2021-07-30 13:12:26'),
('487214558b4963f35bbdc906e2c843daa688abb7887a17aa30fbb81e9bd62676d5aa82f069b408a2', 105, 1, 'foodDeliveryApp', '[]', 0, '2020-07-30 20:13:15', '2020-07-30 20:13:15', '2021-07-30 13:13:15'),
('9977b0981e56e422b0295a97526f59177bfc7c4dadc09644fd6705a093b74f30a4d05fb5df6f11bf', 73, 1, 'foodDeliveryApp', '[]', 0, '2020-07-30 20:23:36', '2020-07-30 20:23:36', '2021-07-30 13:23:36'),
('ac2de27652d3a997c6429b5087a5da8f3032bbe24da19c1bedefef5fa60393e81e889d4244b9bd9b', 73, 1, 'foodDeliveryApp', '[]', 0, '2020-07-31 13:55:17', '2020-07-31 13:55:17', '2021-07-31 06:55:17'),
('ceb5b9bbe38275b7c288023a0705ddc920588ae1aa45cca41906b90ea948240b1ebd022a9cd2b97a', 109, 1, 'foodDeliveryApp', '[]', 0, '2020-08-01 05:05:33', '2020-08-01 05:05:33', '2021-07-31 22:05:33'),
('a0cc4473a12251b5f757d74f423c5de39598de5a521cb4db4f7f627b488b84ecc3dfabade81ba1b8', 109, 1, 'foodDeliveryApp', '[]', 0, '2020-08-01 05:07:15', '2020-08-01 05:07:15', '2021-07-31 22:07:15'),
('ee98d34e84f75fe55506debad63e3eae454144da4442a2d4b7a4285682ada4a467441ad0bcc1f5fa', 110, 1, 'foodDeliveryApp', '[]', 0, '2020-08-01 05:08:15', '2020-08-01 05:08:15', '2021-07-31 22:08:15'),
('1a24052f83f5665a8d2f711b40e144b4fb1785b7c6084e74e918015d970bd5dfbc7e7cd23cbf3637', 105, 1, 'foodDeliveryApp', '[]', 0, '2020-08-01 14:18:23', '2020-08-01 14:18:23', '2021-08-01 07:18:23'),
('029d70cfad0411d6c903311621387630b5f60f681e89473b29da1a8e4dc4c884ffe312e7f2bab6d3', 105, 1, 'foodDeliveryApp', '[]', 0, '2020-08-01 18:10:44', '2020-08-01 18:10:44', '2021-08-01 11:10:44'),
('57b4d034befbc0631a22c9bad931aa85c7c5415e056119e3f314af1c08b0b81423f52960d5b07cfe', 73, 1, 'foodDeliveryApp', '[]', 0, '2020-08-01 18:36:23', '2020-08-01 18:36:23', '2021-08-01 11:36:23'),
('d0bc0e3d93118246b1a32959e7b87f2482d6204cba4f404d0c4ae45fe9607be7eadc17097fd487e2', 105, 1, 'foodDeliveryApp', '[]', 0, '2020-08-01 19:16:19', '2020-08-01 19:16:19', '2021-08-01 12:16:19'),
('8ae45feac0fb4e72cc78c4616b1986dc7dc65cc9785d8744b720e486dade17cd8294201ecc0dbba2', 105, 1, 'foodDeliveryApp', '[]', 0, '2020-08-01 20:55:17', '2020-08-01 20:55:17', '2021-08-01 13:55:17'),
('46b0687640239086449dc13dce5486409fdfad405eafb4c14c41e126d306ab840012bf315210f4ef', 105, 1, 'foodDeliveryApp', '[]', 0, '2020-08-01 20:58:28', '2020-08-01 20:58:28', '2021-08-01 13:58:28'),
('47ff53696b388e5105e80a66b107d5c03cc174327e15d325832b3673addd47c81c62de3c601ebb86', 105, 1, 'foodDeliveryApp', '[]', 0, '2020-08-01 21:00:07', '2020-08-01 21:00:07', '2021-08-01 14:00:07'),
('d35a68a2e707e830332def87eebb3048e1604890303b08beef3d4c3d8059e75d4cb9665a66be70f0', 105, 1, 'foodDeliveryApp', '[]', 0, '2020-08-01 21:12:09', '2020-08-01 21:12:09', '2021-08-01 14:12:09'),
('d1273e0f2390c80237ebe3ab55c4960619fb1b31f1d49ba1e12f7946ba3b78de073efae0a13a8a58', 105, 1, 'foodDeliveryApp', '[]', 0, '2020-08-01 21:23:01', '2020-08-01 21:23:01', '2021-08-01 14:23:01'),
('171f18d517119d29dd74fe5aec9c32f07ce8e9862510f08f60748b0b48e52cf4b3b9aa601c52421c', 105, 1, 'foodDeliveryApp', '[]', 0, '2020-08-02 00:29:05', '2020-08-02 00:29:05', '2021-08-01 17:29:05'),
('0265e00d497736065e26773313c7091f52c732f4a4451e328086a8e19e9be638eedc4804bdb5daec', 105, 1, 'foodDeliveryApp', '[]', 0, '2020-08-02 00:34:20', '2020-08-02 00:34:20', '2021-08-01 17:34:20'),
('4d626a248cbfa72b3b62798b8de7c460592dc3bd8080843112f0f1dac2d027de8fc9bfae33d65e3c', 111, 1, 'foodDeliveryApp', '[]', 0, '2020-08-02 10:55:38', '2020-08-02 10:55:38', '2021-08-02 03:55:38'),
('1a0554ac308424f77cb0899c44596367983360721d84437bd4bcc7e02104e3cc572196dbd8f2b06f', 112, 1, 'foodDeliveryApp', '[]', 0, '2020-08-02 11:00:26', '2020-08-02 11:00:26', '2021-08-02 04:00:26'),
('1cff313e305ab63699edd3cf7546d59f4216ce003244a0d9d521d1bb718a10b6a826ded58114961a', 113, 1, 'foodDeliveryApp', '[]', 0, '2020-08-02 11:02:34', '2020-08-02 11:02:34', '2021-08-02 04:02:34'),
('1b46de8e3f1fd0600f61e8739c1ec5abaf0bc9d82384443ae8262eb4f7cd5cedb20c6e72d8ef8df6', 113, 1, 'foodDeliveryApp', '[]', 0, '2020-08-02 11:12:04', '2020-08-02 11:12:04', '2021-08-02 04:12:04'),
('c321698321a637d72f8cd2491497b7e8d67827a14695ba150192adb41ae8d0274188fb646816fa9e', 113, 1, 'foodDeliveryApp', '[]', 0, '2020-08-02 11:12:14', '2020-08-02 11:12:14', '2021-08-02 04:12:14'),
('8317c431347e284f0091acfd205a226823649be82a22df83c1dc2e4f03b093cfeb3c0ce2830bf9b6', 113, 1, 'foodDeliveryApp', '[]', 0, '2020-08-02 11:15:43', '2020-08-02 11:15:43', '2021-08-02 04:15:43'),
('1e595fe13e2e2c364b0dd4ccff7f674c1f6b4867a40b091a14da932ef692b4ade7b1d4d5f1233ba1', 113, 1, 'foodDeliveryApp', '[]', 0, '2020-08-02 11:15:53', '2020-08-02 11:15:53', '2021-08-02 04:15:53'),
('5de96b128cbf7f71b44d0eb0ab3b339ba948acfc71f7b8853c24ba0a777e5bdb39d541490da28c87', 113, 1, 'foodDeliveryApp', '[]', 0, '2020-08-02 11:17:45', '2020-08-02 11:17:45', '2021-08-02 04:17:45'),
('72a1cb69171f0a44c04e047f57a387099daef6c4427292445dd83497bc4f605dfb554c03712e909a', 113, 1, 'foodDeliveryApp', '[]', 0, '2020-08-02 11:17:54', '2020-08-02 11:17:54', '2021-08-02 04:17:54'),
('470c7adfdd17381f6761d39a9a006fe93e69dea2586928357b630a74f9085786e8ddc8ccbd9f7251', 113, 1, 'foodDeliveryApp', '[]', 0, '2020-08-02 11:18:01', '2020-08-02 11:18:01', '2021-08-02 04:18:01'),
('ebcd5575a2b834049e1c5087dd30604c6546cfccce44c9e8b3730f14b3f9375bf05e86cfc4a758a4', 113, 1, 'foodDeliveryApp', '[]', 0, '2020-08-02 11:18:13', '2020-08-02 11:18:13', '2021-08-02 04:18:13'),
('a145862e2c73cc83ffc4fd265c7fbce78bdf61c9527519f239832e6756fcbe37c7cbd68681c22b36', 113, 1, 'foodDeliveryApp', '[]', 0, '2020-08-02 11:18:23', '2020-08-02 11:18:23', '2021-08-02 04:18:23'),
('40df3d326156f2298772c486efd6b63cbab0e57de2afb05512b16cfc092ec5c6abcb816b4618d02d', 113, 1, 'foodDeliveryApp', '[]', 0, '2020-08-02 11:19:26', '2020-08-02 11:19:26', '2021-08-02 04:19:26'),
('7016a766c452f624f9cbac54d7fce1487c7e7c62acf26da46126c54c7f8cc0df10106c490cee31db', 105, 1, 'foodDeliveryApp', '[]', 0, '2020-08-02 15:38:20', '2020-08-02 15:38:20', '2021-08-02 08:38:20'),
('290920f591789b0040bb2054cdb1e7b6ac2812301c060c5cd36278c37621f7b6ce7499f15089d017', 113, 1, 'foodDeliveryApp', '[]', 0, '2020-08-02 15:38:27', '2020-08-02 15:38:27', '2021-08-02 08:38:27'),
('ec578bc55c2adf6df6256db72dfe981f5074f7b45025fa14e03e1ccbcbedf442f03abcec448cc9ab', 113, 1, 'foodDeliveryApp', '[]', 0, '2020-08-02 15:44:44', '2020-08-02 15:44:44', '2021-08-02 08:44:44'),
('a6a04e26cbf562d81b72633658c9363834a6bd038efeafc45ceec8abdeccc0dff8016d10cc18f0aa', 105, 1, 'foodDeliveryApp', '[]', 0, '2020-08-02 15:55:54', '2020-08-02 15:55:54', '2021-08-02 08:55:54'),
('b245d542a9dd407bebb3319ba1db017bf6df8a3fb8b4d3c78d92828c7bf7a47cf949248dba25ad55', 105, 1, 'foodDeliveryApp', '[]', 0, '2020-08-02 17:34:27', '2020-08-02 17:34:27', '2021-08-02 10:34:27'),
('e631a8345ee94f16f788438bac28a81a082855db2969c6da872a10e4d77eb0dc6a9bbda9fd1e0224', 113, 1, 'foodDeliveryApp', '[]', 0, '2020-08-02 17:57:56', '2020-08-02 17:57:56', '2021-08-02 10:57:56'),
('39ce942bd56c5fdd6df1cfd80451b1453ac9e216f8be3055347d4f1a86934a9a2afb4df4ed1a3e92', 113, 1, 'foodDeliveryApp', '[]', 0, '2020-08-02 18:04:36', '2020-08-02 18:04:36', '2021-08-02 11:04:36'),
('6891ae0a452f8c82db0924219a0508c3d5560584d5c274ce7977cfff38d2da09179a9e40934d0735', 113, 1, 'foodDeliveryApp', '[]', 0, '2020-08-02 18:04:48', '2020-08-02 18:04:48', '2021-08-02 11:04:48'),
('2bb8b8ba06e20d69ab06e0e58f8af9d0a403c97a21f896dcd9a27cc320667e2e32de26ef65c2666c', 113, 1, 'foodDeliveryApp', '[]', 0, '2020-08-02 18:05:10', '2020-08-02 18:05:10', '2021-08-02 11:05:10'),
('bd1e3297ea7f5659db3bdb1606dfcafcbf8334883c76f7bcb991fdb2d9986441ead01657ea23eb11', 113, 1, 'foodDeliveryApp', '[]', 0, '2020-08-02 18:05:28', '2020-08-02 18:05:28', '2021-08-02 11:05:28'),
('470c648d34174ee6e33a2013fdc280de0518ab6324cc736047377cb50e6ad0c628ce27dd8a026009', 113, 1, 'foodDeliveryApp', '[]', 0, '2020-08-02 18:05:53', '2020-08-02 18:05:53', '2021-08-02 11:05:53'),
('db082103e1a0b5cdd7dd9dc0d023ab09b945e9c0e2449f2b575344573060418e15624551e47af7e9', 105, 1, 'foodDeliveryApp', '[]', 0, '2020-08-02 18:07:48', '2020-08-02 18:07:48', '2021-08-02 11:07:48'),
('bedc73c6984a883844a1767997fa05a1867d73f3bc20b51a494de671a47f850e6ea27c649b731320', 113, 1, 'foodDeliveryApp', '[]', 0, '2020-08-02 18:11:52', '2020-08-02 18:11:52', '2021-08-02 11:11:52'),
('8635275c2781fbe01e16c638601dbe4829d7d2f8afae476bc061a41f997d0629604e2ef1ca60e2d9', 113, 1, 'foodDeliveryApp', '[]', 0, '2020-08-02 18:34:09', '2020-08-02 18:34:09', '2021-08-02 11:34:09'),
('3cc6d313f92bd4261e5e294c9925af46903e31876cfa58000086e3813fe6d88d2a937dc6f9788324', 113, 1, 'foodDeliveryApp', '[]', 0, '2020-08-02 18:36:36', '2020-08-02 18:36:36', '2021-08-02 11:36:36'),
('f3e8cf570c4b74ba4f8ef102ee5a7b099207645f3659c3eb7794f265c1a36b3d8a414cc0459944bf', 113, 1, 'foodDeliveryApp', '[]', 0, '2020-08-02 18:37:12', '2020-08-02 18:37:12', '2021-08-02 11:37:12'),
('e07414e39e5aa26ec1d6e16082d046d776eff8ee089dfbdac0a307876fba532ed53b49183b692a5f', 105, 1, 'foodDeliveryApp', '[]', 0, '2020-08-02 18:39:55', '2020-08-02 18:39:55', '2021-08-02 11:39:55'),
('888d9d46696ea366df833e3aae00c5f14f66434df42ce525c35d4f008a1fe3b39c6c0dc8c1b83a0d', 113, 1, 'foodDeliveryApp', '[]', 0, '2020-08-02 18:40:46', '2020-08-02 18:40:46', '2021-08-02 11:40:46'),
('992c31f6b3d2b0d347809c946134cc89b7e800e5855d8ea49a9bbd4fb0b3557736bb3ac0c29da58b', 113, 1, 'foodDeliveryApp', '[]', 0, '2020-08-02 18:41:37', '2020-08-02 18:41:37', '2021-08-02 11:41:37'),
('aef2f10eef0441007c7ab4f7cb4b68e813b6b98702e6d092033a2c26dbe47abe7717ea7f23e1dc62', 113, 1, 'foodDeliveryApp', '[]', 0, '2020-08-02 19:56:40', '2020-08-02 19:56:40', '2021-08-02 12:56:40'),
('fd6cd4e8818f5dc6617268764803ca34643e91b09357229fcd1d80eeed08022a7857c5e727e58c36', 113, 1, 'foodDeliveryApp', '[]', 0, '2020-08-02 20:03:20', '2020-08-02 20:03:20', '2021-08-02 13:03:20'),
('0411f4f0f2d3a330100d9a1a7b9a9790eb0faee2d3471ee4afc67b89fd09acd2d80a1ffd93c8436c', 113, 1, 'foodDeliveryApp', '[]', 0, '2020-08-02 20:06:24', '2020-08-02 20:06:24', '2021-08-02 13:06:24'),
('b75204773f95272d505e8463ef588ee6bd1e6bfb76dbb57d22e3da9db7807c162e7621f02f691121', 113, 1, 'foodDeliveryApp', '[]', 0, '2020-08-02 20:27:12', '2020-08-02 20:27:12', '2021-08-02 13:27:12'),
('26ab8ed7494d5c904120da345c46252b5d5a9aaefd84b3108a2ef85648ae3cb0206d81ff17910d5f', 113, 1, 'foodDeliveryApp', '[]', 0, '2020-08-02 20:35:12', '2020-08-02 20:35:12', '2021-08-02 13:35:12'),
('2f6caf457c548e6d45e75be611283d2229909542976229cbefa4d0e70179cc9a2f8b1294f14de744', 113, 1, 'foodDeliveryApp', '[]', 0, '2020-08-02 21:08:42', '2020-08-02 21:08:42', '2021-08-02 14:08:42'),
('ab3d1a89c742806a8d9192997ca9be2b988730fd31da5ba85003723f6e2b87683f42236512a1cb02', 113, 1, 'foodDeliveryApp', '[]', 0, '2020-08-02 22:26:24', '2020-08-02 22:26:24', '2021-08-02 15:26:24'),
('3bde67625d60d2285eac217ad13c5261caaf647d20b8e2e27f1b76503b0b0ccdd02f190efade7404', 105, 1, 'foodDeliveryApp', '[]', 0, '2020-08-02 23:34:18', '2020-08-02 23:34:18', '2021-08-02 16:34:18'),
('e66c4a5fd9c4ba8a896da04508c90567c31d63ffa5bc386c3f529a673af868f0a9909f79195d20b6', 113, 1, 'foodDeliveryApp', '[]', 0, '2020-08-02 23:45:18', '2020-08-02 23:45:18', '2021-08-02 16:45:18'),
('bd8b69cb4bb349681e6cef71d5bf7e53b2c23836e8f116a82a9f45de10edaff0c3d65b121eba55e1', 73, 1, 'foodDeliveryApp', '[]', 0, '2020-08-03 14:26:21', '2020-08-03 14:26:21', '2021-08-03 07:26:21'),
('450141544cab5a8058d1902b64dca357fd76fe41b4caa1f9a86a71f40d924c60f1fe48e800c92192', 113, 1, 'foodDeliveryApp', '[]', 0, '2020-08-03 21:49:40', '2020-08-03 21:49:40', '2021-08-03 14:49:40'),
('ac1e6609d59427cfb38a93771d9e962894ead1d6b7eddb618a895f8683fc8e1fb9a7d295552a15ad', 113, 1, 'foodDeliveryApp', '[]', 0, '2020-08-03 21:50:02', '2020-08-03 21:50:02', '2021-08-03 14:50:02'),
('76afda4fcc0e4de14ff1c60ef41c8d3a97a220674b85562f875886a0b98efb9c4d0688b7c026d59a', 113, 1, 'foodDeliveryApp', '[]', 0, '2020-08-03 21:50:38', '2020-08-03 21:50:38', '2021-08-03 14:50:38'),
('2b06b41612e65fb56e13ec01e90d6507b239ef2608be3983c8e686f8b0ce673bf9264f1cf9402f6f', 113, 1, 'foodDeliveryApp', '[]', 0, '2020-08-03 22:01:32', '2020-08-03 22:01:32', '2021-08-03 15:01:32'),
('2e784793431dc1e290d861b29353740769e0dcc770188235a08dd6cbcf520b5250ee17629cd8966b', 113, 1, 'foodDeliveryApp', '[]', 0, '2020-08-03 22:02:18', '2020-08-03 22:02:18', '2021-08-03 15:02:18'),
('5b30d6ff59bede165c8c9ca2156c37e98916ddc8ef87b12d495612c4fad294edc480603dff787a09', 113, 1, 'foodDeliveryApp', '[]', 0, '2020-08-03 22:02:37', '2020-08-03 22:02:37', '2021-08-03 15:02:37'),
('d11f8b3974c52db5eed493d8877fb9e5070732c6a5785ed5964327c4fdb6b036c58202a5fab09440', 113, 1, 'foodDeliveryApp', '[]', 0, '2020-08-03 22:02:50', '2020-08-03 22:02:50', '2021-08-03 15:02:50'),
('c45ee5fe8e2f20c6c4b7907bfff8a776a405baef364f6b29b4d02d9c8628f565e6bfb6ef638e863a', 113, 1, 'foodDeliveryApp', '[]', 0, '2020-08-03 22:03:40', '2020-08-03 22:03:40', '2021-08-03 15:03:40'),
('e1f948d5c030d9f0698c71b4015fdb1f2d55320dde679833e987313279d3139b3ea2cbf066f46351', 113, 1, 'foodDeliveryApp', '[]', 0, '2020-08-03 22:12:37', '2020-08-03 22:12:37', '2021-08-03 15:12:37'),
('60b57d355acb2fd29ca43f7b20c677eb1b2243f291b70924383cca48571003fe697950d86a215742', 113, 1, 'foodDeliveryApp', '[]', 0, '2020-08-03 22:43:08', '2020-08-03 22:43:08', '2021-08-03 15:43:08'),
('0549e31156fcd7eed6bece58f0edf7c5578f9c38f68f706c26741f7f4f63f492f8d72d373c4fba93', 113, 1, 'foodDeliveryApp', '[]', 0, '2020-08-03 22:46:42', '2020-08-03 22:46:42', '2021-08-03 15:46:42'),
('010f1918d152c3659f6e982b4514a1690f5cd81d12d3c34affec6bafa6294cf84a84fe76461692c9', 113, 1, 'foodDeliveryApp', '[]', 0, '2020-08-03 22:48:57', '2020-08-03 22:48:57', '2021-08-03 15:48:57'),
('dba68640598ac2ad070ad25d9554f93688ae2dff2cad75d302fd55f50b68ca0d93a3c2a7fb60b25f', 113, 1, 'foodDeliveryApp', '[]', 0, '2020-08-03 22:49:12', '2020-08-03 22:49:12', '2021-08-03 15:49:12'),
('ee4c19ffa1c61c3b3972bfeecf2691fe3680703e8a596a8eb8519adc079bdfb462554e92f8c75298', 113, 1, 'foodDeliveryApp', '[]', 0, '2020-08-03 22:49:55', '2020-08-03 22:49:55', '2021-08-03 15:49:55'),
('f90e36394aea8c782d9a322a7fd20f7cb1312d8e64c1c4fdc426d23b45b4c9ae462be5a0c722eb72', 113, 1, 'foodDeliveryApp', '[]', 0, '2020-08-03 22:50:58', '2020-08-03 22:50:58', '2021-08-03 15:50:58'),
('2c7251f4ac5334fd5aca37f904a215cad84480c9dcfdb51fdf8ff3052e00939c49249de7c5261373', 113, 1, 'foodDeliveryApp', '[]', 0, '2020-08-03 22:52:39', '2020-08-03 22:52:39', '2021-08-03 15:52:39'),
('957e745d599bf75eabbda6ccbe69fdf0c351de8fac1406639fe33e699463ce399c575cd53d1cbacd', 113, 1, 'foodDeliveryApp', '[]', 0, '2020-08-03 22:53:08', '2020-08-03 22:53:08', '2021-08-03 15:53:08'),
('e348feb462fe0e6f20b37d568be9d0b242a10b321b1b27f40eaf0588b4f2b141e64d47b36a6eb7bd', 113, 1, 'foodDeliveryApp', '[]', 0, '2020-08-03 23:10:21', '2020-08-03 23:10:21', '2021-08-03 16:10:21'),
('df332b80a52b43bb180dcbf81f280beacbd5fbbbab8e703b7d2f960a7d1a7e96c171f702831657fb', 113, 1, 'foodDeliveryApp', '[]', 0, '2020-08-03 23:10:35', '2020-08-03 23:10:35', '2021-08-03 16:10:35'),
('45e858bab4001e5bac1755d2cf88f488432fada8d2808e48f2f12a9b96f33ea32a78f2a8368ab2e1', 113, 1, 'foodDeliveryApp', '[]', 0, '2020-08-03 23:10:47', '2020-08-03 23:10:47', '2021-08-03 16:10:47'),
('2d86a35d625cf075a39e05cf3db69ad8e832c03ab9d7a74e31f822b783580b29f12aa457cf2671ec', 113, 1, 'foodDeliveryApp', '[]', 0, '2020-08-03 23:11:32', '2020-08-03 23:11:32', '2021-08-03 16:11:32'),
('6b2c24409bece6b65c785f25c8f1038f720e6e14e551e051cfffa060c7debbcc3c46c3c8be8b5523', 113, 1, 'foodDeliveryApp', '[]', 0, '2020-08-03 23:44:36', '2020-08-03 23:44:36', '2021-08-03 16:44:36'),
('719ebdd333d17207fe43c4ffe548cd14931134fc38148429ce2586d3170fd350aaeaab19e40d4246', 113, 1, 'foodDeliveryApp', '[]', 0, '2020-08-03 23:45:21', '2020-08-03 23:45:21', '2021-08-03 16:45:21'),
('f4c91b72c291472928306094f861bccd26b1b69789086680ff8b12d8cdd8714bfb551301eae2134e', 113, 1, 'foodDeliveryApp', '[]', 0, '2020-08-03 23:45:35', '2020-08-03 23:45:35', '2021-08-03 16:45:35'),
('ee635d5d5dac9ecb48bfd1815476a3133fd1ce73ad80b40453609fe15c917acefab4f95961247720', 113, 1, 'foodDeliveryApp', '[]', 0, '2020-08-04 13:03:21', '2020-08-04 13:03:21', '2021-08-04 06:03:21'),
('803a186cf8359e280a68fa363ee0a8f0a9eab7dafd119d67df9a7038b4db1b0b3f9ebd256f8812d4', 113, 1, 'foodDeliveryApp', '[]', 0, '2020-08-04 13:04:14', '2020-08-04 13:04:14', '2021-08-04 06:04:14'),
('e6501bb49c4dab9047e1be5c9306f07ff573b840f140d2598ae5a1520e62d655c13b4b8486544b25', 113, 1, 'foodDeliveryApp', '[]', 0, '2020-08-04 13:07:33', '2020-08-04 13:07:33', '2021-08-04 06:07:33'),
('ad1db5936d770650cc163ac7874850a2301cdecc7e4871d260e3a18db8bde1b3e78d46c43ee0bdd7', 113, 1, 'foodDeliveryApp', '[]', 0, '2020-08-04 13:10:02', '2020-08-04 13:10:02', '2021-08-04 06:10:02'),
('e42bc3caec770f9ff1ea6cf134c438af73eaf810a71f89b36fcb197451527f78ff986c07ffc5ae52', 113, 1, 'foodDeliveryApp', '[]', 0, '2020-08-04 13:14:59', '2020-08-04 13:14:59', '2021-08-04 06:14:59'),
('ba5c57c321fee529e4d898db2a1eb646143d17a8ffd2963ce224724e712d609266c0fb04426f24c8', 113, 1, 'foodDeliveryApp', '[]', 0, '2020-08-04 13:21:08', '2020-08-04 13:21:08', '2021-08-04 06:21:08'),
('387908a8d1772db71df1399607b5ac1e4bb72d7ac4729caa1e0130639698afc05deb2ceadea2eab7', 113, 1, 'foodDeliveryApp', '[]', 0, '2020-08-04 13:21:59', '2020-08-04 13:21:59', '2021-08-04 06:21:59'),
('9ce528c490b6c8ac9ad629095b9ae4074d048e264030b7b3f515c54fbb66b116bcdf9906d2a89c4e', 113, 1, 'foodDeliveryApp', '[]', 0, '2020-08-04 13:23:47', '2020-08-04 13:23:47', '2021-08-04 06:23:47'),
('c1fc8a694edbd559dfad3f6388895ff5209d21b4d4401648ec72bd4970566c768b3104a454cd329e', 113, 1, 'foodDeliveryApp', '[]', 0, '2020-08-04 13:35:19', '2020-08-04 13:35:19', '2021-08-04 06:35:19'),
('289e69a43bd8dbaf8909ec23cdc4b8d768370b70dc3ca5f9c99896a1246146d4b6c38546690341b5', 113, 1, 'foodDeliveryApp', '[]', 0, '2020-08-04 13:36:43', '2020-08-04 13:36:43', '2021-08-04 06:36:43'),
('f6044b296770d62ab448b9470d981e0802ae6091937019eb92411b597870fb126aba0c2add64adfb', 113, 1, 'foodDeliveryApp', '[]', 0, '2020-08-04 13:38:28', '2020-08-04 13:38:28', '2021-08-04 06:38:28'),
('31ddad15ea1416021b862eaa9170c5c399ebdce914c1e0b2a8c892f3982947409ad048cc4d45a19e', 113, 1, 'foodDeliveryApp', '[]', 0, '2020-08-04 13:39:00', '2020-08-04 13:39:00', '2021-08-04 06:39:00'),
('9dac5fddbeabbdeba89bf8bba0f600fafad78d1b4e078ed7140400ef3ca5d07b16acdd7d1ca396f8', 113, 1, 'foodDeliveryApp', '[]', 0, '2020-08-04 13:41:24', '2020-08-04 13:41:24', '2021-08-04 06:41:24'),
('8c39203876f7e102b7b14f340495adc0f9ee9f1628e4389379d1f8c43a2f1be57fc194136a4dbfd1', 113, 1, 'foodDeliveryApp', '[]', 0, '2020-08-04 13:42:30', '2020-08-04 13:42:30', '2021-08-04 06:42:30'),
('8122d86d833e605af4c049bafa06106148e0a816bab06c6a4130391cbd2d9d09936b49dfc2781cfe', 113, 1, 'foodDeliveryApp', '[]', 0, '2020-08-04 13:43:13', '2020-08-04 13:43:13', '2021-08-04 06:43:13'),
('2a73fa2fdabcf33e53651342d790bf548ab125c933d67606497d98070871d80e19b99aae2b58b335', 113, 1, 'foodDeliveryApp', '[]', 0, '2020-08-04 13:47:10', '2020-08-04 13:47:10', '2021-08-04 06:47:10'),
('e1cb3ad4e6d077bd2b0c023e2dcb891bca0d4aea9baeefc06ab3218624a573858c6d1fa0c6a2d1a1', 113, 1, 'foodDeliveryApp', '[]', 0, '2020-08-04 13:48:32', '2020-08-04 13:48:32', '2021-08-04 06:48:32'),
('00be554f0960d2d2e0b6eab28c6b7e097752716cc418ae7d9b18b17e83823ea739ffca24ace2318b', 113, 1, 'foodDeliveryApp', '[]', 0, '2020-08-04 13:49:01', '2020-08-04 13:49:01', '2021-08-04 06:49:01'),
('8ad9c07b7c372ab149ae2b2ee64f4acbb02b31a8346c46e863106354d8d223c44bf6a8d441f59e9a', 113, 1, 'foodDeliveryApp', '[]', 0, '2020-08-04 13:49:36', '2020-08-04 13:49:36', '2021-08-04 06:49:36'),
('079ba2e0c548a0816d86f0f4a9614e60745243eae63b1b8137d93365af2bb0681f52285bde638427', 113, 1, 'foodDeliveryApp', '[]', 0, '2020-08-04 13:50:31', '2020-08-04 13:50:31', '2021-08-04 06:50:31'),
('847607131027109a1c18e7ef13ae3953900214eeb3d7a689c16772cf48d4b93f3060c204a767a47a', 113, 1, 'foodDeliveryApp', '[]', 0, '2020-08-04 13:51:50', '2020-08-04 13:51:50', '2021-08-04 06:51:50'),
('7840f69105e26eaf7cd2e5770001bbfd785ec89852eb6780f546c4e948ba11c77eb5150637f8b39a', 113, 1, 'foodDeliveryApp', '[]', 0, '2020-08-04 13:52:11', '2020-08-04 13:52:11', '2021-08-04 06:52:11'),
('5aeb265e3397aff8690e76cadcc0fc260265227347f963c6839637953df8cc6954a69a894f2a1adb', 113, 1, 'foodDeliveryApp', '[]', 0, '2020-08-04 18:59:59', '2020-08-04 18:59:59', '2021-08-04 11:59:59'),
('a1974aa831132e0bc8041ddbe39bef0646a8ac78243c329e4c7edc78e2b72cc2c874970b090c1d5a', 113, 1, 'foodDeliveryApp', '[]', 0, '2020-08-04 19:06:06', '2020-08-04 19:06:06', '2021-08-04 12:06:06'),
('ee162fb37198de13c8128a0a0615bf688ba279e96edb4c3dba2b3d6111a1dfb08fc652f2cea993ea', 113, 1, 'foodDeliveryApp', '[]', 0, '2020-08-04 19:07:09', '2020-08-04 19:07:09', '2021-08-04 12:07:09'),
('164219d2201f01b9808ef7e84bec8f3a730ff70eb60707cc0a2fd0efa3374ee4a81f9ff3180dde3f', 113, 1, 'foodDeliveryApp', '[]', 0, '2020-08-04 19:07:43', '2020-08-04 19:07:43', '2021-08-04 12:07:43'),
('985320c0121d18819f76ed80a2e93240e7056a7003e44f2cde8215a7c1193860dd10c1df24a95347', 113, 1, 'foodDeliveryApp', '[]', 0, '2020-08-04 19:07:56', '2020-08-04 19:07:56', '2021-08-04 12:07:56'),
('b9d8fda1616e0bf8e73f10135bd5ad5d536a66232f27bf5482c17932c2856883bf087d2219ffd3f8', 113, 1, 'foodDeliveryApp', '[]', 0, '2020-08-04 20:01:25', '2020-08-04 20:01:25', '2021-08-04 13:01:25'),
('d21f01763aa0150097169287cfb9d1a7dbcf28b68a5abdc9adbe0114a0265c715147490c957a3d41', 113, 1, 'foodDeliveryApp', '[]', 0, '2020-08-04 21:07:42', '2020-08-04 21:07:42', '2021-08-04 14:07:42'),
('afb2537cacceae7cf41d85ea58fc1f57a28ac3f534b09a93927f74dd6a01f613299380d47556e57d', 73, 1, 'foodDeliveryApp', '[]', 0, '2020-08-04 22:14:06', '2020-08-04 22:14:06', '2021-08-04 15:14:06'),
('cdaff3a933f975df88ab5d499d62a9cc3f15c347fe01e9b2b48494dbd0f67f4bff6d4db24473c918', 73, 1, 'foodDeliveryApp', '[]', 0, '2020-08-05 00:33:41', '2020-08-05 00:33:41', '2021-08-04 17:33:41'),
('f8e19c3f167a671c346a73bb67bc6ab1257db90a2c53e6273366cb636146d1ce7801af101c04fb55', 73, 1, 'foodDeliveryApp', '[]', 0, '2020-08-05 22:59:26', '2020-08-05 22:59:26', '2021-08-05 15:59:26'),
('93c86f19ba37497a02e2151174ae154c0df13882b88d2cf9fa0101385182c0dc7e8aa1bd64c1be24', 73, 1, 'foodDeliveryApp', '[]', 0, '2020-08-05 23:57:40', '2020-08-05 23:57:40', '2021-08-05 16:57:40'),
('8277e2bd1f1ac29b122569ccc04af0ea79a10bb6293143b4fc7f84f3cda24cda7a50b2d49d0e19a8', 73, 1, 'foodDeliveryApp', '[]', 0, '2020-08-05 23:59:45', '2020-08-05 23:59:45', '2021-08-05 16:59:45'),
('da736a7636bf9754b7c46d422fb0b54fe9381582a281470ea231921580d84ad34bd79bdd6738f6b2', 73, 1, 'foodDeliveryApp', '[]', 0, '2020-08-06 00:04:19', '2020-08-06 00:04:19', '2021-08-05 17:04:19'),
('5cd8e404c76bd6da78128f1f0be5d6285bb82bfdf8cad8978dfab4ccd877c5ce382f0c93cdeab59f', 73, 1, 'foodDeliveryApp', '[]', 0, '2020-08-06 12:13:45', '2020-08-06 12:13:45', '2021-08-06 05:13:45'),
('76d3efed23786ca905eae1b8d4431a49bb6357b1d1b9492e05c0ceabfb3bf34318ccffab70223bdd', 73, 1, 'foodDeliveryApp', '[]', 0, '2020-08-06 12:14:04', '2020-08-06 12:14:04', '2021-08-06 05:14:04'),
('cbe3a04d3d6df1fe297a90fd926dda25b9cf5309e6a77415397be0209e2955e98f2dc3ea857ec8c3', 73, 1, 'foodDeliveryApp', '[]', 0, '2020-08-06 13:35:20', '2020-08-06 13:35:20', '2021-08-06 06:35:20'),
('67a66ef146d0d7cb9867a46fc12aab3d3c9b65b01a79eb2e0d6ef9d5f62a4333a60d89ff4fa5f93d', 73, 1, 'foodDeliveryApp', '[]', 0, '2020-08-06 16:08:43', '2020-08-06 16:08:43', '2021-08-06 09:08:43'),
('9dce044b98bf158066e601922dfe9bdce5835bffe536f215e31d9cb0dc2c1f548124108e51716c52', 73, 1, 'foodDeliveryApp', '[]', 0, '2020-08-06 16:09:05', '2020-08-06 16:09:05', '2021-08-06 09:09:05'),
('375f7b2c0bab501f93ee3d0d64dd7d899c8a0eefaef32ad68794410126d38ba1a1553ab71662cdb9', 73, 1, 'foodDeliveryApp', '[]', 0, '2020-08-06 16:15:34', '2020-08-06 16:15:34', '2021-08-06 09:15:34'),
('db4a24c38986a6a0c204b52a517d42ecd37974f28b158426d218d45841c23aef8245a403cbb9d0f2', 73, 1, 'foodDeliveryApp', '[]', 0, '2020-08-06 16:17:04', '2020-08-06 16:17:04', '2021-08-06 09:17:04'),
('2584ba69ea7f7f5213bf962d0bf99ab9f3762aac625d4b7e374660a8932bcdda65885b1ca764b256', 73, 1, 'foodDeliveryApp', '[]', 0, '2020-08-06 16:18:21', '2020-08-06 16:18:21', '2021-08-06 09:18:21'),
('162b82aee752947568a25616e7bd9700c8a4fe2a61a7c2ed6ce79c368a9e562ded7277b179c5d61e', 73, 1, 'foodDeliveryApp', '[]', 0, '2020-08-06 16:28:03', '2020-08-06 16:28:03', '2021-08-06 09:28:03'),
('cbf77320f9dcd0530aa65281ee912f5549f22c9cb5da2a4f1380c68a91ad044f5499e50ab7badce9', 73, 1, 'foodDeliveryApp', '[]', 0, '2020-08-07 02:25:42', '2020-08-07 02:25:42', '2021-08-06 19:25:42'),
('02e56a65838fea05e7eb57e92f2a561a36bb9198fbe03936fff0294f95708de87b169c34c28a7c81', 73, 1, 'foodDeliveryApp', '[]', 0, '2020-08-07 02:44:10', '2020-08-07 02:44:10', '2021-08-06 19:44:10'),
('99cfac3952ec22e82823e71b8c08e1628f24c166c3c8e9d33c712f34de9c723d9ec90e9e1459fce2', 73, 1, 'foodDeliveryApp', '[]', 0, '2020-08-07 13:36:44', '2020-08-07 13:36:44', '2021-08-07 06:36:44'),
('af9c376319c672c422374e1b3ac07a6dd15633059fb24f098f040c76450df1745a8fd83866495d9a', 113, 1, 'foodDeliveryApp', '[]', 0, '2020-08-07 13:45:11', '2020-08-07 13:45:11', '2021-08-07 06:45:11'),
('c77ed7360c852f496d7fe8e8e1e1bd0cdb738cf9c76a47755d14cced2394965020cb1310badb81e9', 73, 1, 'foodDeliveryApp', '[]', 0, '2020-08-07 20:22:09', '2020-08-07 20:22:09', '2021-08-07 13:22:09'),
('2794e3cf89db1068dad2b2e1246673dae62a2a31ce0addd5466c655be9e3fc9f27c2e753c6709eb6', 73, 1, 'foodDeliveryApp', '[]', 0, '2020-08-08 19:44:01', '2020-08-08 19:44:01', '2021-08-08 12:44:01'),
('06bd7e2290f8b151296cb9fb75dab0c99fdb57214a7927be8edb9c8050615dad7ed029570bee1b3e', 113, 1, 'foodDeliveryApp', '[]', 0, '2020-08-10 14:28:13', '2020-08-10 14:28:13', '2021-08-10 07:28:13'),
('1a8ecde8cc659bac0b4bf83ead044228f3eb95ce706097f0e72e2dd7717cfceeea2a1347f980b055', 1, 1, 'foodDeliveryApp', '[]', 0, '2020-08-23 20:20:53', '2020-08-23 20:20:53', '2021-08-23 20:20:53'),
('db1933b12d1449a0bd9796b9663b0e9b11ff14f7b43cbdab2c115e3180c79a8cf1dff340a61e43b9', 1, 1, 'foodDeliveryApp', '[]', 0, '2020-08-24 06:32:47', '2020-08-24 06:32:47', '2021-08-24 06:32:47'),
('2fc96253b95a17f8eac1587bc8352b7e8dab64a3a05115874db200857136d867e3eaea0435599ac0', 1, 1, 'foodDeliveryApp', '[]', 0, '2020-08-24 11:25:46', '2020-08-24 11:25:46', '2021-08-24 11:25:46'),
('617c9418a1fbe67a89c1127ac0034e8d56e65d5001acce66e839bd01e3ea74df928293a40e1fbc21', 145, 1, 'foodDeliveryApp', '[]', 0, '2020-08-24 11:54:24', '2020-08-24 11:54:24', '2021-08-24 11:54:24'),
('5c9b6e4a79ee7154a56af89246913036c7ca593081b376bacd83dbdce4042f4c8ff038c6dd039354', 150, 1, 'foodDeliveryApp', '[]', 0, '2020-08-24 15:31:48', '2020-08-24 15:31:48', '2021-08-24 15:31:48'),
('72163ec3bb97fc283605e28d2169e66d0e323251458d5b769c510d174099b38aba0427c01a923368', 150, 1, 'foodDeliveryApp', '[]', 0, '2020-08-24 16:17:27', '2020-08-24 16:17:27', '2021-08-24 16:17:27'),
('d136ddcdb329c0590c3462636d271cf19435c8ff251c093cadbdb38289cf9fe0e72641321693fdad', 150, 1, 'foodDeliveryApp', '[]', 0, '2020-08-24 18:52:01', '2020-08-24 18:52:01', '2021-08-24 18:52:01'),
('68b6df4b2c359e0b3f14e94db83fb494daead805f3aa0ed8bd0431de6228b8ad8ac680714d004cfa', 150, 1, 'foodDeliveryApp', '[]', 0, '2020-08-24 19:54:12', '2020-08-24 19:54:12', '2021-08-24 19:54:12'),
('40d2594c51e9a4df2e37586cbd93557d4952833cd5364edd54abccc942d2d595924b4b5cbeed1e2f', 150, 1, 'foodDeliveryApp', '[]', 0, '2020-08-24 20:20:17', '2020-08-24 20:20:17', '2021-08-24 20:20:17'),
('b5f09d5aa28b6409d65446a2a1190b00a59203eb29a6811da318e4e0d7bb8ece315880d82e31dcec', 73, 1, 'foodDeliveryApp', '[]', 0, '2020-09-01 16:45:07', '2020-09-01 16:45:07', '2021-09-01 16:45:07'),
('fede22d0f1b136d17ac7719b6a8ade72917079b97e8ffd582b7ffcbc20bd75827598f0990842c174', 73, 1, 'foodDeliveryApp', '[]', 0, '2020-09-01 16:45:20', '2020-09-01 16:45:20', '2021-09-01 16:45:20'),
('9ff5d3d26a9bae98786052db52588ea2ae3896875e5a1cc72e55500cb2bb26109bce999f2bf63ad5', 73, 1, 'foodDeliveryApp', '[]', 0, '2020-09-01 16:45:28', '2020-09-01 16:45:28', '2021-09-01 16:45:28'),
('8b4b307f4fe6be3254cc803f170862a9752a15285f95fdc987001bfffa9d9a97d1ef3ed2614c311e', 150, 1, 'foodDeliveryApp', '[]', 0, '2020-09-01 16:45:48', '2020-09-01 16:45:48', '2021-09-01 16:45:48'),
('e0b2dc1360da0b6aa023b0b9993713830be7cd993d463a7baf10022f4ed452aaa443dc0e77b2c8c7', 150, 1, 'foodDeliveryApp', '[]', 0, '2020-09-01 16:47:10', '2020-09-01 16:47:10', '2021-09-01 16:47:10'),
('1952a76802d81ce498269ac9fc5ecbaf073a1c165b59f8a26cf445361dc9579706c9270e27d73c56', 73, 1, 'foodDeliveryApp', '[]', 0, '2020-09-01 17:55:34', '2020-09-01 17:55:34', '2021-09-01 17:55:34'),
('ab90b5db28f558fccd7665e4c9000177dc7a3dc4204a18f4135da7f14a7793ee9262995a86cfb92c', 150, 1, 'foodDeliveryApp', '[]', 0, '2020-09-01 17:56:18', '2020-09-01 17:56:18', '2021-09-01 17:56:18'),
('5d969ba15b58cedcacf9f763e90daf25bccd9c506b980ae627396ca8d6df70781b26d44310fd5711', 1, 1, 'foodDeliveryApp', '[]', 0, '2020-09-01 18:17:43', '2020-09-01 18:17:43', '2021-09-01 18:17:43'),
('a02e8dc5d3c6ed7bb37bdc6b4531543c99c4d8a64d3458c705212f09deff181bbf5956d8fbbb37da', 1, 1, 'foodDeliveryApp', '[]', 0, '2020-09-02 18:26:39', '2020-09-02 18:26:39', '2021-09-02 18:26:39'),
('3ff4b406b4ee38d7fe066a06daa73250af5b477fb7cc9127f2ae49e1f284631e6d19d92879ab2b0a', 1, 1, 'foodDeliveryApp', '[]', 0, '2020-09-02 19:29:31', '2020-09-02 19:29:31', '2021-09-02 19:29:31'),
('b7b03f55859ff1b5a0f64c6c36dd9e6af3b31e4d6a90ed800849990764edf08c28eb063abd5ce203', 1, 1, 'foodDeliveryApp', '[]', 0, '2020-09-02 19:33:14', '2020-09-02 19:33:14', '2021-09-02 19:33:14'),
('a3081ae12e1419cd3cf3c3c526667d515c011b94c530b8ad6ec11c49acce249c9ee0d1ab6f57b750', 1, 1, 'foodDeliveryApp', '[]', 0, '2020-09-02 20:06:04', '2020-09-02 20:06:04', '2021-09-02 20:06:04'),
('2821fd9793b9e12636a55e8d6298a9f2130ddab1c43e909ca3b67eeb653d9dd24d55079c2ef762b4', 1, 1, 'foodDeliveryApp', '[]', 0, '2020-09-02 20:06:09', '2020-09-02 20:06:09', '2021-09-02 20:06:09'),
('ec0129baac65e9852c89def11476b3e5d9cb8402bd2932145b595a5337738876582019599b8a1c7c', 1, 1, 'foodDeliveryApp', '[]', 0, '2020-09-03 08:24:48', '2020-09-03 08:24:48', '2021-09-03 08:24:48'),
('eb790730b16c8e764476bbe2ee80807f9f5e9f8ae944ac0a62af208fcf74bb376189b1cd378ba80d', 1, 1, 'foodDeliveryApp', '[]', 0, '2020-09-03 08:24:51', '2020-09-03 08:24:51', '2021-09-03 08:24:51'),
('d14ac51401b1b75622b5424165ef44dbc742addad60d2ed879ea1285200271047bf83702b0d9b331', 1, 1, 'foodDeliveryApp', '[]', 0, '2020-09-03 08:32:45', '2020-09-03 08:32:45', '2021-09-03 08:32:45'),
('059f4e1578dee2e5801737608d05d3c97c67668d3dc1f05302f882ddfa60d4da067b80169fdd6926', 1, 1, 'foodDeliveryApp', '[]', 0, '2020-09-03 08:36:08', '2020-09-03 08:36:08', '2021-09-03 08:36:08'),
('8ea5c0eaaeea4ead160669868f6900a463fc770e946aba8bcf0c98069a1b5b6957ce7c9f3160d706', 1, 1, 'foodDeliveryApp', '[]', 0, '2020-09-03 08:36:10', '2020-09-03 08:36:10', '2021-09-03 08:36:10'),
('6a57bfca0c00e534ec1febb87ef725d22ff760ad1259b00fd60cade3d2de18d3a021daaf955d1a18', 1, 1, 'foodDeliveryApp', '[]', 0, '2020-09-03 08:36:10', '2020-09-03 08:36:10', '2021-09-03 08:36:10'),
('c0df419f08212b02ca95c74ba43269a8569f47088d5a47133da9a043ca0093dba695a40d1eb6a9c5', 1, 1, 'foodDeliveryApp', '[]', 0, '2020-09-03 08:36:21', '2020-09-03 08:36:21', '2021-09-03 08:36:21'),
('9564d2efeff3fef6f17cb1a4750ae4d05373d5ca439647cdbb52fb761ce8d761cd522dbce37d4282', 1, 1, 'foodDeliveryApp', '[]', 0, '2020-09-03 08:36:21', '2020-09-03 08:36:21', '2021-09-03 08:36:21'),
('562f77d9c5ef77bffb600d5245e9751321814da8fc674a9165035c28e5b08f999b24e2e5c0bb29bb', 1, 1, 'foodDeliveryApp', '[]', 0, '2020-09-03 08:36:27', '2020-09-03 08:36:27', '2021-09-03 08:36:27'),
('873637022bd618b5f97c1fd35f1b50b8a5293ffcd21e0500f9f2245afbbc2dd771fa6e97cafb97f5', 1, 1, 'foodDeliveryApp', '[]', 0, '2020-09-03 08:36:27', '2020-09-03 08:36:27', '2021-09-03 08:36:27'),
('3e11475f7fc90d551fb89273056966edddbf9bbbe813109486c00dc896b844be6dd0d3a27595855c', 1, 1, 'foodDeliveryApp', '[]', 0, '2020-09-03 19:35:04', '2020-09-03 19:35:04', '2021-09-03 19:35:04'),
('943df09b54e7ec18ac6669a41df762b83dacf0a0882b03dfe7983522296c2fcc467c9e41dbccfc26', 68, 1, 'foodDeliveryApp', '[]', 0, '2020-09-07 14:02:33', '2020-09-07 14:02:33', '2021-09-07 14:02:33'),
('41893c842caed0dfa3b8b58ed6ae52640819a5788eef7066dcd239a73d544211c74a7ab200ee04a3', 68, 1, 'foodDeliveryApp', '[]', 0, '2020-09-07 14:04:40', '2020-09-07 14:04:40', '2021-09-07 14:04:40'),
('93ffb65145da1ebbb7a597e8f66efae8714d1c4c14c11840b88c87680fe990b384737379c7b53cc6', 68, 1, 'foodDeliveryApp', '[]', 0, '2020-09-07 14:05:34', '2020-09-07 14:05:34', '2021-09-07 14:05:34'),
('78433ec524606ebc3703e9598517df8edbb83bb37671eaffa141ae41419e21ecea60963456824352', 68, 1, 'foodDeliveryApp', '[]', 0, '2020-09-07 14:47:39', '2020-09-07 14:47:39', '2021-09-07 14:47:39'),
('975ecbea66e0c830784e28ea915cfae3a8a7cf786705857ad4be937599fadf8d4e5f661bba483db2', 68, 1, 'foodDeliveryApp', '[]', 0, '2020-09-08 14:05:34', '2020-09-08 14:05:34', '2021-09-08 14:05:34'),
('2f3bfeec8aecd99a82ae90901f9abd7dc0728f25db19ceba642a87316cde55ae0a913864ff30c714', 68, 1, 'foodDeliveryApp', '[]', 0, '2020-09-08 14:05:38', '2020-09-08 14:05:38', '2021-09-08 14:05:38'),
('607b343731f27a21a9f1fa7d8f303e9317a910e495331df27404db20eed677c520fdb2098f7fa460', 68, 1, 'foodDeliveryApp', '[]', 0, '2020-09-08 17:26:47', '2020-09-08 17:26:47', '2021-09-08 17:26:47'),
('d5cda8491427cfa2752e2cdd2f96baf8ef3f8153e0631f07e550a34dbf809fbe857771e3d616f428', 68, 1, 'foodDeliveryApp', '[]', 0, '2020-09-17 06:05:12', '2020-09-17 06:05:12', '2021-09-17 06:05:12'),
('3a77ee89663d6871c35a0ed0abada3197dd0e4eec7fdfe883f5c14edaa778322d843dfe18a43575a', 68, 1, 'foodDeliveryApp', '[]', 0, '2020-09-17 06:05:16', '2020-09-17 06:05:16', '2021-09-17 06:05:16'),
('d28360576e280ae68b5fd50aa2ed6f59dc35a2ed0aa4cb4bd690394618fabae10b91443bfc4ae919', 68, 1, 'foodDeliveryApp', '[]', 0, '2020-09-17 07:13:14', '2020-09-17 07:13:14', '2021-09-17 07:13:14'),
('581c8ce65dcd3856083b78acd4d39f385c4cd641d69d84c5a2cdbf06290b2e056df9a707c1106608', 68, 1, 'foodDeliveryApp', '[]', 0, '2020-09-18 08:43:46', '2020-09-18 08:43:46', '2021-09-18 08:43:46'),
('c005062266dfb8408ace18cdc7ac1c54dfcbddaa77390b12a2a2844b40cfce6ee1dc39543b3ddea4', 68, 1, 'foodDeliveryApp', '[]', 0, '2020-09-19 12:53:34', '2020-09-19 12:53:34', '2021-09-19 12:53:34'),
('6f4cb5b860f5007a6e9e18a42e476ce1757d05911249fd338313c10e2f6b770e42c21f5497cfdd92', 68, 1, 'foodDeliveryApp', '[]', 0, '2020-09-19 17:44:00', '2020-09-19 17:44:00', '2021-09-19 17:44:00'),
('158c4e3bdc66a7d10cbbe479d6e88ff6baf3237e2b737fb6db295bc050a4019f849910774e6ce61b', 68, 1, 'foodDeliveryApp', '[]', 0, '2020-09-20 17:04:45', '2020-09-20 17:04:45', '2021-09-20 17:04:45'),
('0a6a0d2b3b3fe009c7b44a0e87f3cf22cc6cf79bb31d205a6cbae0d47cb66427484999ca90fa7672', 68, 1, 'foodDeliveryApp', '[]', 0, '2020-09-21 20:56:10', '2020-09-21 20:56:10', '2021-09-21 20:56:10'),
('bb20d74b7f31d1c174d4c7171a5f6e1d9276644fa71af8931eceba7782a3b05f5e5086e0831a0321', 68, 1, 'foodDeliveryApp', '[]', 0, '2020-09-22 08:40:29', '2020-09-22 08:40:29', '2021-09-22 08:40:29'),
('c71f4a41d1ad19f98292f46dd2220b0870c07ef3f0f612cb75b74885867fbd03e47e2734c9b42339', 68, 1, 'foodDeliveryApp', '[]', 0, '2020-09-22 08:58:43', '2020-09-22 08:58:43', '2021-09-22 08:58:43'),
('df2aa83f7d9cfcfef6f72ed7888427ef0056b7f5daaeb13a73fb1b690818ed4c8f5298547d2c4ef4', 68, 1, 'foodDeliveryApp', '[]', 0, '2020-09-24 19:47:02', '2020-09-24 19:47:02', '2021-09-24 19:47:02'),
('417ed7d4e52bbe24f81e4ad6f47bdbc2f245df0bbd6d6aea6890b42b6bb7c7c681beb0576921fea8', 68, 1, 'foodDeliveryApp', '[]', 0, '2020-09-25 06:04:07', '2020-09-25 06:04:07', '2021-09-25 06:04:07'),
('a87f9d79201763c0b44a482038488e45608b0b8afafa7be1434141a9c0752d075ad4d8048af97aae', 1, 1, 'foodDeliveryApp', '[]', 0, '2020-10-07 19:55:27', '2020-10-07 19:55:27', '2021-10-07 12:55:27'),
('845dc8451788d7cdba84497e02962cab4132b32355862582c6fc7204c46e27bc884b359fafddf167', 1, 1, 'foodDeliveryApp', '[]', 0, '2020-10-07 20:12:54', '2020-10-07 20:12:54', '2021-10-07 13:12:54'),
('3c30249657a3bab13ec5905a53ab316817dac9af1344348d368178603d1f338d16eed740cae6a685', 1, 1, 'foodDeliveryApp', '[]', 0, '2020-10-07 20:16:40', '2020-10-07 20:16:40', '2021-10-07 13:16:40'),
('4de3ac1eb46e7cd5498309ff42b2a4e42b0c1968cfa83d93d62fdc4540c1d08e50851369f17b5f7b', 1, 1, 'foodDeliveryApp', '[]', 0, '2020-10-08 14:46:26', '2020-10-08 14:46:26', '2021-10-08 07:46:26'),
('5081e4315a4c402d74d61161e26568b2f1d4c25459cb73e5986fe6115eb637b8dfb75c581abe511f', 1, 1, 'foodDeliveryApp', '[]', 0, '2020-10-08 18:48:18', '2020-10-08 18:48:18', '2021-10-08 11:48:18'),
('ea65fc5d9af79b4e49b52db6a7f6f0c98a145c397dd711489dccf45015010e339f2777c4eb141624', 1, 1, 'foodDeliveryApp', '[]', 0, '2020-10-08 19:24:26', '2020-10-08 19:24:26', '2021-10-08 12:24:26'),
('fb9ad30e2d92b08afe4579d038cfed80dab04c7b00a47c228accedf944c61ccdbbb5d5b7eb1ba20a', 1, 1, 'foodDeliveryApp', '[]', 0, '2020-10-08 19:27:25', '2020-10-08 19:27:25', '2021-10-08 12:27:25'),
('2d8226d36ddcb3b771e7dfce9586258233aae852d4dacb1216df6423015b99decbbad9189a7df6a5', 1, 1, 'foodDeliveryApp', '[]', 0, '2020-10-08 19:30:56', '2020-10-08 19:30:56', '2021-10-08 12:30:56'),
('72f490ded5168b405cadc156a967e8444580f27b3573d0ea9953fd8c0c02ecdc83108684fe692f0a', 1, 1, 'foodDeliveryApp', '[]', 0, '2020-10-09 14:41:02', '2020-10-09 14:41:02', '2021-10-09 07:41:02'),
('5fdf013373c504cbc7861ff94b9005e564a5f32ca71e504b70bc8779f77243d7d2d2fb09e0369e59', 1, 1, 'foodDeliveryApp', '[]', 0, '2020-10-09 15:05:14', '2020-10-09 15:05:14', '2021-10-09 08:05:14'),
('60e1db1afecd7d8a69b2dcb87384082eb62f9dad94fbb858dae1005d5925362b7b1acb6e28c40759', 2, 1, 'foodDeliveryApp', '[]', 0, '2020-10-09 15:52:29', '2020-10-09 15:52:29', '2021-10-09 08:52:29'),
('450d5d015dc06194fbac3de74ee9883b1d6bfce78ca9a3606fd19c236aebd37c07f0e32fdc39c74a', 2, 1, 'foodDeliveryApp', '[]', 0, '2020-10-09 15:52:50', '2020-10-09 15:52:50', '2021-10-09 08:52:50'),
('5e56e03bc715d1732516d4c30c42a6c1afade0a25469f5a2785eabb8e6e59b0ad3c5651acb062124', 1, 1, 'foodDeliveryApp', '[]', 0, '2020-10-09 16:22:30', '2020-10-09 16:22:30', '2021-10-09 09:22:30'),
('acfabd31561ac24c4cd2ad801c5e0d0f8b81a7c77206bc826d50438e4a825344ec3fd5f6ba03d351', 1, 1, 'foodDeliveryApp', '[]', 0, '2020-10-09 17:17:46', '2020-10-09 17:17:46', '2021-10-09 10:17:46'),
('f4e01380f09c611a9d0b5cd79084272fd31af03e440839c02750883f57de206499ddba062b39f089', 1, 1, 'foodDeliveryApp', '[]', 0, '2020-10-09 17:54:40', '2020-10-09 17:54:40', '2021-10-09 10:54:40'),
('be7818b273937230100a8e9d84906168631ed08822943dfc7b4a829e26ef2d5e641bb7014245a83f', 1, 1, 'foodDeliveryApp', '[]', 0, '2020-10-09 18:01:05', '2020-10-09 18:01:05', '2021-10-09 11:01:05'),
('f5356f4b905fea53898f82090da173b67ccd0192f5906de9f7d9a22ef407c73fb043b1033fd448fe', 1, 1, 'foodDeliveryApp', '[]', 0, '2020-10-09 18:06:37', '2020-10-09 18:06:37', '2021-10-09 11:06:37'),
('b27e1ed0efd8ea6cab33c6761a1b83a8c21a1fe6a480debc824e04a924cb06f2d957ff8d0fc56059', 1, 1, 'foodDeliveryApp', '[]', 0, '2020-10-09 22:14:42', '2020-10-09 22:14:42', '2021-10-09 15:14:42'),
('f9c2271ff53bd6ede012fa9d0cfee412f4706d69436da0a89e94ad9b0e51fa06bc6c63b9103b86d2', 1, 1, 'foodDeliveryApp', '[]', 0, '2020-10-10 13:50:23', '2020-10-10 13:50:23', '2021-10-10 06:50:23'),
('ad63290b562d1573dd9e72e4f143c7030304aa464eb27675670a322e9f5e444225aab4ce083a32fb', 3, 1, 'foodDeliveryApp', '[]', 0, '2020-10-10 14:40:15', '2020-10-10 14:40:15', '2021-10-10 07:40:15'),
('583358ac39279d4b43a69dffa073c48850a5a45408d522c38de9ef1d9ce6ad4c62939374772df99e', 3, 1, 'foodDeliveryApp', '[]', 0, '2020-10-10 14:40:40', '2020-10-10 14:40:40', '2021-10-10 07:40:40'),
('6beced9e2de4fda829f8b769356c947d1cc8af795ec9ffdecd53c37c338391bb87e21cb68d6e949d', 1, 1, 'foodDeliveryApp', '[]', 0, '2020-10-10 15:01:29', '2020-10-10 15:01:29', '2021-10-10 08:01:29'),
('d63c8e9190ce1d99c02c7003a59944e03cfd27891bcbcde12951c3dc4134bce9aee1520b46fc301f', 4, 1, 'foodDeliveryApp', '[]', 0, '2020-10-10 15:12:09', '2020-10-10 15:12:09', '2021-10-10 08:12:09'),
('3cbfb9282d1b854926ad1efca0186d68dc1e97355f84cdadb5f24b263768d447389d3d83108afd96', 4, 1, 'foodDeliveryApp', '[]', 0, '2020-10-10 15:12:30', '2020-10-10 15:12:30', '2021-10-10 08:12:30'),
('6a8c7ff8ff79966fd9482c8609e99bec54ee82d0d06f0177deb9c334dab548660c53a8bae98fc4bc', 5, 1, 'foodDeliveryApp', '[]', 0, '2020-10-10 16:06:10', '2020-10-10 16:06:10', '2021-10-10 09:06:10'),
('669006ba6c791cdd15946d2000966346112cfe65701276b1672ff84cdc2b022a7bc140642bf5a1f0', 5, 1, 'foodDeliveryApp', '[]', 0, '2020-10-10 16:06:32', '2020-10-10 16:06:32', '2021-10-10 09:06:32'),
('46b2e71ad7e6e95cef64fbd3d0abab3190344819787ae774da4241fe1148a707656c20c32cc73306', 5, 1, 'foodDeliveryApp', '[]', 0, '2020-10-10 17:28:50', '2020-10-10 17:28:50', '2021-10-10 10:28:50'),
('8b2ae776c79e76fe7736ebfbd008586537482ae4f396c06f95712aaa69d97c7844e9e81bd067394a', 5, 1, 'foodDeliveryApp', '[]', 0, '2020-10-10 17:35:58', '2020-10-10 17:35:58', '2021-10-10 10:35:58'),
('d08707846e3978e6d03eee2d3458e475d7a039ba491b7ce31854b816164cf23c3b3b818a7399f7f9', 5, 1, 'foodDeliveryApp', '[]', 0, '2020-10-11 12:57:59', '2020-10-11 12:57:59', '2021-10-11 05:57:59'),
('0d99e4d15dd4cbfa48c3e6432d358de49fef6f56e3cbf71538ec6ae33c44701b173b1dffd92360fe', 1, 1, 'foodDeliveryApp', '[]', 0, '2020-10-11 13:02:40', '2020-10-11 13:02:40', '2021-10-11 06:02:40'),
('6cd63e917b39e09ec8ac9056198d2c042841ca79032e0da5be2bffc69509a8856cc6a34c45f90779', 5, 1, 'foodDeliveryApp', '[]', 0, '2020-10-12 21:33:10', '2020-10-12 21:33:10', '2021-10-12 14:33:10'),
('25517b34381d6facad559f356fb860350fdd0a7ee4a36ca6a34079de1f3c712efcaff224817d71c2', 8, 1, 'foodDeliveryApp', '[]', 0, '2020-10-14 14:45:34', '2020-10-14 14:45:34', '2021-10-14 07:45:34'),
('fde7fb86c02555e490063fc918bfab06bf9d1301f266123dffa8621c55fbaa6f47dae775cd2c64fc', 9, 1, 'foodDeliveryApp', '[]', 0, '2020-10-14 18:05:23', '2020-10-14 18:05:23', '2021-10-14 11:05:23'),
('48b988fb45c219353c3b8fbe1f2005d2dd331640342bf8f687aa43f5791d4e37a551731166c7932e', 10, 1, 'foodDeliveryApp', '[]', 0, '2020-10-14 18:14:51', '2020-10-14 18:14:51', '2021-10-14 11:14:51');
INSERT INTO `oauth_access_tokens` (`id`, `user_id`, `client_id`, `name`, `scopes`, `revoked`, `created_at`, `updated_at`, `expires_at`) VALUES
('63c2007eb197231a3316da8a9c835002602bd49096d3c5cef4609d06fba0dca79e6b92a774e4e9fa', 11, 1, 'foodDeliveryApp', '[]', 0, '2020-10-14 18:19:09', '2020-10-14 18:19:09', '2021-10-14 11:19:09'),
('b22006ab5e72cac9b3aee6bfb8d07ece43a2e400ad06c5179d09ab232a26575c610099b400eb9193', 12, 1, 'foodDeliveryApp', '[]', 0, '2020-10-14 18:33:13', '2020-10-14 18:33:13', '2021-10-14 11:33:13'),
('310fc66c6353f1ca3960a5bf173e36bf0241c78d46d1f24819fca43ff061666e5b4aee575c48c2a2', 13, 1, 'foodDeliveryApp', '[]', 0, '2020-10-14 18:36:56', '2020-10-14 18:36:56', '2021-10-14 11:36:56'),
('34d4a348ed1eda8ca36cef9d0a106455573ba59fe09435aae3755487eee2de62d1d452784d794644', 14, 1, 'foodDeliveryApp', '[]', 0, '2020-10-14 18:41:35', '2020-10-14 18:41:35', '2021-10-14 11:41:35'),
('205b149087fe2cdb6fec75bf4abccfd055512f043e081327b926b9221a6258d4adc1b664f52ff2a6', 15, 1, 'foodDeliveryApp', '[]', 0, '2020-10-14 18:44:16', '2020-10-14 18:44:16', '2021-10-14 11:44:16'),
('4ef18aaa0c5ffaa6a6908e6c8d31263b6d735da7be8d10adba0b3942a08665e23249041221bdbba1', 16, 1, 'foodDeliveryApp', '[]', 0, '2020-10-14 18:45:28', '2020-10-14 18:45:28', '2021-10-14 11:45:28'),
('6e12ffeaf90194a7897c4ed9d95d1292aba928f7003b16a24836456f0f825f65ae7c74dcd68cecab', 17, 1, 'foodDeliveryApp', '[]', 0, '2020-10-14 19:19:24', '2020-10-14 19:19:24', '2021-10-14 12:19:24'),
('dc90b04749d9aad8cf31b70a6e0e47f0954cd126b71e6894f8c75b9da05d22acdb5dbe4800edee2a', 18, 1, 'foodDeliveryApp', '[]', 0, '2020-10-14 19:23:22', '2020-10-14 19:23:22', '2021-10-14 12:23:22'),
('c32cc806603e1372390f142b74b71b503920b25d78df28017fe5d858b02721e83f19afb91b354ed5', 19, 1, 'foodDeliveryApp', '[]', 0, '2020-10-14 23:02:50', '2020-10-14 23:02:50', '2021-10-14 16:02:50'),
('80d8b28363db9ff3b10b187b0d9e36b20f150285ec30ee6f2e19f9814365e72faf1069e578314f9b', 20, 1, 'foodDeliveryApp', '[]', 0, '2020-10-15 00:58:30', '2020-10-15 00:58:30', '2021-10-14 17:58:30'),
('352e66740b246b5b06b8a89b05082470b960ed533e3ae15a42b8fabb5cafa22bc2bcae6123711f87', 21, 1, 'foodDeliveryApp', '[]', 0, '2020-10-15 01:12:38', '2020-10-15 01:12:38', '2021-10-14 18:12:38'),
('fb88e71b79fa4a50b569d38b8aa0fe4df29396a7ccaa23e0bfa74c1166c8ee26090cd29c36e30b6e', 22, 1, 'foodDeliveryApp', '[]', 0, '2020-10-15 12:14:50', '2020-10-15 12:14:50', '2021-10-15 05:14:50'),
('d5bccdfd9d7ac42845b01492a3c6c6d817982541cf42aa6094777af3697886db678e9a27e14efdfa', 1, 1, 'foodDeliveryApp', '[]', 0, '2020-10-15 22:33:27', '2020-10-15 22:33:27', '2021-10-15 15:33:27'),
('85f30bb24b898859a0ae6a237f30ff46f9214a7c2e4cc485dc019c47512c4b75e295c23c60376118', 23, 1, 'foodDeliveryApp', '[]', 0, '2020-10-15 23:09:45', '2020-10-15 23:09:45', '2021-10-15 16:09:45'),
('58cd8942602081754bfd2b666b6703055e0e5fb021d3370dd43ec6bc7f7e1c857b9c6e4c5b3c148f', 23, 1, 'foodDeliveryApp', '[]', 0, '2020-10-15 23:09:56', '2020-10-15 23:09:56', '2021-10-15 16:09:56'),
('5cb41fe1db93b6adbd27564e3bbc99d920904ba0ea7992aef1c2635fca52d2cf96d2749044e4734d', 23, 1, 'foodDeliveryApp', '[]', 0, '2020-10-15 23:14:57', '2020-10-15 23:14:57', '2021-10-15 16:14:57'),
('03c2f38ed28089e4b54b0fa3829b89edb2fbe9a7b87941ed9007a845f1952d56d1bd3c06f7b5d199', 23, 1, 'foodDeliveryApp', '[]', 0, '2020-10-15 23:18:16', '2020-10-15 23:18:16', '2021-10-15 16:18:16'),
('6050df73ce311579f881f20456e59b85faa0a9c7824ddd833cd44b59e91039966d43500c1622ff27', 23, 1, 'foodDeliveryApp', '[]', 0, '2020-10-15 23:26:19', '2020-10-15 23:26:19', '2021-10-15 16:26:19'),
('45206dbe0304a8c0704408ecc889af99a010a10a3b6b2f9ddd6511223f7a79e2b63a74ae66d52a47', 23, 1, 'foodDeliveryApp', '[]', 0, '2020-10-15 23:27:38', '2020-10-15 23:27:38', '2021-10-15 16:27:38'),
('59e10efb94d443b50599fb9b99cafd30e9817e0795de9115a182ab0a5ebadc1254977c8a891cde02', 24, 1, 'foodDeliveryApp', '[]', 0, '2020-10-15 23:32:11', '2020-10-15 23:32:11', '2021-10-15 16:32:11'),
('05789cd07c63d54819d3f79e2485c456d82067d5f75f0d8623465a1b8adc91ccb9a134496659e462', 23, 1, 'foodDeliveryApp', '[]', 0, '2020-10-15 23:36:09', '2020-10-15 23:36:09', '2021-10-15 16:36:09'),
('c75d8d9b3751c22d302629103dc61782c849868ed42fda58ffb94725def06b6d854adc0ddc4c9e88', 25, 1, 'foodDeliveryApp', '[]', 0, '2020-10-15 23:46:49', '2020-10-15 23:46:49', '2021-10-15 16:46:49'),
('e05367cc8ea4cb6140e6bf20842aa7fe38552fb0013dccdc9fd52297fa495318fa4647897f55cd49', 25, 1, 'foodDeliveryApp', '[]', 0, '2020-10-15 23:47:05', '2020-10-15 23:47:05', '2021-10-15 16:47:05'),
('509f34066351cb10db2bc1d1f4eab48d3260acd82c0a530bc8608ac0111b2a332e4b202ed5e0c878', 25, 1, 'foodDeliveryApp', '[]', 0, '2020-10-15 23:48:02', '2020-10-15 23:48:02', '2021-10-15 16:48:02'),
('5c2aa1cbaecf17c94c00c80c02b02e126f8c150fe7946ac86b8bf2ef13f3a2031ea142381048a991', 23, 1, 'foodDeliveryApp', '[]', 0, '2020-10-15 23:59:10', '2020-10-15 23:59:10', '2021-10-15 16:59:10'),
('6df73a3a5ffb5a9b9198f00f7181a969241443b99e1eb1643f599e972d464959e5ca6264e2074ddd', 26, 1, 'foodDeliveryApp', '[]', 0, '2020-10-16 00:00:31', '2020-10-16 00:00:31', '2021-10-15 17:00:31'),
('bb45c4de569baca3b56443650fe7caaabbf7f1e369cf4478f681122b10780a06ef522fa4abfba372', 23, 1, 'foodDeliveryApp', '[]', 0, '2020-10-16 00:01:10', '2020-10-16 00:01:10', '2021-10-15 17:01:10'),
('cc025362502c32915664cd3033a64403bc2f56980bd25676ac948cf6419918c1ac44e736faac882c', 23, 1, 'foodDeliveryApp', '[]', 0, '2020-10-16 00:03:40', '2020-10-16 00:03:40', '2021-10-15 17:03:40'),
('f495901c54683e3253d1ae2bd3ee93b3612772fe9f932a6cc0a7726fc4f563c9bda27fdc95b76b1b', 23, 1, 'foodDeliveryApp', '[]', 0, '2020-10-16 00:20:46', '2020-10-16 00:20:46', '2021-10-15 17:20:46'),
('ab66fdb78e3dc25cae9fec68a0e671cf27419443951016396e387982c5cc9dc6884d522d1cc2592a', 27, 1, 'foodDeliveryApp', '[]', 0, '2020-10-16 00:38:54', '2020-10-16 00:38:54', '2021-10-15 17:38:54'),
('aa5a4b11af26ac4cb1d7e659bad38fad33d27e41d5822b9bf52f681faed85749c161aefb8e875cd0', 28, 1, 'foodDeliveryApp', '[]', 0, '2020-10-16 00:40:01', '2020-10-16 00:40:01', '2021-10-15 17:40:01'),
('bbec470b7d270a810f095b7be8aa7c1229242b66a6326a2a21475cf57cc433d6ca7d0f1078943df8', 25, 1, 'foodDeliveryApp', '[]', 0, '2020-10-16 13:49:26', '2020-10-16 13:49:26', '2021-10-16 06:49:26'),
('b9357859911583b191fbb564d5246dcc74b2b2371dec9daf9b84580a233317f1a346be1bbdcbb5fa', 25, 1, 'foodDeliveryApp', '[]', 0, '2020-10-16 13:49:46', '2020-10-16 13:49:46', '2021-10-16 06:49:46'),
('a773b01bd2ca1f511b5eeff3f46acf5afcb02f8b1525716183626afd764afe299860043c41171249', 25, 1, 'foodDeliveryApp', '[]', 0, '2020-10-16 13:50:07', '2020-10-16 13:50:07', '2021-10-16 06:50:07'),
('ff4780b137f369e8139724d1d07814b81a6309e158900524af0e09280f8d9d8e0714831f5f1e0902', 29, 1, 'foodDeliveryApp', '[]', 0, '2020-10-16 17:12:05', '2020-10-16 17:12:05', '2021-10-16 10:12:05'),
('de1717f46e95f22b9e2f29cfe3a3154e1f2e8cae3efdc417bde6b4bc4ab7c822b3aaa331506769c1', 30, 1, 'foodDeliveryApp', '[]', 0, '2020-10-16 17:22:50', '2020-10-16 17:22:50', '2021-10-16 10:22:50'),
('30c8fa898e69daa9f52a186f570895c33848749ebd3fa2c6094cb8df14b453cf9cb3fc7334e678e5', 31, 1, 'foodDeliveryApp', '[]', 0, '2020-10-16 17:30:17', '2020-10-16 17:30:17', '2021-10-16 10:30:17'),
('802aa98f762c3925699764d547699de5d91d6038f18df303330e40cedbb2a0bd386182f5b91e4866', 32, 1, 'foodDeliveryApp', '[]', 0, '2020-10-16 17:33:50', '2020-10-16 17:33:50', '2021-10-16 10:33:50'),
('d6c6a04e2941447a86900ef15a9a54ecc90ff69f7786458f515b115e5ff02f5ad3b1f1a96d7305a8', 33, 1, 'foodDeliveryApp', '[]', 0, '2020-10-16 17:34:32', '2020-10-16 17:34:32', '2021-10-16 10:34:32'),
('3ab5cb91de8aa758c6a3a271e8c7685bc9596d42aab6551dd9609873b0124a5cb1fda3db3edebff9', 34, 1, 'foodDeliveryApp', '[]', 0, '2020-10-16 17:41:50', '2020-10-16 17:41:50', '2021-10-16 10:41:50'),
('feaea3ffe3b693fb96f330365faa63fdac09ad21b724f3ef65470e1bf574a7cb47a108eb7475b40a', 35, 1, 'foodDeliveryApp', '[]', 0, '2020-10-16 17:50:59', '2020-10-16 17:50:59', '2021-10-16 10:50:59'),
('656309d99fbc7269553732d7a9fe916fe3871416c4293a701b2bfb4befffc4497bc0c9e1950fb3c1', 36, 1, 'foodDeliveryApp', '[]', 0, '2020-10-16 18:00:12', '2020-10-16 18:00:12', '2021-10-16 11:00:12'),
('d768fc2f31d3d8624b1d407d75dcc76e335380a6db1f12da596fa5d5fc2c978b32842fdd0b6cfd9d', 37, 1, 'foodDeliveryApp', '[]', 0, '2020-10-16 18:07:12', '2020-10-16 18:07:12', '2021-10-16 11:07:12'),
('8ac5fac4222b041ddf8c34170c3117040a2a40b622d7179d43f72247b1e9712544ee25900ded5c71', 38, 1, 'foodDeliveryApp', '[]', 0, '2020-10-16 18:13:14', '2020-10-16 18:13:14', '2021-10-16 11:13:14'),
('a679a00a1414d96c0637e85a6391c8b2bb0565864855d5dfc72a29be84dd563a68e83142115ea514', 39, 1, 'foodDeliveryApp', '[]', 0, '2020-10-16 18:46:59', '2020-10-16 18:46:59', '2021-10-16 11:46:59'),
('5d76f0a69f16e134c5f06b43584ab9215c071575aa83cb114d97cbf9269ea7c8ca92bb69b2cb5d45', 40, 1, 'foodDeliveryApp', '[]', 0, '2020-10-16 18:52:18', '2020-10-16 18:52:18', '2021-10-16 11:52:18'),
('b6e27e21755a7f7478b6c73f1542063ace63b7283d40af274ba8fc5f54c1dfa9651a74c8cbfd62b2', 41, 1, 'foodDeliveryApp', '[]', 0, '2020-10-16 19:01:16', '2020-10-16 19:01:16', '2021-10-16 12:01:16'),
('fe341b8ceae8a79efb0ed6701fd48d32bcba03d6877cfe67fcc8811d707068dfd7abdfb9ef46daa5', 42, 1, 'foodDeliveryApp', '[]', 0, '2020-10-16 19:08:39', '2020-10-16 19:08:39', '2021-10-16 12:08:39'),
('47f494d94e52464a550a1293e46e0cc50d695c48d57fd405e3147c2df0761024b99c72f8b57ca1e9', 43, 1, 'foodDeliveryApp', '[]', 0, '2020-10-16 19:31:04', '2020-10-16 19:31:04', '2021-10-16 12:31:04'),
('6f033425f48ae33a9f60898b6ac3e8b103d36a5769dff45437e2034347faccc4ec49fdcbf4afa48f', 44, 1, 'foodDeliveryApp', '[]', 0, '2020-10-16 21:01:08', '2020-10-16 21:01:08', '2021-10-16 14:01:08'),
('33c72b963557ff867ec74b9c8fafea09f8116e4ff9cf007b5f4a5c10d1f648baafc6e93ba33a9eb3', 45, 1, 'foodDeliveryApp', '[]', 0, '2020-10-16 21:25:18', '2020-10-16 21:25:18', '2021-10-16 14:25:18'),
('8a79e568c799b6c9ea517e1c86f53364b311793998026b1a7eb0b84548b3cc8ed8b98749b591fe3f', 45, 1, 'foodDeliveryApp', '[]', 0, '2020-10-16 21:25:36', '2020-10-16 21:25:36', '2021-10-16 14:25:36'),
('1a70da5e0b1a242ef1f2831e5c2a2c662b102cbe9cde59d8432cf941de5a5488daeea45c39fc712e', 46, 1, 'foodDeliveryApp', '[]', 0, '2020-10-16 21:34:05', '2020-10-16 21:34:05', '2021-10-16 14:34:05'),
('c83fbb05235f631f3d2a9185db23e834fe0692c94ed6f53f6b2ab914cf5e47f033281f96b99720a4', 1, 1, 'foodDeliveryApp', '[]', 0, '2020-10-16 21:37:41', '2020-10-16 21:37:41', '2021-10-16 14:37:41'),
('1fed0053806689de8b73656bc05954d31f5ca9c0850bd799c27f2be7b90caa85ac1401aba562062f', 26, 1, 'foodDeliveryApp', '[]', 0, '2020-10-17 12:50:53', '2020-10-17 12:50:53', '2021-10-17 05:50:53'),
('821fc450b2bc313f844a627bb455a8c90fd199e2bc2fb8c35bb57e3858e94f61adcfd1d7ca72c9fb', 26, 1, 'foodDeliveryApp', '[]', 0, '2020-10-17 15:32:36', '2020-10-17 15:32:36', '2021-10-17 08:32:36'),
('e5a0bc4ce773a0fe4b5eea6b08a0026c3e935c138b7801c676fcbe3f62aa42e728dbe379a86bfc18', 26, 1, 'foodDeliveryApp', '[]', 0, '2020-10-17 15:38:43', '2020-10-17 15:38:43', '2021-10-17 08:38:43'),
('8bb1cd9e690742c6925016ced1d6a261944272bc65533b505820b56a7e2cc81407fb5415862e6670', 26, 1, 'foodDeliveryApp', '[]', 0, '2020-10-17 15:45:19', '2020-10-17 15:45:19', '2021-10-17 08:45:19'),
('003e7c65566d7d4e5c17d4334bee8748f3dc4efa2b605e20ee510c211911fee85ea2703a5e64de6b', 26, 1, 'foodDeliveryApp', '[]', 0, '2020-10-17 15:53:33', '2020-10-17 15:53:33', '2021-10-17 08:53:33'),
('289ce6b13967da11de1a85f5c8db161bb946befe3433432ef7291f5afa5d48ca95e090986f3b5f1d', 26, 1, 'foodDeliveryApp', '[]', 0, '2020-10-17 16:00:16', '2020-10-17 16:00:16', '2021-10-17 09:00:16'),
('873a80b39e4065a2c2c3469a5563242739c53c79567f84ba3a7b003579b26b5057a408c59a72d899', 26, 1, 'foodDeliveryApp', '[]', 0, '2020-10-17 16:49:07', '2020-10-17 16:49:07', '2021-10-17 09:49:07'),
('d6b6a64babae47f6f529e85628d3d15f18e1afecb237d646fcef31f024191332c4825eb4dbb7c8a3', 26, 1, 'foodDeliveryApp', '[]', 0, '2020-10-17 17:01:04', '2020-10-17 17:01:04', '2021-10-17 10:01:04'),
('d36304f3421560e926b5ac5232c72bdc8e8e78a79073ac73b3aaa9b012b2b3f2fbc836b479a7a55b', 26, 1, 'foodDeliveryApp', '[]', 0, '2020-10-17 17:10:58', '2020-10-17 17:10:58', '2021-10-17 10:10:58'),
('7a147a6ddf0159a96cd03b41a85ad9d7fe0224ef57552b9c0ff8a6494549eb6193c1567cd6f3f81c', 26, 1, 'foodDeliveryApp', '[]', 0, '2020-10-17 17:41:57', '2020-10-17 17:41:57', '2021-10-17 10:41:57'),
('da7fbb5a0b1e4b171f6d1f02829c3ba53f86695bb623828595a37471c0c0cf81bf0046c27e290fc1', 26, 1, 'foodDeliveryApp', '[]', 0, '2020-10-17 18:08:09', '2020-10-17 18:08:09', '2021-10-17 11:08:09'),
('37f23107e74d521e98c4582e9c25ed36f25df334fb585a031b5f22701309aee1ea57ef87b2641f41', 26, 1, 'foodDeliveryApp', '[]', 0, '2020-10-17 18:53:02', '2020-10-17 18:53:02', '2021-10-17 11:53:02'),
('6ad7b8482610d544b70ba56fcea89f3b4f832aebc9eadae0a65cda16e32247a7bef8ed0801c24ea7', 26, 1, 'foodDeliveryApp', '[]', 0, '2020-10-17 19:26:52', '2020-10-17 19:26:52', '2021-10-17 12:26:52'),
('a2bc9c5f9c82765626415774ce865d6de5df4cfda2a1ad8b7a40af1fa183dc4667d04ec5771955d9', 26, 1, 'foodDeliveryApp', '[]', 0, '2020-10-17 22:47:26', '2020-10-17 22:47:26', '2021-10-17 15:47:26'),
('25296c9add943da47be68d4156e121f7a82018baaa86d83103f94cd226a68e2bc3a0df025bdb4007', 26, 1, 'foodDeliveryApp', '[]', 0, '2020-10-18 13:45:53', '2020-10-18 13:45:53', '2021-10-18 06:45:53'),
('39ac0d09729ae9947bbd1678fafcd0d6679bc98cba059c55bca11410d78f5c9cf802f5ac7a0ca0d3', 26, 1, 'foodDeliveryApp', '[]', 0, '2020-10-19 13:02:08', '2020-10-19 13:02:08', '2021-10-19 06:02:08'),
('06592ebd1861afd86edbd0ac76b573b582664b658c169f824e0240482ef8735bd139d47d675a63ef', 26, 1, 'foodDeliveryApp', '[]', 0, '2020-10-19 13:03:46', '2020-10-19 13:03:46', '2021-10-19 06:03:46'),
('74d4b513c196cf3b1970f1f381aa7c02e7249881ba429e8652a731b7fc9bb94e2d8049633a4cfb04', 26, 1, 'foodDeliveryApp', '[]', 0, '2020-10-19 14:57:56', '2020-10-19 14:57:56', '2021-10-19 07:57:56'),
('4495c4ab084acd2110e4ffd997f068ffcad2a0211926da89a1c2ef494f6ad4419b43e2c880cc3e9f', 26, 1, 'foodDeliveryApp', '[]', 0, '2020-10-19 15:04:32', '2020-10-19 15:04:32', '2021-10-19 08:04:32'),
('098c6292fd79dde2c0cee632ffec4693ac0ff2a9febbe0945d61e82104c01c11fc44b3d40318021c', 26, 1, 'foodDeliveryApp', '[]', 0, '2020-10-19 15:17:06', '2020-10-19 15:17:06', '2021-10-19 08:17:06'),
('4d25178f8517f1380df69e0f0bb698b927b57625ccb482588d2a82ed3ad1faf9af22e7eda0b549bd', 26, 1, 'foodDeliveryApp', '[]', 0, '2020-10-19 15:43:21', '2020-10-19 15:43:21', '2021-10-19 08:43:21'),
('1fc50f64bf09c4f2c49c09cbdd58d159a2466c4cd05d04e37b6b18806f53b139dc1dec68119d21a8', 26, 1, 'foodDeliveryApp', '[]', 0, '2020-10-19 15:49:09', '2020-10-19 15:49:09', '2021-10-19 08:49:09'),
('1dcfde518e02b7a230b993c54c5b6f3553d860565adb2b19f87cbb44d44e2246f1caea34cb5a1533', 26, 1, 'foodDeliveryApp', '[]', 0, '2020-10-19 18:08:30', '2020-10-19 18:08:30', '2021-10-19 11:08:30'),
('8115450f11bbdbc8c8a1f4f8e91cacd0634f57986c757df094d9d1ac2eb52f9ce2710b2c8dce45a7', 26, 1, 'foodDeliveryApp', '[]', 0, '2020-10-19 18:20:11', '2020-10-19 18:20:11', '2021-10-19 11:20:11'),
('9cd95a8abe5a16721b8193c67b6a944238a969ef0b2ce0a2c0d7b8ed5e6a8ab62d019b6abbed32f0', 47, 1, 'foodDeliveryApp', '[]', 0, '2020-10-19 18:26:49', '2020-10-19 18:26:49', '2021-10-19 11:26:49'),
('286f7750bc4902689bc80b02b95508540490a3e229871a596b29752c904b082bd8d2f7e92ccb35c7', 47, 1, 'foodDeliveryApp', '[]', 0, '2020-10-19 18:45:17', '2020-10-19 18:45:17', '2021-10-19 11:45:17'),
('ad258cf46009c75c172e5c52c5b999670a2601a8c8071d795807c04bf040fac31e311e78c7d6d665', 26, 1, 'foodDeliveryApp', '[]', 0, '2020-10-19 18:45:58', '2020-10-19 18:45:58', '2021-10-19 11:45:58'),
('13c471940a155812a0f1471b6bb6c57aeef97648c231898378abca63378d2e929c486ddc7b416b93', 1, 1, 'foodDeliveryApp', '[]', 0, '2020-10-19 19:40:20', '2020-10-19 19:40:20', '2021-10-19 12:40:20'),
('2e33d67925aa19ec6b6869ae703a3bdfe437fde22e308f66c7c0e2dc3431ce9f837d3665680ce81d', 26, 1, 'foodDeliveryApp', '[]', 0, '2020-10-20 01:08:11', '2020-10-20 01:08:11', '2021-10-19 18:08:11'),
('217562f8f011e162cc99988bfe9a1aa9dedc9bd38323eebe3cde7524343032525372f761ecf57912', 26, 1, 'foodDeliveryApp', '[]', 0, '2020-10-20 15:04:52', '2020-10-20 15:04:52', '2021-10-20 08:04:52'),
('ebd67a573ed53683dac44c78144a023a49e11396219712d973fe8038f16ad63e29f1688de4dff6a2', 48, 1, 'foodDeliveryApp', '[]', 0, '2020-10-20 16:15:46', '2020-10-20 16:15:46', '2021-10-20 09:15:46'),
('1a8427c8b4ddf2906e722627b8d32a256c19692bcc610a752c12b7d05bb69bd325bc78bbfa3a1dff', 48, 1, 'foodDeliveryApp', '[]', 0, '2020-10-20 16:16:35', '2020-10-20 16:16:35', '2021-10-20 09:16:35'),
('a97940679447478f715b4d0c81b779c1a19efa70da63ae95b798a69aa430daa2dd128c8c538789f3', 48, 1, 'foodDeliveryApp', '[]', 0, '2020-10-20 16:16:53', '2020-10-20 16:16:53', '2021-10-20 09:16:53'),
('3d0fee410e20ed543491960ecf7dd43ad07e68d0b9c67e54f46f7999c4b5654c1a935cbb5d234131', 48, 1, 'foodDeliveryApp', '[]', 0, '2020-10-20 16:17:58', '2020-10-20 16:17:58', '2021-10-20 09:17:58'),
('18ecb507635bd8596df3e9c2d0918193d172936114035162c7887c49b3d47259eb1594ecf627fb37', 48, 1, 'foodDeliveryApp', '[]', 0, '2020-10-20 16:18:16', '2020-10-20 16:18:16', '2021-10-20 09:18:16'),
('81d6afafce26bf0f60d58c07111e3ef4a04b6864ae4b37f4c1b3c5ba64517c3203eb88affa836083', 26, 1, 'foodDeliveryApp', '[]', 0, '2020-10-20 16:19:09', '2020-10-20 16:19:09', '2021-10-20 09:19:09'),
('c3230e771e0ac3dde42d75208a5a9f711a36e9bc6430b76768c68da25872edfd15fd2a1a1d96f0f9', 26, 1, 'foodDeliveryApp', '[]', 0, '2020-10-20 16:19:43', '2020-10-20 16:19:43', '2021-10-20 09:19:43'),
('c0b818d5a2c22807b9aa96340fc7d4431a8242db3468b128a94cf8fea2749987afee4c283e5c3428', 48, 1, 'foodDeliveryApp', '[]', 0, '2020-10-20 16:20:11', '2020-10-20 16:20:11', '2021-10-20 09:20:11'),
('9e02e9c14ef8d4e59bfaadbe8c99c2ad8e6ea660a05faacabd71376eb6921656c0992ff956cd2c92', 26, 1, 'foodDeliveryApp', '[]', 0, '2020-10-20 16:23:02', '2020-10-20 16:23:02', '2021-10-20 09:23:02'),
('9ec85e75211b3124f1b09f0097d604b8a0667d9da498833502ed94cbc7f69d34ef211befe7350c25', 48, 1, 'foodDeliveryApp', '[]', 0, '2020-10-20 16:23:27', '2020-10-20 16:23:27', '2021-10-20 09:23:27'),
('50d093879dc16cbb4874d77c427cfcde9ef05e88ebe39fb632e13c0fc4675e8ca4ae1fb8f3b878a6', 26, 1, 'foodDeliveryApp', '[]', 0, '2020-10-20 16:27:29', '2020-10-20 16:27:29', '2021-10-20 09:27:29'),
('86248112a640d51962555b7be21df859116929c34b3101aec1118c2ad67159249aad5f19048499b6', 49, 1, 'foodDeliveryApp', '[]', 0, '2020-10-20 18:39:13', '2020-10-20 18:39:13', '2021-10-20 11:39:13'),
('4880b17f1abd1dfc56a9bbac2deac7f509f16bdd9ae89f4cb5bdf426dba99bc7a900df52027aa687', 1, 1, 'foodDeliveryApp', '[]', 0, '2020-10-20 18:39:52', '2020-10-20 18:39:52', '2021-10-20 11:39:52'),
('0b1563a13bb3d0cd86c6c7a21cb4b84eabf701947b7321b2a7bfb0f58737b18d89687745dd5bbf84', 48, 1, 'foodDeliveryApp', '[]', 0, '2020-10-20 18:52:23', '2020-10-20 18:52:23', '2021-10-20 11:52:23'),
('452b274cb4b10306e1e34d6c5daeaee967b1d76878df456e71f1e882e651a9eda4962fb67ff79e05', 26, 1, 'foodDeliveryApp', '[]', 0, '2020-10-20 18:52:43', '2020-10-20 18:52:43', '2021-10-20 11:52:43'),
('a107b7e8daf714c22faa21a9cb8e1049ebeeaa6feca57a545d2c92cd24d75923968499fa77d74e03', 49, 1, 'foodDeliveryApp', '[]', 0, '2020-10-20 18:53:07', '2020-10-20 18:53:07', '2021-10-20 11:53:07'),
('268bfbfa2134166b1478df43c87f8b65dc846e6aeb4831be5b754b5bdf3d4e2d0f7eed2b8242951f', 48, 1, 'foodDeliveryApp', '[]', 0, '2020-10-20 18:54:27', '2020-10-20 18:54:27', '2021-10-20 11:54:27'),
('1b793fb66217509421ba61c0df51be4e895b2c91f8a0638bf068a54d9800c629ed9d7d4d6a426627', 26, 1, 'foodDeliveryApp', '[]', 0, '2020-10-20 18:54:29', '2020-10-20 18:54:29', '2021-10-20 11:54:29'),
('7b761f25bd97d517c08067104d777365f9138c8ebdc6be2eb58e3214d7067ef865a6ebef6152fd07', 48, 1, 'foodDeliveryApp', '[]', 0, '2020-10-20 19:03:55', '2020-10-20 19:03:55', '2021-10-20 12:03:55'),
('30eea33f255c9bbd80ab4dfb1802e2a5cd04f047089388c45796c564c0dea10fabb2465626c70fbd', 26, 1, 'foodDeliveryApp', '[]', 0, '2020-10-20 19:04:33', '2020-10-20 19:04:33', '2021-10-20 12:04:33'),
('d89fb6635d762598b84b053827c6491135adbcb882255244a5d20ac5529a0d160db4d2d5d58fb653', 50, 1, 'foodDeliveryApp', '[]', 0, '2020-10-20 20:50:19', '2020-10-20 20:50:19', '2021-10-20 13:50:19'),
('4873a61fbd4c292937b3643ad4218b9983bc4c8f9debe93815ed2823ae1ae166e779cf5e7f16236b', 51, 1, 'foodDeliveryApp', '[]', 0, '2020-10-20 20:55:19', '2020-10-20 20:55:19', '2021-10-20 13:55:19'),
('6a6594b3b8dd46b3debf14933d18b79e76f99745c25b71d97c37d9e42391cd5b99c5ef0fb97c366d', 51, 1, 'foodDeliveryApp', '[]', 0, '2020-10-20 20:56:07', '2020-10-20 20:56:07', '2021-10-20 13:56:07'),
('e53b8c383a49b39773bf00c20cee599f6e60eb300a67c4e203c8c114d35058282f6f890cdf870625', 53, 1, 'foodDeliveryApp', '[]', 0, '2020-10-21 01:48:15', '2020-10-21 01:48:15', '2021-10-20 18:48:15'),
('219d2555d2d2d68318c254bef1449616e2fc04deb4bafd7ee88ef503b172bd3b0d260efa44683949', 54, 1, 'foodDeliveryApp', '[]', 0, '2020-10-21 02:32:37', '2020-10-21 02:32:37', '2021-10-20 19:32:37'),
('2bc44dcc58e591df0fca8a9e3c3d3972b1a00dcbacbd4cbb044a649c1f27636fa1d66dc4eea397f0', 55, 1, 'foodDeliveryApp', '[]', 0, '2020-10-21 02:36:06', '2020-10-21 02:36:06', '2021-10-20 19:36:06'),
('3eda6f7d9bf9a3631fe336cfe95f97bc28f6fe16953dbff79c2623b6ccb0fbbb87a55bbd69b62bd0', 26, 1, 'foodDeliveryApp', '[]', 0, '2020-10-21 03:10:41', '2020-10-21 03:10:41', '2021-10-20 20:10:41'),
('2df47fd18784f1b162d9bb86874a28ac5b1f659d1b21050f0861128d0c9d0d1729e65934593df31b', 26, 1, 'foodDeliveryApp', '[]', 0, '2020-10-21 03:11:52', '2020-10-21 03:11:52', '2021-10-20 20:11:52'),
('b781e1f221f48b0efe15474fbc431666e8fb110ab6d92564961c40bf9ed5754c2035349342cb476a', 56, 1, 'foodDeliveryApp', '[]', 0, '2020-10-21 04:24:37', '2020-10-21 04:24:37', '2021-10-20 21:24:37'),
('053c73d2fdcbcb77facd2a0b193c364040597bbd9bb60bfbac80caaa4ed689315f30e76ac4d28fc9', 57, 1, 'foodDeliveryApp', '[]', 0, '2020-10-21 04:37:41', '2020-10-21 04:37:41', '2021-10-20 21:37:41'),
('9d540c72d7e0a8dc822bb0ab63b994cfaa1833b817df92d01101b39086cb2884428c1381eb7653d1', 57, 1, 'foodDeliveryApp', '[]', 0, '2020-10-21 04:42:18', '2020-10-21 04:42:18', '2021-10-20 21:42:18'),
('986cfaa176e9b21ce8a69273a59cf8ff739e7fc9782fe11af37cf499b515f16dfb080a4f5fb18c31', 58, 1, 'foodDeliveryApp', '[]', 0, '2020-10-21 04:50:42', '2020-10-21 04:50:42', '2021-10-20 21:50:42'),
('e7832e04880bee84c8f63e8a39eddb3ff994fb917c3e0b7a437fe359bab68c242146551c6f963ffd', 58, 1, 'foodDeliveryApp', '[]', 0, '2020-10-21 04:51:14', '2020-10-21 04:51:14', '2021-10-20 21:51:14'),
('5a5fe987499f1f1ccd32b2a922f5e5ee961f8d0eb18a3d12a5ecc67a0d151e6ea98ec01921680160', 26, 1, 'foodDeliveryApp', '[]', 0, '2020-10-21 11:46:36', '2020-10-21 11:46:36', '2021-10-21 04:46:36'),
('ab5cdb65d8ac5df0ac835043f4eead56c1727561b654ef57f67a61a4cacb3b7b19e9ad2feb358f4f', 59, 1, 'foodDeliveryApp', '[]', 0, '2020-10-21 13:19:43', '2020-10-21 13:19:43', '2021-10-21 06:19:43'),
('abaedf4f509c1c9c5ada2567f612432e77adc9a0680fad2083b0e71aee09ad0dab4bf6519657a847', 59, 1, 'foodDeliveryApp', '[]', 0, '2020-10-21 13:20:22', '2020-10-21 13:20:22', '2021-10-21 06:20:22'),
('cece2832e2a174d9a52c40bc508f347dd82ea44124a8f5a0dafd13d1fffe20e11c3e45e804c32b05', 60, 1, 'foodDeliveryApp', '[]', 0, '2020-10-21 13:53:14', '2020-10-21 13:53:14', '2021-10-21 06:53:14'),
('2be94340f3eea532bc507933a5ec7727e5e7cafb409ef8299180d0c70ff571962412c5697a5b4f71', 60, 1, 'foodDeliveryApp', '[]', 0, '2020-10-21 13:53:44', '2020-10-21 13:53:44', '2021-10-21 06:53:44'),
('c4e44eaeede28093ef3c64b0786d476dfb7d9cbf6bcfc2078c3f40f17ea7c847e19d87a51bd07bdc', 61, 1, 'foodDeliveryApp', '[]', 0, '2020-10-21 14:10:14', '2020-10-21 14:10:14', '2021-10-21 07:10:14'),
('252d235161fbd2580be85ccd71d245a74351d47d06cfc18e3c4c88a47e8ab9e46dd1d56f1535f818', 61, 1, 'foodDeliveryApp', '[]', 0, '2020-10-21 14:10:35', '2020-10-21 14:10:35', '2021-10-21 07:10:35'),
('6249e4497fec74f9491d99141d209a15a9c97b45e77cf3979897da559ea802901a162ed6de1ccb7a', 1, 1, 'foodDeliveryApp', '[]', 0, '2020-10-21 14:25:32', '2020-10-21 14:25:32', '2021-10-21 07:25:32'),
('1bc44e4e9279e26b1c57948b4addda47bb9926cdbd9bd0e1645da00b391226f3233d68e19cd8976b', 62, 1, 'foodDeliveryApp', '[]', 0, '2020-10-21 18:29:23', '2020-10-21 18:29:23', '2021-10-21 11:29:23'),
('3e5f91a978f02f7f120045b132dd3d2381c3e29698f93ca5160710c3045c04b2225ef5d8ff22e19d', 62, 1, 'foodDeliveryApp', '[]', 0, '2020-10-21 18:29:42', '2020-10-21 18:29:42', '2021-10-21 11:29:42'),
('4c2c8684a4de92457e16364b7ddcd080988bf3b842bb45800dcf5676f8bc82afb04f179b1f1cfe01', 63, 1, 'foodDeliveryApp', '[]', 0, '2020-10-21 18:34:57', '2020-10-21 18:34:57', '2021-10-21 11:34:57'),
('a163f91a2953196829714786972d86e604e8c3c574136ebcbacff2e09afd5f3eb4441ee14cdc9317', 63, 1, 'foodDeliveryApp', '[]', 0, '2020-10-21 18:35:40', '2020-10-21 18:35:40', '2021-10-21 11:35:40'),
('cdead6b7eacfe330a5a553c79eb498cc832206afbd0d7a0bcf24643b4fdd680b1e69cf63e6592705', 64, 1, 'foodDeliveryApp', '[]', 0, '2020-10-21 19:55:12', '2020-10-21 19:55:12', '2021-10-21 12:55:12'),
('6a21b5682bb1f0d353dd59d51a0fda5b28e1d9fc8a9f2546e410c514d460090e3c1682cfef4c9827', 64, 1, 'foodDeliveryApp', '[]', 0, '2020-10-21 19:55:32', '2020-10-21 19:55:32', '2021-10-21 12:55:32'),
('9868c48d9664dca8fd73deb3758f5d1416fa9ede7f5f39721f6882b95c591b9f36bc1d9c04cd8003', 65, 1, 'foodDeliveryApp', '[]', 0, '2020-10-22 00:29:38', '2020-10-22 00:29:38', '2021-10-21 17:29:38'),
('906a8c26b583c0f7ef3691a01079f40a82f4b3e0825e2eaf12ab487c2cfb45adcb858e7fd80ec804', 65, 1, 'foodDeliveryApp', '[]', 0, '2020-10-22 00:30:03', '2020-10-22 00:30:03', '2021-10-21 17:30:03'),
('27a5dd7fcfec9d44ddddda9ba812c57582c5848d0d6c3692cb952588f6c307af4050aa06e3067b96', 26, 1, 'foodDeliveryApp', '[]', 0, '2020-10-22 01:48:23', '2020-10-22 01:48:23', '2021-10-21 18:48:23'),
('0183e746adc1e097d411dbe19f512a93b3659ee58748639e72332dd04345aa6959c9270ad6d42566', 1, 1, 'foodDeliveryApp', '[]', 0, '2020-10-22 12:41:26', '2020-10-22 12:41:26', '2021-10-22 05:41:26'),
('0d4c6aaf237c013493df78a17500c106e439e3ce28ac7afdb13ee634056e7a1ab1d1db7ec1d450ea', 66, 1, 'foodDeliveryApp', '[]', 0, '2020-10-22 13:11:54', '2020-10-22 13:11:54', '2021-10-22 06:11:54'),
('70295d4bfd63c96c4123040ae38db681a6d469a07b26e2bd646c6ebc2cb8518fb9b3d78d3816fe49', 66, 1, 'foodDeliveryApp', '[]', 0, '2020-10-22 13:12:17', '2020-10-22 13:12:17', '2021-10-22 06:12:17'),
('8f235d93ad9812214ca0ef55685fc49a013abdeaa1184c6aa46caa19e5f0b2416fa728a4a115b445', 67, 1, 'foodDeliveryApp', '[]', 0, '2020-10-22 13:34:42', '2020-10-22 13:34:42', '2021-10-22 06:34:42'),
('6bcecebfa6cfe95c467255bc050ce8607bfbd4855191f4c535c372df35618946d43ff9f1979b9e17', 67, 1, 'foodDeliveryApp', '[]', 0, '2020-10-22 13:35:01', '2020-10-22 13:35:01', '2021-10-22 06:35:01'),
('483995013e3ef2f7dba3a98f731de42bedf08de2028cd5cc77665124c43f7e041c32a3f0398ed78e', 1, 1, 'foodDeliveryApp', '[]', 0, '2020-10-22 13:35:28', '2020-10-22 13:35:28', '2021-10-22 06:35:28'),
('f5ba98f1c214b7d4787a9659e3947099d6cca4cd07bff816cc219e95690b80aa3eaab751726deafb', 26, 1, 'foodDeliveryApp', '[]', 0, '2020-10-22 14:25:48', '2020-10-22 14:25:48', '2021-10-22 07:25:48'),
('eb3755d61ae5c68bcc2964af1b627ef6951632ca7efc1f5ee2a52fc1f3b07815328ecd769f7b7ca1', 26, 1, 'foodDeliveryApp', '[]', 0, '2020-10-22 14:26:39', '2020-10-22 14:26:39', '2021-10-22 07:26:39'),
('2b6eb3236343dd4c5fc119aa658955fdc31c76281f327b604484127f3c99e922344936181233226f', 1, 1, 'foodDeliveryApp', '[]', 0, '2020-10-22 14:27:07', '2020-10-22 14:27:07', '2021-10-22 07:27:07'),
('2e12b3c897f307151117b11ec73cb679950deb42ea2b9d70c33ee48fe84a43f6f6c664961cfef987', 1, 1, 'foodDeliveryApp', '[]', 0, '2020-10-22 14:30:22', '2020-10-22 14:30:22', '2021-10-22 07:30:22'),
('232f6d0381bb65f6e59416670078732400ecf5327b9cbd9df7430cd4d00ad384218a2a0f08c40bfe', 1, 1, 'foodDeliveryApp', '[]', 0, '2020-10-22 14:33:18', '2020-10-22 14:33:18', '2021-10-22 07:33:18'),
('4ab8ba822aae3704e1b1b93e2086e5173392b0a984100319b87e9cbb60df693ec29f6a2f95235d2d', 1, 1, 'foodDeliveryApp', '[]', 0, '2020-10-22 14:34:28', '2020-10-22 14:34:28', '2021-10-22 07:34:28'),
('c25414ff534aa1a7624b0ce88e1838ffc86b31085d00bc8c6e9dc3659d52c280b414aa02904d6462', 1, 1, 'foodDeliveryApp', '[]', 0, '2020-10-22 14:38:04', '2020-10-22 14:38:04', '2021-10-22 07:38:04'),
('e20f9a74cc450c51b47ec608aa19b1c477b9e18e414e7495cb97ff12d731f2b44588a9be2a9f3157', 1, 1, 'foodDeliveryApp', '[]', 0, '2020-10-22 14:53:52', '2020-10-22 14:53:52', '2021-10-22 07:53:52'),
('0484113b541a9971a6ea70af83faff1da035a383ad21852a61d8b2b0bcf1b7217687cb06819f22bd', 22, 1, 'foodDeliveryApp', '[]', 0, '2020-10-22 15:01:07', '2020-10-22 15:01:07', '2021-10-22 08:01:07'),
('161a5990d36171e3a0f6ed9217163bd58b1b283e39e8d637ede3c9cbf65fc2f32cf6c9477db47432', 1, 1, 'foodDeliveryApp', '[]', 0, '2020-10-22 15:45:29', '2020-10-22 15:45:29', '2021-10-22 08:45:29'),
('5fc15a1143ea57edbdc3dc7b18a425d2d638de877f8d274b87bf311fe4c698916ac1e1dacedb27a4', 1, 1, 'foodDeliveryApp', '[]', 0, '2020-10-22 15:50:39', '2020-10-22 15:50:39', '2021-10-22 08:50:39'),
('44f775ed03db6c5b6de27d3a4920c6c899db771ae10ba009881f75a45a2652dcb0dc756d634764a7', 26, 1, 'foodDeliveryApp', '[]', 0, '2020-10-22 20:34:22', '2020-10-22 20:34:22', '2021-10-22 13:34:22'),
('56034bc61b069c7659ab89130b273dd488356e980b42bbcd5f3f13884ce56e600581deea1dc32f82', 76, 1, 'foodDeliveryApp', '[]', 0, '2020-10-22 20:47:41', '2020-10-22 20:47:41', '2021-10-22 13:47:41'),
('bb28d3434690fe22a05ed864cabf2571371a023e37a6c61b24ceeb38f3b131d40ab022735347be95', 76, 1, 'foodDeliveryApp', '[]', 0, '2020-10-22 20:48:02', '2020-10-22 20:48:02', '2021-10-22 13:48:02'),
('2e471724b10dba5d8888dadb52b21ca1833d0431c82046965b7cf32f61272a05988623a202cc3d54', 76, 1, 'foodDeliveryApp', '[]', 0, '2020-10-22 20:52:19', '2020-10-22 20:52:19', '2021-10-22 13:52:19'),
('28db422f88de5639003b403a7037e95f50e8337d3b52b9b96090a001e71860bdcab79cc4940c9e63', 76, 1, 'foodDeliveryApp', '[]', 0, '2020-10-22 20:56:08', '2020-10-22 20:56:08', '2021-10-22 13:56:08'),
('3d775def1e7f51522e60ef4db1ec0c3a6406cfb29fdac5f9c9caf3acb380743739fb3b22eeebb0b6', 1, 1, 'foodDeliveryApp', '[]', 0, '2020-10-22 21:11:19', '2020-10-22 21:11:19', '2021-10-22 14:11:19'),
('192e2364f631c85e5d0792272befcc981d5ec65a35e130bcbdce8a48833dc63cdd1217f5e5cf0121', 26, 1, 'foodDeliveryApp', '[]', 0, '2020-10-22 21:38:30', '2020-10-22 21:38:30', '2021-10-22 14:38:30'),
('459ae9a459bfabf108159c640b21e740046f393f7d18cca552e3422572a7bc96e1625d656816af0c', 78, 1, 'foodDeliveryApp', '[]', 0, '2020-10-22 21:50:55', '2020-10-22 21:50:55', '2021-10-22 14:50:55'),
('a1626cd021d5cbf239e07d2bd97c887b5ace2360b4d388aed2e10903aecd6de95eaa7d2254db37b0', 78, 1, 'foodDeliveryApp', '[]', 0, '2020-10-22 21:51:11', '2020-10-22 21:51:11', '2021-10-22 14:51:11'),
('418edc7a4060e72093e25380c8fea6ff0954d418f8511b659aaa1aa9b80f062152ad4921df88bec8', 26, 1, 'foodDeliveryApp', '[]', 0, '2020-10-22 22:01:09', '2020-10-22 22:01:09', '2021-10-22 15:01:09'),
('74e8baef1a0d66f56551154e4be791ade1e3e590cfe7efceea00b2e69fc4410c962e4e8855fa3716', 1, 1, 'foodDeliveryApp', '[]', 0, '2020-10-23 21:27:23', '2020-10-23 21:27:23', '2021-10-23 14:27:23'),
('7a80a110f94def6968179814cee8c666ccb313327033e4f76e29959e6a6cfed396633835eb21acfd', 26, 1, 'foodDeliveryApp', '[]', 0, '2020-10-24 13:53:04', '2020-10-24 13:53:04', '2021-10-24 06:53:04'),
('f0d4912edab49126bef69014427fc8c38c264cf9a053b682ab33fcca3a4189f0625a50bff38795e4', 79, 1, 'foodDeliveryApp', '[]', 0, '2020-10-24 16:18:09', '2020-10-24 16:18:09', '2021-10-24 09:18:09'),
('4612f391f04a40661db06c3378eb6a86188eb94c7bde43087e9c704f53dc00d851ce097b82559e46', 79, 1, 'foodDeliveryApp', '[]', 0, '2020-10-24 16:18:22', '2020-10-24 16:18:22', '2021-10-24 09:18:22'),
('b2c8b17e948964ca6ddb1bc83026204021525aac9bc40ec110d11fa0b0179b6a15de604b6ec7fc37', 1, 1, 'foodDeliveryApp', '[]', 0, '2020-10-24 17:40:01', '2020-10-24 17:40:01', '2021-10-24 10:40:01'),
('b696b7fd2898667097dd1b8fc61c0f7d79dfa607bbddeee06900beee549b273b9f78003cb256b966', 1, 1, 'foodDeliveryApp', '[]', 0, '2020-10-24 18:32:41', '2020-10-24 18:32:41', '2021-10-24 11:32:41'),
('1cb6913a602a09984dbeefb5ea72f80c4a6449788514187bb62ce677213f130b0a6e22afdc325cb7', 26, 1, 'foodDeliveryApp', '[]', 0, '2020-10-25 00:27:01', '2020-10-25 00:27:01', '2021-10-24 17:27:01'),
('c0f5083d8ef5e8a5fdeaa6e79a305e59a2756b66a069c95c9c2e325f1206bb7630db8f6938f79779', 26, 1, 'foodDeliveryApp', '[]', 0, '2020-10-25 00:31:10', '2020-10-25 00:31:10', '2021-10-24 17:31:10'),
('843a44b1a1b1c0783a4f1a5ea463a4c0133c18045a815055b6f6d912a2c6279bc905164f5dd75a46', 26, 1, 'foodDeliveryApp', '[]', 0, '2020-10-25 00:35:32', '2020-10-25 00:35:32', '2021-10-24 17:35:32'),
('4a529704472d8aba49b1aa9257da3694f23bc8a1d7f070d7017d5f7564800c2ba7bd019ff736eb05', 1, 1, 'foodDeliveryApp', '[]', 0, '2020-10-25 01:33:22', '2020-10-25 01:33:22', '2021-10-24 18:33:22'),
('a71224ebe24e977c2a162fb25ad25c5f5cdf1c675a5bbc775f36b0723fe7b4c3d57a361fa8f173c2', 84, 1, 'foodDeliveryApp', '[]', 0, '2020-10-25 13:10:54', '2020-10-25 13:10:54', '2021-10-25 06:10:54'),
('b1a3c3238968b4f1f371106853203e80fbfde8a7520e30e1dbd5cb4ccb3d3a98cabc1a2c3f82923f', 84, 1, 'foodDeliveryApp', '[]', 0, '2020-10-25 13:11:08', '2020-10-25 13:11:08', '2021-10-25 06:11:08'),
('660b23e61a504bef7a6e3e91b1010cbfb896893d2e7e7956173eeb7f434a35113b4d065612232feb', 85, 1, 'foodDeliveryApp', '[]', 0, '2020-10-25 13:13:35', '2020-10-25 13:13:35', '2021-10-25 06:13:35'),
('553f3238cb0c489511ce9c6319b72804885f430d52dc1195dcde4cbe6598075616a6a58e58c00995', 85, 1, 'foodDeliveryApp', '[]', 0, '2020-10-25 13:14:24', '2020-10-25 13:14:24', '2021-10-25 06:14:24'),
('d1bc02660ba7160eb1a94e90cf45d21bc47b5a39a6e41175286320705fe737ac8c5b4c4d444e3aa4', 79, 1, 'foodDeliveryApp', '[]', 0, '2020-10-25 16:35:13', '2020-10-25 16:35:13', '2021-10-25 09:35:13'),
('8d9c5bc8cd458bdf4b70b8bbf229bb51546dbd806a896f62929f7e42c5983602d3d599e22843ca40', 79, 1, 'foodDeliveryApp', '[]', 0, '2020-10-26 18:38:03', '2020-10-26 18:38:03', '2021-10-26 11:38:03'),
('b1eb4d0a4a7fde7ef1551852159b2b5d2e9f83655e14887b29757a0d2c2d24ffb2648c41cff6e4c4', 79, 1, 'foodDeliveryApp', '[]', 0, '2020-10-26 21:23:25', '2020-10-26 21:23:25', '2021-10-26 14:23:25'),
('0878028c1106c4c48ca15b5233d84eee40cce29ad44804de7a2c1f134e520932729149d8c5dfb1cc', 26, 1, 'foodDeliveryApp', '[]', 0, '2020-10-27 12:50:09', '2020-10-27 12:50:09', '2021-10-27 05:50:09'),
('d656e5ce75b87b4ef5ea27b63c511b9039a6655700a80082023eeba6639ebc669546be1fb538dc43', 26, 1, 'foodDeliveryApp', '[]', 0, '2020-10-27 12:51:19', '2020-10-27 12:51:19', '2021-10-27 05:51:19'),
('c47eb7c5b4e0885f39c14fe920603c2488d632d684e3ed9418b7f778c3e693b9e977a4facb74d715', 1, 1, 'foodDeliveryApp', '[]', 0, '2020-10-27 13:08:28', '2020-10-27 13:08:28', '2021-10-27 06:08:28'),
('390ba009fdea8e4b5e8e4200e8068ae0106f39e7a055c712e31366ecd6e13b9481acbfab902fa90e', 1, 1, 'foodDeliveryApp', '[]', 0, '2020-10-27 13:14:59', '2020-10-27 13:14:59', '2021-10-27 06:14:59'),
('9f87b4be2549409e2cdcea5b3a7d90cf9b5d3e66e6e09ae4f5f343207002c1d4586e92556019401b', 1, 1, 'foodDeliveryApp', '[]', 0, '2020-10-27 13:44:58', '2020-10-27 13:44:58', '2021-10-27 06:44:58'),
('f3d35656e237baa2baaa1b5185a9df0329185f397d557e951d6acd09b4829aa2f8665fabf2c7dc91', 1, 1, 'foodDeliveryApp', '[]', 0, '2020-10-27 13:56:36', '2020-10-27 13:56:36', '2021-10-27 06:56:36'),
('3f8101c25e9ae7b954a5d22fca627ecaa249602a6adcc564fe285bc0fa7645ecb5b07fef06d470a7', 1, 1, 'foodDeliveryApp', '[]', 0, '2020-10-27 14:12:24', '2020-10-27 14:12:24', '2021-10-27 07:12:24'),
('d504747d083b5d6f3af24048115a04e8589df502288ce711ef8e66e60be275574367db9acb18f385', 1, 1, 'foodDeliveryApp', '[]', 0, '2020-10-27 14:22:20', '2020-10-27 14:22:20', '2021-10-27 07:22:20'),
('bf4be64107aa67de3e8c06cdb3b6126315690e216e202bf5c8b639e67771aa9945cc75c0274a4842', 1, 1, 'foodDeliveryApp', '[]', 0, '2020-10-27 16:24:41', '2020-10-27 16:24:41', '2021-10-27 09:24:41'),
('26b3c49e2012833b9b273081165a2787d25782be39555fe5a8bfbfaf9f37d624b2cbc7866e708837', 1, 1, 'foodDeliveryApp', '[]', 0, '2020-10-27 18:13:00', '2020-10-27 18:13:00', '2021-10-27 11:13:00'),
('ef7e4a8cb76830f25423cb72f86aeb23517e184d32d2ef049b7d4957282145b006bedc4042b8a280', 1, 1, 'foodDeliveryApp', '[]', 0, '2020-10-27 18:21:40', '2020-10-27 18:21:40', '2021-10-27 11:21:40'),
('a0404d961744bddb5ea4fb35a390082fac8d33b439f347b81980989936b21373345826a334f10387', 1, 1, 'foodDeliveryApp', '[]', 0, '2020-10-27 19:39:55', '2020-10-27 19:39:55', '2021-10-27 12:39:55'),
('0a1ce74f1f7c6d8cb52f0711ce71fa718bb9506033385726e37911d222b35792f4f1da0e85563d97', 90, 1, 'foodDeliveryApp', '[]', 0, '2020-10-27 23:13:28', '2020-10-27 23:13:28', '2021-10-27 16:13:28'),
('774ea90c24ff3989b6638d51fd293a33739e909cda42fc0601ec11b9d471ef4de6b56645a1684f2f', 90, 1, 'foodDeliveryApp', '[]', 0, '2020-10-27 23:13:56', '2020-10-27 23:13:56', '2021-10-27 16:13:56'),
('460a0bc4457454aed6d777012cb41debb16fb05c804d6045512726c56b977900adf0710044098d07', 26, 1, 'foodDeliveryApp', '[]', 0, '2020-10-28 03:01:39', '2020-10-28 03:01:39', '2021-10-27 20:01:39'),
('9bf46d595f54a6fdac59c9be8337da608114b9db7f2de96781d872a44b0043e2066c52576c7281b6', 1, 1, 'foodDeliveryApp', '[]', 0, '2020-10-28 14:41:18', '2020-10-28 14:41:18', '2021-10-28 07:41:18'),
('8e60841e33e65a6d5a52b2d1bc81f6a35756f4c4382fcda2e567b7a90da7296d4dbe88bb98972a11', 1, 1, 'foodDeliveryApp', '[]', 0, '2020-10-28 15:14:47', '2020-10-28 15:14:47', '2021-10-28 08:14:47'),
('c32a182ca4fe535d339ffebbda2cc6e95623825ac802fb705f2a8d1ef381246250912ca4689e8772', 83, 1, 'foodDeliveryApp', '[]', 0, '2020-10-28 17:46:32', '2020-10-28 17:46:32', '2021-10-28 10:46:32'),
('6c2dab5ec3865dcd5d7fe31cc94279e27bfbe2ded2199122ed0a25b1366f948d9f86df414c121ae1', 1, 1, 'foodDeliveryApp', '[]', 0, '2020-10-28 17:46:59', '2020-10-28 17:46:59', '2021-10-28 10:46:59'),
('97e9cf3ef97d7dccaebca0d8e9e8fc47439eec4fa72b61af08b5060989f9be5f005a068a23b24f2d', 1, 1, 'foodDeliveryApp', '[]', 0, '2020-10-28 18:02:29', '2020-10-28 18:02:29', '2021-10-28 11:02:29');

-- --------------------------------------------------------

--
-- Table structure for table `oauth_auth_codes`
--

CREATE TABLE `oauth_auth_codes` (
  `id` varchar(100) COLLATE utf8mb4_unicode_ci NOT NULL,
  `user_id` bigint(20) UNSIGNED NOT NULL,
  `client_id` bigint(20) UNSIGNED NOT NULL,
  `scopes` text COLLATE utf8mb4_unicode_ci,
  `revoked` tinyint(1) NOT NULL,
  `expires_at` datetime DEFAULT NULL
) ENGINE=MyISAM DEFAULT CHARSET=utf8mb4 COLLATE=utf8mb4_unicode_ci;

-- --------------------------------------------------------

--
-- Table structure for table `oauth_clients`
--

CREATE TABLE `oauth_clients` (
  `id` bigint(20) UNSIGNED NOT NULL,
  `user_id` bigint(20) UNSIGNED DEFAULT NULL,
  `name` varchar(255) COLLATE utf8mb4_unicode_ci NOT NULL,
  `secret` varchar(100) COLLATE utf8mb4_unicode_ci DEFAULT NULL,
  `provider` varchar(255) COLLATE utf8mb4_unicode_ci DEFAULT NULL,
  `redirect` text COLLATE utf8mb4_unicode_ci NOT NULL,
  `personal_access_client` tinyint(1) NOT NULL,
  `password_client` tinyint(1) NOT NULL,
  `revoked` tinyint(1) NOT NULL,
  `created_at` timestamp NULL DEFAULT NULL,
  `updated_at` timestamp NULL DEFAULT NULL
) ENGINE=MyISAM DEFAULT CHARSET=utf8mb4 COLLATE=utf8mb4_unicode_ci;

--
-- Dumping data for table `oauth_clients`
--

INSERT INTO `oauth_clients` (`id`, `user_id`, `name`, `secret`, `provider`, `redirect`, `personal_access_client`, `password_client`, `revoked`, `created_at`, `updated_at`) VALUES
(1, NULL, 'FoodDelivery Personal Access Client', 'VeM0hIOShscVvkAszM1kDKkyEwUZUFJk31TZU9B6', NULL, 'http://localhost', 1, 0, 0, '2020-06-20 07:00:03', '2020-06-20 07:00:03'),
(2, NULL, 'FoodDelivery Password Grant Client', 'PDfJ5TfF2vkvjYmsJDOHFVIV67WLHu2MAfEQgNS1', 'users', 'http://localhost', 0, 1, 0, '2020-06-20 07:00:03', '2020-06-20 07:00:03');

-- --------------------------------------------------------

--
-- Table structure for table `oauth_personal_access_clients`
--

CREATE TABLE `oauth_personal_access_clients` (
  `id` bigint(20) UNSIGNED NOT NULL,
  `client_id` bigint(20) UNSIGNED NOT NULL,
  `created_at` timestamp NULL DEFAULT NULL,
  `updated_at` timestamp NULL DEFAULT NULL
) ENGINE=MyISAM DEFAULT CHARSET=utf8mb4 COLLATE=utf8mb4_unicode_ci;

--
-- Dumping data for table `oauth_personal_access_clients`
--

INSERT INTO `oauth_personal_access_clients` (`id`, `client_id`, `created_at`, `updated_at`) VALUES
(1, 1, '2020-06-20 07:00:03', '2020-06-20 07:00:03');

-- --------------------------------------------------------

--
-- Table structure for table `oauth_refresh_tokens`
--

CREATE TABLE `oauth_refresh_tokens` (
  `id` varchar(100) COLLATE utf8mb4_unicode_ci NOT NULL,
  `access_token_id` varchar(100) COLLATE utf8mb4_unicode_ci NOT NULL,
  `revoked` tinyint(1) NOT NULL,
  `expires_at` datetime DEFAULT NULL
) ENGINE=MyISAM DEFAULT CHARSET=utf8mb4 COLLATE=utf8mb4_unicode_ci;

-- --------------------------------------------------------

--
-- Table structure for table `order_delivery_status`
--

CREATE TABLE `order_delivery_status` (
  `id` int(11) NOT NULL,
  `order_id` int(11) NOT NULL,
  `carrier_id` int(11) NOT NULL,
  `delivery_status` enum('Assigned','Accepted','Declined','Enroute','Delivered') NOT NULL,
  `created_at` datetime DEFAULT NULL,
  `updated_at` datetime DEFAULT NULL
) ENGINE=InnoDB DEFAULT CHARSET=latin1;

--
-- Dumping data for table `order_delivery_status`
--

INSERT INTO `order_delivery_status` (`id`, `order_id`, `carrier_id`, `delivery_status`, `created_at`, `updated_at`) VALUES
(1, 20, 1, 'Assigned', '2020-10-22 09:00:51', '2020-10-22 09:00:51');

-- --------------------------------------------------------

--
-- Table structure for table `order_details`
--

CREATE TABLE `order_details` (
  `id` int(11) NOT NULL,
  `order_id` int(200) NOT NULL,
  `cart_id` int(11) NOT NULL,
  `order_amount` float(10,2) NOT NULL,
  `tax_amount` float(10,2) DEFAULT NULL,
  `delivery_amount` float(10,2) NOT NULL,
  `delivery_address` longtext NOT NULL,
  `created_at` datetime DEFAULT NULL,
  `updated_at` datetime NOT NULL,
  `vendor_id` int(11) NOT NULL
) ENGINE=InnoDB DEFAULT CHARSET=latin1;

--
-- Dumping data for table `order_details`
--

INSERT INTO `order_details` (`id`, `order_id`, `cart_id`, `order_amount`, `tax_amount`, `delivery_amount`, `delivery_address`, `created_at`, `updated_at`, `vendor_id`) VALUES
(1, 1, 61, 1435.00, 143.50, 50.00, 'Dum Dum, Kolkata, West Bengal, 700030', '2020-10-20 20:13:47', '2020-10-20 20:13:47', 0),
(2, 2, 61, 1435.00, 143.50, 50.00, 'Dum Dum, Kolkata, West Bengal, 700030', '2020-10-20 21:14:56', '2020-10-20 21:14:56', 0),
(3, 3, 61, 1435.00, 143.50, 50.00, 'Dum Dum, Kolkata, West Bengal, 700030', '2020-10-20 21:15:09', '2020-10-20 21:15:09', 0),
(4, 4, 60, 1435.00, 143.50, 50.00, 'Dum Dum, Kolkata, West Bengal, 700030', '2020-10-20 21:20:23', '2020-10-20 21:20:23', 0),
(5, 5, 60, 1435.00, 143.50, 50.00, 'Dum Dum, Kolkata, West Bengal, 700030', '2020-10-20 21:20:30', '2020-10-20 21:20:30', 0),
(6, 6, 60, 1435.00, 143.50, 50.00, '43/4 Purba Sinthee Road, Kolkata, West Bengal, 700030, Near Purba Sinthee Post Office', '2020-10-20 21:23:41', '2020-10-20 21:23:41', 0),
(7, 7, 60, 1435.00, 143.50, 50.00, '43/4 Purba Sinthee Road, Kolkata, West Bengal, 700030, Near Purba Sinthee Post Office', '2020-10-20 21:23:45', '2020-10-20 21:23:45', 0),
(8, 8, 60, 1435.00, 143.50, 50.00, '43/4 Purba Sinthee Road, Kolkata, West Bengal, 700030, Near Purba Sinthee Post Office', '2020-10-20 21:23:50', '2020-10-20 21:23:50', 0),
(9, 9, 60, 1435.00, 143.50, 50.00, '43/4 Purba Sinthee Road, Kolkata, West Bengal, 700030, Near Purba Sinthee Post Office', '2020-10-20 21:23:51', '2020-10-20 21:23:51', 0),
(10, 10, 60, 1435.00, 143.50, 50.00, '43/4 Purba Sinthee Road, Kolkata, West Bengal, 700030, Near Purba Sinthee Post Office', '2020-10-20 21:23:52', '2020-10-20 21:23:52', 0),
(11, 11, 60, 1435.00, 143.50, 50.00, '43/4 Purba Sinthee Road, Kolkata, West Bengal, 700030, Near Purba Sinthee Post Office', '2020-10-20 21:24:02', '2020-10-20 21:24:02', 0),
(12, 12, 61, 1435.00, 143.50, 50.00, 'Dum Dum, Kolkata, West Bengal, 700030', '2020-10-21 04:24:31', '2020-10-21 04:24:31', 0),
(13, 13, 61, 1435.00, 143.50, 50.00, 'Dum Dum, Kolkata, West Bengal, 700030', '2020-10-21 04:45:06', '2020-10-21 04:45:06', 0),
(14, 14, 61, 1435.00, 143.50, 50.00, 'Dum Dum, Kolkata, West Bengal, 700030', '2020-10-21 04:48:30', '2020-10-21 04:48:30', 0),
(15, 15, 60, 1435.00, 143.50, 50.00, '43/4 Purba Sinthee Road, Kolkata, West Bengal, 700030, Near Purba Sinthee Post Office', '2020-10-21 08:21:38', '2020-10-21 08:21:38', 0),
(16, 16, 60, 1435.00, 143.50, 50.00, 'Dum Dum, Kolkata, West Bengal, 700030', '2020-10-21 15:44:47', '2020-10-21 15:44:47', 0),
(17, 17, 60, 1435.00, 143.50, 50.00, 'Dum Dum, Kolkata, West Bengal, 700030', '2020-10-21 15:55:13', '2020-10-21 15:55:13', 0),
(18, 18, 60, 1435.00, 143.50, 50.00, 'Dum Dum, Kolkata, West Bengal, 700030', '2020-10-21 15:55:35', '2020-10-21 15:55:35', 0),
(19, 19, 61, 1435.00, 143.50, 50.00, 'Dum Dum, Kolkata, West Bengal, 700030', '2020-10-22 05:45:37', '2020-10-22 05:45:37', 0),
(20, 20, 60, 1435.00, 143.50, 50.00, '43/4 Purba Sinthee Road, Kolkata, West Bengal, 700030, Near Purba Sinthee Post Office', '2020-10-22 06:49:02', '2020-10-22 06:49:02', 0),
(21, 21, 82, 270.00, 27.00, 50.00, '43/4 Purba Sinthee Road, Kolkata, West Bengal, 700030, Near Purba Sinthee Post Office', '2020-10-22 14:40:05', '2020-10-22 14:40:05', 0),
(22, 22, 84, 360.00, 36.00, 50.00, 'DDC, kolkata, wb, 65, apollo', '2020-10-25 06:16:34', '2020-10-25 06:16:34', 0),
(23, 23, 85, 480.00, 48.00, 50.00, 'DDC, kolkata, wb, 65, apollo', '2020-10-27 05:41:49', '2020-10-27 05:41:49', 0),
(24, 24, 89, 480.00, 48.00, 50.00, '43/4 Purba Sinthee Road, Kolkata, West Bengal, 700030, Near Purba Sinthee Post Office', '2020-10-27 18:04:53', '2020-10-27 18:04:53', 0);

-- --------------------------------------------------------

--
-- Table structure for table `order_master`
--

CREATE TABLE `order_master` (
  `id` int(11) NOT NULL,
  `order_id` varchar(200) NOT NULL,
  `transaction_id` varchar(200) NOT NULL,
  `transaction_status` enum('Pending','Success','Failed','Invalid') NOT NULL DEFAULT 'Pending',
  `transaction_amount` float(10,2) NOT NULL,
  `created_at` datetime DEFAULT NULL,
  `updated_at` datetime DEFAULT NULL,
  `is_accepted` tinyint(4) NOT NULL DEFAULT '0',
  `is_assigned` tinyint(4) NOT NULL DEFAULT '0'
) ENGINE=InnoDB DEFAULT CHARSET=latin1;

--
-- Dumping data for table `order_master`
--

INSERT INTO `order_master` (`id`, `order_id`, `transaction_id`, `transaction_status`, `transaction_amount`, `created_at`, `updated_at`, `is_accepted`, `is_assigned`) VALUES
(1, 'OD2661/20201020/32318', 'TXN160322482725241', 'Pending', 1.00, '2020-10-20 20:13:47', '2020-10-20 20:13:47', 0, 0),
(2, 'OD2661/20201020/63035', 'TXN1603228496286561', 'Pending', 1.00, '2020-10-20 21:14:56', '2020-10-20 21:14:56', 0, 0),
(3, 'OD2661/20201020/58477', 'TXN1603228509875422', 'Pending', 1.00, '2020-10-20 21:15:09', '2020-10-20 21:15:09', 0, 0),
(4, 'OD2660/20201020/19179', 'TXN1603228823314329', 'Pending', 1.00, '2020-10-20 21:20:23', '2020-10-21 10:59:00', 1, 0),
(5, 'OD2660/20201020/22591', 'TXN1603228830512868', 'Pending', 1.00, '2020-10-20 21:20:30', '2020-10-21 12:59:54', 1, 0),
(6, 'OD2660/20201020/34407', 'TXN1603229021760114', 'Pending', 1.00, '2020-10-20 21:23:41', '2020-10-20 21:23:41', 0, 0),
(7, 'OD2660/20201020/41401', 'TXN1603229025149984', 'Pending', 1.00, '2020-10-20 21:23:45', '2020-10-20 21:23:45', 0, 0),
(8, 'OD2660/20201020/4050', 'TXN1603229030436346', 'Pending', 1.00, '2020-10-20 21:23:50', '2020-10-20 21:23:50', 0, 0),
(9, 'OD2660/20201020/17322', 'TXN160322903182283', 'Pending', 1.00, '2020-10-20 21:23:51', '2020-10-20 21:23:51', 0, 0),
(10, 'OD2660/20201020/96437', 'TXN1603229032637794', 'Pending', 1.00, '2020-10-20 21:23:52', '2020-10-21 10:59:15', 1, 0),
(11, 'OD2660/20201020/59968', 'TXN1603229042316718', 'Pending', 1.00, '2020-10-20 21:24:02', '2020-10-21 10:57:17', 1, 0),
(12, 'OD2661/20201021/46252', 'TXN160325427171680', 'Pending', 1.00, '2020-10-21 04:24:31', '2020-10-21 10:55:51', 1, 0),
(13, 'OD2661/20201021/15390', 'TXN1603255506393862', 'Pending', 1.00, '2020-10-21 04:45:06', '2020-10-21 10:40:41', 1, 0),
(14, 'OD2661/20201021/50098', 'TXN1603255710593254', 'Success', 1.00, '2020-10-21 04:48:30', '2020-10-21 10:38:05', 1, 0),
(15, 'OD2660/20201021/36815', 'TXN1603268498915906', 'Pending', 1.00, '2020-10-21 08:21:38', '2020-10-21 10:08:59', 1, 0),
(16, 'OD2660/20201021/44419', 'TXN1603295087929086', 'Pending', 1.00, '2020-10-21 15:44:47', '2020-10-21 15:44:47', 0, 0),
(17, 'OD2660/20201021/83574', 'TXN1603295713545026', 'Pending', 1.00, '2020-10-21 15:55:13', '2020-10-21 15:55:13', 0, 0),
(18, 'OD2660/20201021/77202', 'TXN1603295735256236', 'Pending', 1.00, '2020-10-21 15:55:35', '2020-10-21 15:55:35', 0, 0),
(19, 'OD2661/20201022/75538', 'TXN1603345537426700', 'Pending', 1.00, '2020-10-22 05:45:37', '2020-10-22 06:12:26', 1, 0),
(20, 'OD2660/20201022/21794', 'TXN1603349342920032', 'Success', 1.00, '2020-10-22 06:49:02', '2020-10-22 09:00:51', 1, 1),
(21, 'OD2682/20201022/68604', 'TXN1603377605765514', 'Success', 347.00, '2020-10-22 14:40:05', '2020-10-24 09:20:08', 1, 0),
(22, 'OD8584/20201025/69055', 'TXN1603606594214975', 'Success', 446.00, '2020-10-25 06:16:34', '2020-10-27 16:37:52', 1, 0),
(23, 'OD8585/20201027/34148', 'TXN1603777309636150', 'Success', 578.00, '2020-10-27 05:41:49', '2020-10-27 16:37:50', 1, 0),
(24, 'OD2689/20201027/97288', 'TXN1603821893768210', 'Success', 578.00, '2020-10-27 18:04:53', '2020-10-27 18:04:53', 0, 0);

-- --------------------------------------------------------

--
-- Table structure for table `pickups`
--

CREATE TABLE `pickups` (
  `id` int(11) NOT NULL,
  `receiver_name` varchar(100) DEFAULT NULL,
  `receiver_mobile` varchar(13) DEFAULT NULL,
  `receiver_address` varchar(255) DEFAULT NULL,
  `receiver_pin` varchar(20) DEFAULT NULL,
  `receiver_landmark` varchar(255) DEFAULT NULL,
  `sender_name` varchar(100) DEFAULT NULL,
  `sender_mobile` varchar(13) DEFAULT NULL,
  `sender_address` varchar(255) DEFAULT NULL,
  `sender_pin` varchar(20) DEFAULT NULL,
  `sender_landmark` varchar(255) DEFAULT NULL,
  `payment_method` enum('COD','ONLINE') DEFAULT 'ONLINE',
  `payer` enum('SENDER','RECEIVER') DEFAULT 'SENDER',
  `carrier_id` int(11) DEFAULT NULL,
  `item_type` varchar(45) DEFAULT NULL,
  `pickup_on` datetime DEFAULT NULL,
  `assigned_on` datetime DEFAULT NULL,
  `completed_on` datetime DEFAULT NULL,
  `status` enum('PENDING','ASSIGNED','IN_TRANSIT','DELIVERED','REJECTED') DEFAULT 'PENDING',
  `created_by` int(11) NOT NULL,
  `created_at` timestamp NULL DEFAULT NULL,
  `updated_at` timestamp NULL DEFAULT NULL
) ENGINE=InnoDB DEFAULT CHARSET=utf8mb4;

-- --------------------------------------------------------

--
-- Table structure for table `products`
--

CREATE TABLE `products` (
  `id` int(11) NOT NULL,
  `name` varchar(100) NOT NULL,
  `category_id` int(10) UNSIGNED NOT NULL,
  `manufacturer_id` int(10) UNSIGNED DEFAULT NULL,
  `product_image` varchar(150) DEFAULT NULL,
  `created_at` datetime DEFAULT NULL,
  `updated_at` datetime DEFAULT NULL,
  `is_active` int(11) NOT NULL DEFAULT '1',
  `vendor_id` int(11) DEFAULT NULL
) ENGINE=InnoDB DEFAULT CHARSET=utf8;

--
-- Dumping data for table `products`
--

INSERT INTO `products` (`id`, `name`, `category_id`, `manufacturer_id`, `product_image`, `created_at`, `updated_at`, `is_active`, `vendor_id`) VALUES
(1, 'Noodles', 4, NULL, '/uploads/category/1602317712.image_picker2041419459087472534.jpg', '2020-10-10 08:15:15', '2020-10-10 08:15:15', 1, NULL),
(2, 'Chicken Noodles', 4, NULL, '/uploads/category/1602317993.image_picker996350235190129562.jpg', '2020-10-10 08:19:54', '2020-10-10 08:19:54', 1, NULL),
(3, 'Chicken Biriyani', 6, NULL, '/uploads/category/1602320949.image_picker31087012880825371.jpg', '2020-10-10 09:09:10', '2020-10-10 09:09:10', 1, NULL),
(4, 'Mutton Biryani', 6, NULL, '/uploads/category/1602397432.image_picker3144424583658981605.jpg', '2020-10-11 06:23:52', '2020-10-11 06:23:52', 1, NULL),
(5, 'Veg Fried Rice', 6, NULL, '/uploads/category/1602858433.image_picker3266509787524968138.jpg', '2020-10-16 14:27:14', '2020-10-16 14:27:14', 1, NULL),
(6, 'EGG Biriyani', 6, NULL, '/uploads/product/1602859133.1539272870_street_food.jpg', '2020-10-16 14:38:57', '2020-10-16 14:38:57', 1, NULL),
(7, 'Biriyani Spl', 6, NULL, '/uploads/category/1603285025.image_picker8755956579402805048.jpg', '2020-10-21 12:57:07', '2020-10-21 12:57:07', 1, NULL),
(8, 'Chicken Masalas', 6, NULL, '/uploads/product/1603356917.WhatsApp_Image_2020-10-10_at_09.17.56.jpeg', '2020-10-22 08:55:20', '2020-10-22 08:55:20', 1, NULL),
(9, 'DEMO', 6, NULL, '/uploads/product/1603356930.vishnu-vk-Y8D0t9baHJw-unsplash.jpg', '2020-10-22 08:55:33', '2020-10-22 08:55:33', 1, NULL),
(10, 'Egg Roll', 8, NULL, '/uploads/product/1603365141.egg_roll.jpg', '2020-10-22 11:12:36', '2020-10-22 11:12:36', 1, NULL),
(11, 'Double Egg Roll', 8, NULL, '/uploads/product/1603365641.double_egg_roll.jpg', '2020-10-22 11:20:47', '2020-10-22 11:20:47', 1, NULL),
(12, 'Chicken Roll', 8, NULL, '/uploads/product/1603365905.bhuna-chicken-roll-add.jpg', '2020-10-22 11:25:07', '2020-10-22 11:25:07', 1, NULL),
(13, 'Egg Chicken Roll', 8, NULL, '/uploads/product/1603366061.egg_chicken_roll.jpg', '2020-10-22 11:27:43', '2020-10-22 11:27:43', 1, NULL),
(14, 'Paneer Roll', 8, NULL, '/uploads/product/1603366221.Paneer-Roll-1_44.jpg', '2020-10-22 11:30:47', '2020-10-22 11:30:47', 1, NULL),
(15, 'Emami', 7, NULL, '/uploads/product/1603376019.WhatsApp_Image_2020-10-10_at_09.17.56.jpeg', '2020-10-22 14:13:40', '2020-10-22 14:13:40', 1, NULL),
(16, 'Rice', 7, NULL, '/uploads/category/1603378373.image_picker1891368369985204642.jpg', '2020-10-22 14:52:53', '2020-10-22 14:52:53', 1, NULL),
(17, 'Mutton Biriyani', 6, NULL, '/uploads/product/1603565737.biriyani.jpg', '2020-10-24 18:55:39', '2020-10-24 18:55:39', 1, NULL),
(18, 'veg Chowmin', 9, NULL, '/uploads/category/1603606056.image_picker5402589669058002607.jpg', '2020-10-25 06:07:37', '2020-10-27 06:14:14', 1, NULL),
(19, 'Schezwan Veg Chowmin', 9, NULL, '/uploads/product/1603779488.Schezwan_Veg_Chowmin.jpg', '2020-10-27 06:18:14', '2020-10-27 06:18:14', 1, NULL),
(20, 'Emami Healthy & Tasty Kachi Ghani Mustard Oil (Pouch', 7, NULL, '/uploads/product/1603787589.emani_healthy_and_teasty_dot.jpg', '2020-10-27 08:33:15', '2020-10-27 08:33:15', 1, NULL),
(21, 'Fortune Soya Health Refined Soyabean Oil (Pouch)', 7, NULL, '/uploads/product/1603788856.fortune_soya_oil_dot.jpg', '2020-10-27 08:54:20', '2020-10-27 08:54:20', 1, NULL),
(22, 'Tata Sampann Red Masoor Dal', 10, NULL, '/uploads/product/1603793999.tata_sampan_dot.jpg', '2020-10-27 10:20:11', '2020-10-27 10:20:11', 1, NULL),
(23, 'ETG Agro Naturz Chana Dal', 10, NULL, '/uploads/product/1603795995.scrnli_10_27_2020_4-21-07_PM.png', '2020-10-27 10:38:21', '2020-10-27 10:53:17', 1, NULL),
(24, 'ETG Agro Naturz Small Yellow Moong Dal', 10, NULL, '/uploads/product/1603795534.etg_agro_dot.jpg', '2020-10-27 10:45:53', '2020-10-27 10:45:53', 1, NULL),
(25, 'ETG Arhar Dal/Toor Dal', 10, NULL, '/uploads/product/1603798106.Firefox_Screenshot_2020-10-27T11-24-52.119Z.png', '2020-10-27 11:28:43', '2020-10-27 11:28:43', 1, NULL),
(26, 'Nestea Lemon Iced Tea (Pouch)', 11, NULL, '/uploads/product/1603798756.Firefox_Screenshot_2020-10-27T11-35-33.755Z.png', '2020-10-27 11:39:20', '2020-10-27 11:39:20', 1, NULL),
(27, 'Tata Gold Tea (Pouch)', 11, NULL, '/uploads/product/1603799130.Firefox_Screenshot_2020-10-27T11-42-13.230Z.png', '2020-10-27 11:45:32', '2020-10-27 11:45:32', 1, NULL),
(28, 'Amulya Dairy Whitener (Pouch)', 11, NULL, '/uploads/product/1603799362.Firefox_Screenshot_2020-10-27T11-46-39.553Z.png', '2020-10-27 11:49:46', '2020-10-27 11:49:46', 1, NULL),
(29, 'Tata Tulsi Green Tea Bags', 11, NULL, '/uploads/product/1603799726.Firefox_Screenshot_2020-10-27T11-50-31.910Z.png', '2020-10-27 11:55:29', '2020-10-27 11:55:29', 1, NULL),
(30, 'Cadbury Bournvita Chocolate Health Drink (Refill)', 11, NULL, '/uploads/product/1603801172.Firefox_Screenshot_2020-10-27T12-11-33.616Z.png', '2020-10-27 12:19:34', '2020-10-27 12:19:34', 1, NULL),
(31, 'Nescafe Classic Coffee (Jar) - Pack of 2', 11, NULL, '/uploads/product/1603801569.Firefox_Screenshot_2020-10-27T12-21-42.236Z.png', '2020-10-27 12:26:11', '2020-10-27 12:26:11', 1, NULL),
(32, 'Pepsi Soft Drink (Bottle)', 12, NULL, '/uploads/product/1603802439.Firefox_Screenshot_2020-10-27T12-26-10.691Z.png', '2020-10-27 12:40:43', '2020-10-27 12:40:43', 1, NULL),
(33, 'Maaza Mango Fruit Drink (Bottle)', 12, NULL, '/uploads/product/1603802606.Firefox_Screenshot_2020-10-27T12-40-43.309Z.png', '2020-10-27 12:43:28', '2020-10-27 12:43:28', 1, NULL),
(34, 'Limca Lime \'N\' Lemon Soft Drink (Bottle)', 12, NULL, '/uploads/product/1603802862.Firefox_Screenshot_2020-10-27T12-44-56.689Z.png', '2020-10-27 12:48:56', '2020-10-27 12:48:56', 1, NULL),
(35, 'Mirinda Soft Drink (Bottle)', 12, NULL, '/uploads/product/1603803578.Firefox_Screenshot_2020-10-27T12-56-36.078Z.png', '2020-10-27 12:59:40', '2020-10-27 12:59:40', 1, NULL),
(36, 'Mountain Dew Soft Drink (Bottle)', 12, NULL, '/uploads/product/1603803720.Firefox_Screenshot_2020-10-27T12-59-14.533Z.png', '2020-10-27 13:02:02', '2020-10-27 13:02:02', 1, NULL),
(37, 'Grofers Mother\'s Choice American Almonds + W320 Cashews Combo', 10, NULL, '/uploads/product/1603803879.Firefox_Screenshot_2020-10-27T13-01-58.439Z.png', '2020-10-27 13:04:40', '2020-10-27 13:04:40', 1, NULL),
(38, 'Chakki Atta', 10, NULL, '/uploads/product/1603804188.Firefox_Screenshot_2020-10-27T13-06-22.181Z.png', '2020-10-27 13:09:50', '2020-10-27 13:09:50', 1, NULL),
(39, 'Fresh Potato', 13, NULL, '/uploads/product/1603805037.Firefox_Screenshot_2020-10-27T13-21-28.000Z.png', '2020-10-27 13:23:58', '2020-10-27 13:23:58', 1, NULL),
(40, 'Baby Potato', 13, NULL, '/uploads/product/1603805191.Firefox_Screenshot_2020-10-27T13-23-41.041Z.png', '2020-10-27 13:26:34', '2020-10-27 13:26:34', 1, NULL),
(41, 'Fresh Onion', 13, NULL, '/uploads/product/1603805401.Firefox_Screenshot_2020-10-27T13-26-54.287Z.png', '2020-10-27 13:30:02', '2020-10-27 13:30:02', 1, NULL),
(42, 'Brown Coconut', 13, NULL, '/uploads/product/1603805578.Firefox_Screenshot_2020-10-27T13-30-10.980Z.png', '2020-10-27 13:33:00', '2020-10-27 13:33:00', 1, NULL),
(43, 'Lady Finger', 13, NULL, '/uploads/product/1603805701.Firefox_Screenshot_2020-10-27T13-32-17.375Z.png', '2020-10-27 13:35:03', '2020-10-27 13:35:03', 1, NULL),
(44, 'Quaker Oats', 14, NULL, '/uploads/product/1603867070.scrnli_10_28_2020_12-06-52_PM.png', '2020-10-28 06:39:29', '2020-10-28 06:39:29', 1, NULL),
(45, 'Baidyanath Honey', 14, NULL, '/uploads/product/1603867483.scrnli_10_28_2020_12-12-45_PM.png', '2020-10-28 06:44:59', '2020-10-28 06:44:59', 1, NULL),
(46, 'Saffola Classic Masala Oats', 14, NULL, '/uploads/product/1603868817.scrnli_10_28_2020_12-35-08_PM.png', '2020-10-28 07:07:09', '2020-10-28 07:07:09', 1, NULL),
(47, 'Mother Dairy Dailycious Dairy Whitener', 14, NULL, '/uploads/product/1603873760.scrnli_10_28_2020_1-58-39_PM.png', '2020-10-28 08:21:52', '2020-10-28 08:29:22', 1, NULL),
(48, 'Cadbury Dairy Milk Home Treats Chocolate', 14, NULL, '/uploads/product/1603874612.scrnli_10_28_2020_2-11-29_PM.png', '2020-10-28 08:43:34', '2020-10-28 08:43:34', 1, NULL),
(49, 'Cadbury Dairy Milk Fruit & Nut Chocolate - Pack of 2', 14, NULL, '/uploads/product/1603874800.scrnli_10_28_2020_2-15-59_PM.png', '2020-10-28 08:46:42', '2020-10-28 08:46:42', 1, NULL),
(50, 'Mother Dairy Butter', 14, NULL, '/uploads/product/1603875234.scrnli_10_28_2020_2-23-18_PM.png', '2020-10-28 08:53:56', '2020-10-28 08:53:56', 1, NULL),
(51, 'Mother Dairy Butter 100 gm', 14, NULL, '/uploads/product/1603875356.scrnli_10_28_2020_2-22-56_PM.png', '2020-10-28 08:56:13', '2020-10-28 08:56:13', 1, NULL),
(52, 'Gowardhan Butter', 14, NULL, '/uploads/product/1603876117.scrnli_10_28_2020_2-37-18_PM.png', '2020-10-28 09:08:40', '2020-10-28 09:08:40', 1, NULL),
(53, 'Nivea Lemon & Oil Shower Gel', 15, NULL, '/uploads/product/1603883009.scrnli_10_28_2020_3-43-59_PM.png', '2020-10-28 11:03:35', '2020-10-28 11:03:35', 1, NULL),
(54, 'Nivea Men Pure Impact Shower Gel', 15, NULL, '/uploads/product/1603883193.scrnli_10_28_2020_4-36-03_PM.png', '2020-10-28 11:06:34', '2020-10-28 11:06:34', 1, NULL),
(55, 'Palmolive Aroma Morning Tonic Shower Gel - Buy 2 Get 1 Free', 15, NULL, '/uploads/product/1603883327.scrnli_10_28_2020_4-37-57_PM.png', '2020-10-28 11:08:48', '2020-10-28 11:08:48', 1, NULL),
(56, 'Palmolive Thermal Spa Mineral Massage Shower Gel - Buy 2 Get 1 Free', 15, NULL, '/uploads/product/1603885054.scrnli_10_28_2020_5-06-55_PM.png', '2020-10-28 11:37:36', '2020-10-28 11:37:36', 1, NULL),
(57, 'Dettol Nourish Honey & Shea Butter Body Wash', 15, NULL, '/uploads/product/1603885208.scrnli_10_28_2020_5-09-02_PM.png', '2020-10-28 11:40:09', '2020-10-28 11:40:09', 1, NULL),
(58, 'Pears Pure & Gentle Body Wash - with Free Loofah', 15, NULL, '/uploads/product/1603885410.scrnli_10_28_2020_5-12-08_PM.png', '2020-10-28 11:43:31', '2020-10-28 11:43:31', 1, NULL),
(59, 'Nivea Cocoa Nourish Body Lotion', 15, NULL, '/uploads/product/1603885553.scrnli_10_28_2020_5-15-00_PM.png', '2020-10-28 11:45:56', '2020-10-28 11:45:56', 1, NULL),
(60, 'Vaseline Total Moisture Body Lotion', 15, NULL, '/uploads/product/1603885746.scrnli_10_28_2020_5-17-26_PM.png', '2020-10-28 11:49:08', '2020-10-28 11:49:08', 1, NULL),
(61, 'Boroplus Doodh Kesar Body Lotion - Buy 1 Get 1 Free', 15, NULL, '/uploads/product/1603885998.scrnli_10_28_2020_5-22-30_PM.png', '2020-10-28 11:53:21', '2020-10-28 11:53:21', 1, NULL),
(62, 'Pond\'s Triple Vitamin Moisturising Body Lotion', 15, NULL, '/uploads/product/1603886258.scrnli_10_28_2020_5-26-29_PM.png', '2020-10-28 11:57:40', '2020-10-28 11:57:40', 1, NULL),
(63, 'Colgate Strong Teeth Anticavity with Amino Shakti Toothpaste', 15, NULL, '/uploads/product/1603886411.scrnli_10_28_2020_5-28-59_PM.png', '2020-10-28 12:00:24', '2020-10-28 12:00:24', 1, NULL),
(64, 'Cinthol Lime Soap', 15, NULL, '/uploads/product/1603887177.scrnli_10_28_2020_5-42-06_PM.png', '2020-10-28 12:12:58', '2020-10-28 12:12:58', 1, NULL);

-- --------------------------------------------------------

--
-- Table structure for table `product_detailed_images`
--

CREATE TABLE `product_detailed_images` (
  `id` int(11) NOT NULL,
  `sku_id` int(11) NOT NULL,
  `product_images` varchar(150) NOT NULL,
  `position` int(11) NOT NULL,
  `created_at` datetime DEFAULT NULL,
  `updated_at` datetime DEFAULT NULL
) ENGINE=InnoDB DEFAULT CHARSET=latin1;

--
-- Dumping data for table `product_detailed_images`
--

INSERT INTO `product_detailed_images` (`id`, `sku_id`, `product_images`, `position`, `created_at`, `updated_at`) VALUES
(1, 1, '/uploads/product/1602321365.Chicken_Biryani.jpg', 1, '2020-10-10 09:16:10', '2020-10-10 09:16:10'),
(2, 2, '/uploads/category/1602396070.image_picker7017377372640013268.jpg', 1, '2020-10-11 06:01:10', '2020-10-11 06:01:10'),
(3, 3, '/uploads/category/1602397711.image_picker8447518598829868222.jpg', 1, '2020-10-11 06:28:32', '2020-10-11 06:28:32'),
(4, 4, '/uploads/category/1602513334.image_picker6297024669307467420.jpg', 1, '2020-10-12 14:35:34', '2020-10-12 14:35:34'),
(5, 5, '/uploads/category/1602858548.image_picker71695486937243030.jpg', 1, '2020-10-16 14:29:08', '2020-10-16 14:29:08'),
(6, 6, '/uploads/product/1602859214.logo,dot.png', 1, '2020-10-16 14:40:48', '2020-10-16 14:40:48'),
(7, 7, '/uploads/category/1603285088.image_picker580435184716274149.jpg', 1, '2020-10-21 12:58:08', '2020-10-21 12:58:08'),
(8, 8, '/uploads/product/1603357069.vishnu-vk-Y8D0t9baHJw-unsplash.jpg', 1, '2020-10-22 08:57:56', '2020-10-22 08:57:56'),
(9, 9, '/uploads/product/1603365451.bhuna-chicken-roll-add.jpg', 1, '2020-10-22 11:17:36', '2020-10-22 11:17:36'),
(10, 10, '/uploads/product/1603365845.double_egg_roll.jpg', 1, '2020-10-22 11:24:09', '2020-10-22 11:24:09'),
(11, 11, '/uploads/product/1603365972.bhuna-chicken-roll-add.jpg', 1, '2020-10-22 11:26:15', '2020-10-22 11:26:15'),
(12, 12, '/uploads/product/1603366123.egg_chicken_roll.jpg', 1, '2020-10-22 11:28:51', '2020-10-22 11:28:51'),
(13, 13, '/uploads/product/1603366293.Paneer-Roll-1_44.jpg', 1, '2020-10-22 11:31:43', '2020-10-22 11:31:43'),
(14, 13, '/uploads/product/1603366302.paneer_roll.jpg', 2, '2020-10-22 11:31:43', '2020-10-22 11:31:43'),
(15, 14, '/uploads/product/1603376088.WhatsApp_Image_2020-10-10_at_09.17.56.jpeg', 1, '2020-10-22 14:14:50', '2020-10-22 14:14:50'),
(16, 15, '/uploads/category/1603378427.image_picker176879224778820160.jpg', 1, '2020-10-22 14:53:47', '2020-10-22 14:53:47'),
(17, 16, '/uploads/product/1603565786.biriyani.jpg', 1, '2020-10-24 18:56:28', '2020-10-24 18:56:28'),
(18, 17, '/uploads/category/1603606101.image_picker5403723979644022008.jpg', 1, '2020-10-25 06:08:22', '2020-10-25 06:08:22'),
(19, 18, '/uploads/category/1603606316.image_picker6957674922518308798.jpg', 1, '2020-10-25 06:11:56', '2020-10-25 06:11:56'),
(20, 19, '/uploads/product/1603788968.fortune_soya_oil_dot.jpg', 1, '2020-10-27 08:56:13', '2020-10-27 08:56:13'),
(21, 20, '/uploads/product/1603794183.tata_sampan_dot.jpg', 1, '2020-10-27 10:23:12', '2020-10-27 10:23:12'),
(22, 21, '/uploads/product/1603795269.etg_agro_dot.jpg', 1, '2020-10-27 10:41:13', '2020-10-27 10:41:13'),
(23, 22, '/uploads/product/1603795616.etg_agro_dot.jpg', 1, '2020-10-27 10:47:06', '2020-10-27 10:47:06'),
(24, 23, '/uploads/product/1603798180.Firefox_Screenshot_2020-10-27T11-24-52.119Z.png', 1, '2020-10-27 11:29:43', '2020-10-27 11:29:43'),
(25, 24, '/uploads/product/1603798826.Firefox_Screenshot_2020-10-27T11-35-33.755Z.png', 1, '2020-10-27 11:42:03', '2020-10-27 11:42:03'),
(26, 24, '/uploads/product/1603798922.Firefox_Screenshot_2020-10-27T11-39-25.833Z.png', 2, '2020-10-27 11:42:03', '2020-10-27 11:42:03'),
(27, 25, '/uploads/product/1603799206.Firefox_Screenshot_2020-10-27T11-41-40.873Z.png', 1, '2020-10-27 11:46:52', '2020-10-27 11:46:52'),
(28, 25, '/uploads/product/1603799210.Firefox_Screenshot_2020-10-27T11-42-13.230Z.png', 2, '2020-10-27 11:46:52', '2020-10-27 11:46:52'),
(29, 26, '/uploads/product/1603799453.Firefox_Screenshot_2020-10-27T11-46-39.553Z.png', 1, '2020-10-27 11:51:00', '2020-10-27 11:51:00'),
(30, 27, '/uploads/product/1603799794.Firefox_Screenshot_2020-10-27T11-52-02.635Z.png', 1, '2020-10-27 11:56:45', '2020-10-27 11:56:45'),
(31, 27, '/uploads/product/1603799801.Firefox_Screenshot_2020-10-27T11-50-31.910Z.png', 2, '2020-10-27 11:56:45', '2020-10-27 11:56:45'),
(32, 28, '/uploads/product/1603801290.Firefox_Screenshot_2020-10-27T12-11-33.616Z.png', 1, '2020-10-27 12:22:22', '2020-10-27 12:22:22'),
(33, 29, '/uploads/product/1603801640.Firefox_Screenshot_2020-10-27T12-21-42.236Z.png', 1, '2020-10-27 12:27:31', '2020-10-27 12:27:31'),
(34, 30, '/uploads/product/1603802490.Firefox_Screenshot_2020-10-27T12-26-10.691Z.png', 1, '2020-10-27 12:41:32', '2020-10-27 12:41:32'),
(35, 31, '/uploads/product/1603802648.Firefox_Screenshot_2020-10-27T12-40-43.309Z.png', 1, '2020-10-27 12:44:14', '2020-10-27 12:44:14'),
(36, 32, '/uploads/product/1603803278.Firefox_Screenshot_2020-10-27T12-44-56.689Z.png', 1, '2020-10-27 12:54:41', '2020-10-27 12:54:41'),
(37, 33, '/uploads/product/1603803625.Firefox_Screenshot_2020-10-27T12-56-36.078Z.png', 1, '2020-10-27 13:00:26', '2020-10-27 13:00:26'),
(38, 34, '/uploads/product/1603803756.Firefox_Screenshot_2020-10-27T12-59-14.533Z.png', 1, '2020-10-27 13:02:41', '2020-10-27 13:02:41'),
(39, 35, '/uploads/product/1603803936.Firefox_Screenshot_2020-10-27T13-01-58.439Z.png', 1, '2020-10-27 13:05:38', '2020-10-27 13:05:38'),
(40, 36, '/uploads/product/1603804225.Firefox_Screenshot_2020-10-27T13-06-22.181Z.png', 1, '2020-10-27 13:10:30', '2020-10-27 13:10:30'),
(41, 37, '/uploads/product/1603805091.Firefox_Screenshot_2020-10-27T13-21-28.000Z.png', 1, '2020-10-27 13:24:53', '2020-10-27 13:24:53'),
(42, 38, '/uploads/product/1603805219.Firefox_Screenshot_2020-10-27T13-23-41.041Z.png', 1, '2020-10-27 13:27:00', '2020-10-27 13:27:00'),
(43, 39, '/uploads/product/1603805443.Firefox_Screenshot_2020-10-27T13-26-54.287Z.png', 1, '2020-10-27 13:30:44', '2020-10-27 13:30:44'),
(44, 40, '/uploads/product/1603805622.Firefox_Screenshot_2020-10-27T13-30-10.980Z.png', 1, '2020-10-27 13:33:49', '2020-10-27 13:33:49'),
(45, 41, '/uploads/product/1603805738.Firefox_Screenshot_2020-10-27T13-32-17.375Z.png', 1, '2020-10-27 13:35:44', '2020-10-27 13:35:44'),
(46, 42, '/uploads/product/1603867231.scrnli_10_28_2020_12-06-52_PM.png', 1, '2020-10-28 06:40:42', '2020-10-28 06:40:42'),
(47, 42, '/uploads/product/1603867239.scrnli_10_28_2020_12-06-28_PM.png', 2, '2020-10-28 06:40:42', '2020-10-28 06:40:42'),
(48, 43, '/uploads/product/1603867546.scrnli_10_28_2020_12-12-45_PM.png', 1, '2020-10-28 06:45:56', '2020-10-28 06:45:56'),
(49, 43, '/uploads/product/1603867553.scrnli_10_28_2020_12-13-23_PM.png', 2, '2020-10-28 06:45:56', '2020-10-28 06:45:56'),
(50, 44, '/uploads/product/1603868888.scrnli_10_28_2020_12-35-08_PM.png', 1, '2020-10-28 07:08:27', '2020-10-28 07:08:27'),
(51, 44, '/uploads/product/1603868901.scrnli_10_28_2020_12-35-41_PM.png', 2, '2020-10-28 07:08:27', '2020-10-28 07:08:27'),
(52, 45, '/uploads/product/1603873375.screenshot.jpeg', 1, '2020-10-28 08:22:57', '2020-10-28 08:22:57'),
(53, 46, '/uploads/product/1603873956.scrnli_10_28_2020_1-58-39_PM.png', 1, '2020-10-28 08:32:48', '2020-10-28 08:32:48'),
(54, 47, '/uploads/product/1603873989.81Kd-vLJHFL._SL1500_.jpg', 1, '2020-10-28 08:33:33', '2020-10-28 08:33:33'),
(55, 48, '/uploads/product/1603874668.scrnli_10_28_2020_2-11-29_PM.png', 1, '2020-10-28 08:44:46', '2020-10-28 08:44:46'),
(56, 48, '/uploads/product/1603874677.scrnli_10_28_2020_2-11-46_PM.png', 2, '2020-10-28 08:44:46', '2020-10-28 08:44:46'),
(57, 48, '/uploads/product/1603874685.scrnli_10_28_2020_2-12-03_PM.png', 3, '2020-10-28 08:44:46', '2020-10-28 08:44:46'),
(58, 49, '/uploads/product/1603874854.scrnli_10_28_2020_2-15-59_PM.png', 1, '2020-10-28 08:47:43', '2020-10-28 08:47:43'),
(59, 49, '/uploads/product/1603874861.scrnli_10_28_2020_2-15-20_PM.png', 2, '2020-10-28 08:47:43', '2020-10-28 08:47:43'),
(60, 50, '/uploads/product/1603875269.scrnli_10_28_2020_2-22-56_PM.png', 1, '2020-10-28 08:54:43', '2020-10-28 08:54:43'),
(61, 50, '/uploads/product/1603875280.scrnli_10_28_2020_2-23-18_PM.png', 2, '2020-10-28 08:54:43', '2020-10-28 08:54:43'),
(62, 51, '/uploads/product/1603875485.scrnli_10_28_2020_2-26-39_PM.png', 1, '2020-10-28 08:58:18', '2020-10-28 08:58:18'),
(63, 51, '/uploads/product/1603875495.scrnli_10_28_2020_2-22-56_PM.png', 2, '2020-10-28 08:58:18', '2020-10-28 08:58:18'),
(64, 52, '/uploads/product/1603876168.scrnli_10_28_2020_2-37-18_PM.png', 1, '2020-10-28 09:09:45', '2020-10-28 09:09:45'),
(65, 52, '/uploads/product/1603876176.scrnli_10_28_2020_2-37-36_PM.png', 2, '2020-10-28 09:09:45', '2020-10-28 09:09:45'),
(66, 53, '/uploads/product/1603883059.scrnli_10_28_2020_3-43-59_PM.png', 1, '2020-10-28 11:04:54', '2020-10-28 11:04:54'),
(67, 53, '/uploads/product/1603883090.scrnli_10_28_2020_3-44-19_PM.png', 2, '2020-10-28 11:04:54', '2020-10-28 11:04:54'),
(68, 54, '/uploads/product/1603883241.scrnli_10_28_2020_4-35-32_PM.png', 1, '2020-10-28 11:07:35', '2020-10-28 11:07:35'),
(69, 54, '/uploads/product/1603883253.scrnli_10_28_2020_4-36-03_PM.png', 2, '2020-10-28 11:07:35', '2020-10-28 11:07:35'),
(70, 55, '/uploads/product/1603883375.scrnli_10_28_2020_4-38-11_PM.png', 1, '2020-10-28 11:09:45', '2020-10-28 11:09:45'),
(71, 55, '/uploads/product/1603883383.scrnli_10_28_2020_4-37-57_PM.png', 2, '2020-10-28 11:09:45', '2020-10-28 11:09:45'),
(72, 56, '/uploads/product/1603885101.scrnli_10_28_2020_5-06-55_PM.png', 1, '2020-10-28 11:38:29', '2020-10-28 11:38:29'),
(73, 56, '/uploads/product/1603885108.scrnli_10_28_2020_5-07-13_PM.png', 2, '2020-10-28 11:38:29', '2020-10-28 11:38:29'),
(74, 57, '/uploads/product/1603885247.scrnli_10_28_2020_5-09-02_PM.png', 1, '2020-10-28 11:41:02', '2020-10-28 11:41:02'),
(75, 57, '/uploads/product/1603885254.scrnli_10_28_2020_5-09-22_PM.png', 2, '2020-10-28 11:41:02', '2020-10-28 11:41:02'),
(76, 57, '/uploads/product/1603885260.scrnli_10_28_2020_5-09-37_PM.png', 3, '2020-10-28 11:41:02', '2020-10-28 11:41:02'),
(77, 58, '/uploads/product/1603885445.scrnli_10_28_2020_5-12-20_PM.png', 1, '2020-10-28 11:44:26', '2020-10-28 11:44:26'),
(78, 58, '/uploads/product/1603885454.scrnli_10_28_2020_5-12-08_PM.png', 2, '2020-10-28 11:44:26', '2020-10-28 11:44:26'),
(79, 58, '/uploads/product/1603885465.scrnli_10_28_2020_5-12-51_PM.png', 3, '2020-10-28 11:44:26', '2020-10-28 11:44:26'),
(80, 59, '/uploads/product/1603885591.scrnli_10_28_2020_5-15-00_PM.png', 1, '2020-10-28 11:46:55', '2020-10-28 11:46:55'),
(81, 59, '/uploads/product/1603885599.scrnli_10_28_2020_5-15-13_PM.png', 2, '2020-10-28 11:46:55', '2020-10-28 11:46:55'),
(82, 59, '/uploads/product/1603885606.scrnli_10_28_2020_5-15-25_PM.png', 3, '2020-10-28 11:46:55', '2020-10-28 11:46:55'),
(83, 60, '/uploads/product/1603885780.scrnli_10_28_2020_5-17-26_PM.png', 1, '2020-10-28 11:49:56', '2020-10-28 11:49:56'),
(84, 60, '/uploads/product/1603885787.scrnli_10_28_2020_5-17-39_PM.png', 2, '2020-10-28 11:49:56', '2020-10-28 11:49:56'),
(85, 60, '/uploads/product/1603885794.scrnli_10_28_2020_5-18-07_PM.png', 3, '2020-10-28 11:49:56', '2020-10-28 11:49:56'),
(86, 61, '/uploads/product/1603886048.scrnli_10_28_2020_5-22-30_PM.png', 1, '2020-10-28 11:54:25', '2020-10-28 11:54:25'),
(87, 61, '/uploads/product/1603886058.scrnli_10_28_2020_5-22-51_PM.png', 2, '2020-10-28 11:54:25', '2020-10-28 11:54:25'),
(88, 62, '/uploads/product/1603886297.scrnli_10_28_2020_5-26-29_PM.png', 1, '2020-10-28 11:58:27', '2020-10-28 11:58:27'),
(89, 62, '/uploads/product/1603886304.scrnli_10_28_2020_5-26-46_PM.png', 2, '2020-10-28 11:58:27', '2020-10-28 11:58:27'),
(90, 63, '/uploads/product/1603886470.scrnli_10_28_2020_5-28-59_PM.png', 1, '2020-10-28 12:01:31', '2020-10-28 12:01:31'),
(91, 63, '/uploads/product/1603886480.scrnli_10_28_2020_5-29-44_PM.png', 2, '2020-10-28 12:01:31', '2020-10-28 12:01:31'),
(92, 63, '/uploads/product/1603886488.scrnli_10_28_2020_5-29-20_PM.png', 3, '2020-10-28 12:01:31', '2020-10-28 12:01:31'),
(93, 64, '/uploads/product/1603887265.scrnli_10_28_2020_5-42-06_PM.png', 1, '2020-10-28 12:14:43', '2020-10-28 12:14:43'),
(94, 64, '/uploads/product/1603887273.scrnli_10_28_2020_5-41-28_PM.png', 2, '2020-10-28 12:14:43', '2020-10-28 12:14:43'),
(95, 64, '/uploads/product/1603887281.scrnli_10_28_2020_5-41-43_PM.png', 3, '2020-10-28 12:14:43', '2020-10-28 12:14:43');

-- --------------------------------------------------------

--
-- Table structure for table `product_offer`
--

CREATE TABLE `product_offer` (
  `id` int(11) NOT NULL,
  `offer_name` longtext NOT NULL,
  `offer_on` varchar(100) NOT NULL,
  `discount_type` varchar(50) NOT NULL,
  `discount_type_id` int(11) NOT NULL,
  `discount_amount` varchar(50) NOT NULL,
  `applicable_from` datetime NOT NULL,
  `applicable_to` datetime NOT NULL,
  `created_at` date NOT NULL,
  `updated_at` date NOT NULL
) ENGINE=InnoDB DEFAULT CHARSET=latin1;

-- --------------------------------------------------------

--
-- Table structure for table `product_variants`
--

CREATE TABLE `product_variants` (
  `id` int(11) NOT NULL,
  `product_id` int(11) NOT NULL,
  `name` varchar(45) NOT NULL,
  `created_at` datetime DEFAULT NULL,
  `updated_at` datetime DEFAULT NULL
) ENGINE=InnoDB DEFAULT CHARSET=utf8;

--
-- Dumping data for table `product_variants`
--

INSERT INTO `product_variants` (`id`, `product_id`, `name`, `created_at`, `updated_at`) VALUES
(1, 3, 'Weight', '2020-10-10 09:16:10', '2020-10-10 09:16:10'),
(2, 4, 'Weight', '2020-10-12 14:35:34', '2020-10-12 14:35:34'),
(3, 5, 'Weight', '2020-10-16 14:29:08', '2020-10-16 14:29:08'),
(4, 6, 'Weight', '2020-10-16 14:40:48', '2020-10-16 14:40:48'),
(5, 7, 'Weight', '2020-10-21 12:58:08', '2020-10-21 12:58:08'),
(6, 9, 'Weight', '2020-10-22 08:57:55', '2020-10-22 08:57:55'),
(7, 10, 'Weight', '2020-10-22 11:17:36', '2020-10-22 11:17:36'),
(8, 11, 'Weight', '2020-10-22 11:24:09', '2020-10-22 11:24:09'),
(9, 12, 'Weight', '2020-10-22 11:26:15', '2020-10-22 11:26:15'),
(10, 13, 'Weight', '2020-10-22 11:28:51', '2020-10-22 11:28:51'),
(11, 14, 'Weight', '2020-10-22 11:31:43', '2020-10-22 11:31:43'),
(12, 15, 'Weight', '2020-10-22 14:14:50', '2020-10-22 14:14:50'),
(13, 16, 'Weight', '2020-10-22 14:53:47', '2020-10-22 14:53:47'),
(14, 17, 'Weight', '2020-10-24 18:56:28', '2020-10-24 18:56:28'),
(15, 21, 'Liter', '2020-10-27 08:56:13', '2020-10-27 08:56:13'),
(16, 22, 'Weight', '2020-10-27 10:23:12', '2020-10-27 10:23:12'),
(17, 23, 'Weight', '2020-10-27 10:41:13', '2020-10-27 10:41:13'),
(18, 24, 'Weight', '2020-10-27 10:47:06', '2020-10-27 10:47:06'),
(19, 25, 'Weight', '2020-10-27 11:29:43', '2020-10-27 11:29:43'),
(20, 26, 'Gram', '2020-10-27 11:42:03', '2020-10-27 11:42:03'),
(21, 27, 'Weight', '2020-10-27 11:46:52', '2020-10-27 11:46:52'),
(22, 28, 'Weight', '2020-10-27 11:51:00', '2020-10-27 11:51:00'),
(23, 29, 'Units', '2020-10-27 11:56:45', '2020-10-27 11:56:45'),
(24, 30, 'Weight', '2020-10-27 12:22:22', '2020-10-27 12:22:22'),
(25, 31, 'Weight', '2020-10-27 12:27:31', '2020-10-27 12:27:31'),
(26, 32, 'Weight', '2020-10-27 12:41:32', '2020-10-27 12:41:32'),
(27, 33, 'Weight', '2020-10-27 12:44:14', '2020-10-27 12:44:14'),
(28, 34, 'Weight', '2020-10-27 12:54:41', '2020-10-27 12:54:41'),
(29, 35, 'Weight', '2020-10-27 13:00:26', '2020-10-27 13:00:26'),
(30, 36, 'Weight', '2020-10-27 13:02:41', '2020-10-27 13:02:41'),
(31, 37, 'Weight', '2020-10-27 13:05:38', '2020-10-27 13:05:38'),
(32, 38, 'Weight', '2020-10-27 13:10:30', '2020-10-27 13:10:30'),
(33, 39, 'Weight', '2020-10-27 13:24:53', '2020-10-27 13:24:53'),
(34, 40, 'Weight', '2020-10-27 13:27:00', '2020-10-27 13:27:00'),
(35, 41, 'Weight', '2020-10-27 13:30:44', '2020-10-27 13:30:44'),
(36, 42, 'Weight', '2020-10-27 13:33:49', '2020-10-27 13:33:49'),
(37, 43, 'Weight', '2020-10-27 13:35:44', '2020-10-27 13:35:44'),
(38, 44, 'Weight', '2020-10-28 06:40:42', '2020-10-28 06:40:42'),
(39, 45, 'Weight', '2020-10-28 06:45:56', '2020-10-28 06:45:56'),
(40, 46, 'Weight', '2020-10-28 07:08:27', '2020-10-28 07:08:27'),
(41, 47, 'Weight', '2020-10-28 08:22:57', '2020-10-28 08:22:57'),
(42, 20, 'Weight', '2020-10-28 08:33:33', '2020-10-28 08:33:33'),
(43, 48, 'Weight', '2020-10-28 08:44:46', '2020-10-28 08:44:46'),
(44, 49, 'Weight', '2020-10-28 08:47:43', '2020-10-28 08:47:43'),
(45, 50, 'Weight', '2020-10-28 08:54:43', '2020-10-28 08:54:43'),
(46, 51, 'Weight', '2020-10-28 08:58:18', '2020-10-28 08:58:18'),
(47, 52, 'Weight', '2020-10-28 09:09:45', '2020-10-28 09:09:45'),
(48, 53, 'Weight', '2020-10-28 11:04:54', '2020-10-28 11:04:54'),
(49, 54, 'Weight', '2020-10-28 11:07:35', '2020-10-28 11:07:35'),
(50, 55, 'Weight', '2020-10-28 11:09:45', '2020-10-28 11:09:45'),
(51, 56, 'Weight', '2020-10-28 11:38:29', '2020-10-28 11:38:29'),
(52, 57, 'Weight', '2020-10-28 11:41:02', '2020-10-28 11:41:02'),
(53, 58, 'Weight', '2020-10-28 11:44:26', '2020-10-28 11:44:26'),
(54, 59, 'Weight', '2020-10-28 11:46:55', '2020-10-28 11:46:55'),
(55, 60, 'Weight', '2020-10-28 11:49:56', '2020-10-28 11:49:56'),
(56, 61, 'Weight', '2020-10-28 11:54:25', '2020-10-28 11:54:25'),
(57, 62, 'Weight', '2020-10-28 11:58:27', '2020-10-28 11:58:27'),
(58, 63, 'Weight', '2020-10-28 12:01:31', '2020-10-28 12:01:31'),
(59, 64, 'Weight', '2020-10-28 12:14:43', '2020-10-28 12:14:43');

-- --------------------------------------------------------

--
-- Table structure for table `product_variant_options`
--

CREATE TABLE `product_variant_options` (
  `id` int(11) NOT NULL,
  `product_variant_id` int(11) NOT NULL,
  `name` varchar(45) NOT NULL,
  `created_at` datetime DEFAULT NULL,
  `updated_at` datetime DEFAULT NULL
) ENGINE=InnoDB DEFAULT CHARSET=utf8;

--
-- Dumping data for table `product_variant_options`
--

INSERT INTO `product_variant_options` (`id`, `product_variant_id`, `name`, `created_at`, `updated_at`) VALUES
(1, 1, '500', '2020-10-10 09:16:10', '2020-10-10 09:16:10'),
(2, 1, '600 Gm', '2020-10-11 06:01:10', '2020-10-11 06:01:10'),
(3, 1, '250 Gm', '2020-10-11 06:28:32', '2020-10-11 06:28:32'),
(4, 2, '600 Gm', '2020-10-12 14:35:34', '2020-10-12 14:35:34'),
(5, 3, '250 Gm', '2020-10-16 14:29:08', '2020-10-16 14:29:08'),
(6, 4, '500', '2020-10-16 14:40:48', '2020-10-16 14:40:48'),
(7, 5, '500', '2020-10-21 12:58:08', '2020-10-21 12:58:08'),
(8, 6, '.500', '2020-10-22 08:57:55', '2020-10-22 08:57:55'),
(9, 7, '0.05', '2020-10-22 11:17:36', '2020-10-22 11:17:36'),
(10, 8, '0.05', '2020-10-22 11:24:09', '2020-10-22 11:24:09'),
(11, 9, '0.05', '2020-10-22 11:26:15', '2020-10-22 11:26:15'),
(12, 10, '0.05', '2020-10-22 11:28:51', '2020-10-22 11:28:51'),
(13, 11, '0.05', '2020-10-22 11:31:43', '2020-10-22 11:31:43'),
(14, 12, '500', '2020-10-22 14:14:50', '2020-10-22 14:14:50'),
(15, 13, '500', '2020-10-22 14:53:47', '2020-10-22 14:53:47'),
(16, 14, '500 Gm', '2020-10-24 18:56:28', '2020-10-24 18:56:28'),
(17, 15, '1', '2020-10-27 08:56:13', '2020-10-27 08:56:13'),
(18, 16, '500 Gm', '2020-10-27 10:23:12', '2020-10-27 10:23:12'),
(19, 17, '1 Kg', '2020-10-27 10:41:13', '2020-10-27 10:41:13'),
(20, 18, '1 Kg', '2020-10-27 10:47:06', '2020-10-27 10:47:06'),
(21, 19, '1 Kg', '2020-10-27 11:29:43', '2020-10-27 11:29:43'),
(22, 20, '400 Gm', '2020-10-27 11:42:03', '2020-10-27 11:42:03'),
(23, 21, '1 Kg+250 Gm', '2020-10-27 11:46:52', '2020-10-27 11:46:52'),
(24, 22, '500 Gm', '2020-10-27 11:51:00', '2020-10-27 11:51:00'),
(25, 23, '25 Units', '2020-10-27 11:56:45', '2020-10-27 11:56:45'),
(26, 24, '1 Kg', '2020-10-27 12:22:22', '2020-10-27 12:22:22'),
(27, 25, '0.500 Gm', '2020-10-27 12:27:31', '2020-10-27 12:27:31'),
(28, 26, '2.25 Liter', '2020-10-27 12:41:32', '2020-10-27 12:41:32'),
(29, 27, '1.2 Liter', '2020-10-27 12:44:14', '2020-10-27 12:44:14'),
(30, 28, '750 Ml', '2020-10-27 12:54:41', '2020-10-27 12:54:41'),
(31, 29, '2.25 Liter', '2020-10-27 13:00:26', '2020-10-27 13:00:26'),
(32, 30, '2.25 Liter', '2020-10-27 13:02:41', '2020-10-27 13:02:41'),
(33, 31, '500 Gm', '2020-10-27 13:05:38', '2020-10-27 13:05:38'),
(34, 32, '10 Kg', '2020-10-27 13:10:30', '2020-10-27 13:10:30'),
(35, 33, '1 Kg', '2020-10-27 13:24:53', '2020-10-27 13:24:53'),
(36, 34, '1 Kg', '2020-10-27 13:27:00', '2020-10-27 13:27:00'),
(37, 35, '1 Kg', '2020-10-27 13:30:44', '2020-10-27 13:30:44'),
(38, 36, '1 Pice', '2020-10-27 13:33:49', '2020-10-27 13:33:49'),
(39, 37, '500 Gram', '2020-10-27 13:35:44', '2020-10-27 13:35:44'),
(40, 38, '1 Kg', '2020-10-28 06:40:42', '2020-10-28 06:40:42'),
(41, 39, '500 Gm', '2020-10-28 06:45:56', '2020-10-28 06:45:56'),
(42, 40, '500 Gm', '2020-10-28 07:08:27', '2020-10-28 07:08:27'),
(43, 41, '500 Gm', '2020-10-28 08:22:57', '2020-10-28 08:22:57'),
(44, 42, '1 Ltr', '2020-10-28 08:33:33', '2020-10-28 08:33:33'),
(45, 43, '127 Gm', '2020-10-28 08:44:46', '2020-10-28 08:44:46'),
(46, 44, '2x36 Gm', '2020-10-28 08:47:43', '2020-10-28 08:47:43'),
(47, 45, '500 Gm', '2020-10-28 08:54:43', '2020-10-28 08:54:43'),
(48, 46, '100 Gm', '2020-10-28 08:58:18', '2020-10-28 08:58:18'),
(49, 47, '500 Gm', '2020-10-28 09:09:45', '2020-10-28 09:09:45'),
(50, 48, '500 Ml', '2020-10-28 11:04:54', '2020-10-28 11:04:54'),
(51, 49, '500 Ml', '2020-10-28 11:07:35', '2020-10-28 11:07:35'),
(52, 50, '3x250 Ml', '2020-10-28 11:09:45', '2020-10-28 11:09:45'),
(53, 51, '3x250 Ml', '2020-10-28 11:38:29', '2020-10-28 11:38:29'),
(54, 52, '250 Ml', '2020-10-28 11:41:02', '2020-10-28 11:41:02'),
(55, 53, '250 Ml', '2020-10-28 11:44:26', '2020-10-28 11:44:26'),
(56, 54, '400 Ml', '2020-10-28 11:46:55', '2020-10-28 11:46:55'),
(57, 55, '400 Ml', '2020-10-28 11:49:56', '2020-10-28 11:49:56'),
(58, 56, '2x400 Ml', '2020-10-28 11:54:25', '2020-10-28 11:54:25'),
(59, 57, '300 Ml', '2020-10-28 11:58:27', '2020-10-28 11:58:27'),
(60, 58, '500 Gm', '2020-10-28 12:01:31', '2020-10-28 12:01:31'),
(61, 59, '6x100 G', '2020-10-28 12:14:43', '2020-10-28 12:14:43');

-- --------------------------------------------------------

--
-- Table structure for table `role`
--

CREATE TABLE `role` (
  `role_id` int(10) UNSIGNED NOT NULL,
  `role_name` varchar(100) COLLATE utf8mb4_unicode_ci NOT NULL,
  `role_description` varchar(100) COLLATE utf8mb4_unicode_ci NOT NULL
) ENGINE=InnoDB DEFAULT CHARSET=utf8mb4 COLLATE=utf8mb4_unicode_ci;

--
-- Dumping data for table `role`
--

INSERT INTO `role` (`role_id`, `role_name`, `role_description`) VALUES
(1, 'admin', 'Administrator'),
(2, 'account', 'Accounts Head'),
(7, 'manager', 'Manager');

-- --------------------------------------------------------

--
-- Table structure for table `skus`
--

CREATE TABLE `skus` (
  `id` int(11) NOT NULL,
  `product_id` int(11) NOT NULL,
  `sku` varchar(100) NOT NULL,
  `product_identification` varchar(100) NOT NULL,
  `price` decimal(10,2) NOT NULL,
  `sku_name` varchar(255) DEFAULT NULL,
  `is_veg` tinyint(4) DEFAULT '0',
  `vendor_id` int(11) DEFAULT NULL,
  `created_at` datetime DEFAULT NULL,
  `updated_at` datetime DEFAULT NULL
) ENGINE=InnoDB DEFAULT CHARSET=utf8;

--
-- Dumping data for table `skus`
--

INSERT INTO `skus` (`id`, `product_id`, `sku`, `product_identification`, `price`, `sku_name`, `is_veg`, `vendor_id`, `created_at`, `updated_at`) VALUES
(1, 3, 'CHICKENBIRIYANI101060', 'CHICKENBIRIYANI101060', 120.00, 'Biriyani Small', 2, NULL, '2020-10-10 09:16:10', '2020-10-10 09:16:10'),
(2, 3, 'CHICKENBIRIYANI215989', 'CHICKENBIRIYANI215989', 260.00, 'Full Chicken Biryani', 2, 2, '2020-10-11 06:01:10', '2020-10-11 06:01:10'),
(3, 3, 'CHICKENBIRIYANI214702', 'CHICKENBIRIYANI214702', 150.00, 'Half Chicken Biryani', 2, 2, '2020-10-11 06:28:32', '2020-10-11 06:28:32'),
(4, 4, 'MUTTONBIRYANI2108175', 'MUTTONBIRYANI2108175', 300.00, 'Full Mutton Biryani', 0, 2, '2020-10-12 14:35:34', '2020-10-12 14:35:34'),
(5, 5, 'VEGFRIEDRICE6103194', 'VEGFRIEDRICE6103194', 125.00, 'Full Veg Fried Rice', 2, 6, '2020-10-16 14:29:08', '2020-10-16 14:29:08'),
(6, 6, 'EGGBIRIYANI109861', 'EGGBIRIYANI109861', 150.00, 'Full Biriyani', 3, NULL, '2020-10-16 14:40:48', '2020-10-16 14:40:48'),
(7, 7, 'BIRIYANISPL2653200', 'BIRIYANISPL2653200', 135.00, 'Hot', 2, 26, '2020-10-21 12:58:08', '2020-10-21 12:58:08'),
(8, 9, 'DEMO3417564', 'DEMO3417564', 150.00, 'xyz demo', 2, 34, '2020-10-22 08:57:55', '2020-10-22 08:57:55'),
(9, 10, 'EGGROLL3817650', 'EGGROLL3817650', 40.00, 'Egg Roll', 3, 38, '2020-10-22 11:17:36', '2020-10-22 11:17:36'),
(10, 11, 'DOUBLEEGGROLL3816005', 'DOUBLEEGGROLL3816005', 50.00, 'Double Egg Roll', 3, 38, '2020-10-22 11:24:09', '2020-10-22 11:24:09'),
(11, 12, 'CHICKENROLL3811661', 'CHICKENROLL3811661', 60.00, 'Chicken Roll', 2, 38, '2020-10-22 11:26:15', '2020-10-22 11:26:15'),
(12, 13, 'EGGCHICKENROLL3814309', 'EGGCHICKENROLL3814309', 75.00, 'Egg Chicken Roll', 2, 38, '2020-10-22 11:28:51', '2020-10-22 11:28:51'),
(13, 14, 'PANEERROLL3816479', 'PANEERROLL3816479', 60.00, 'Paneer Roll', 1, 38, '2020-10-22 11:31:43', '2020-10-22 11:31:43'),
(14, 15, 'EMAMI40108156', 'EMAMI40108156', 135.00, 'Emami Rice Oil', 0, 40, '2020-10-22 14:14:50', '2020-10-22 14:14:50'),
(15, 16, 'RICE41508664', 'RICE41508664', 50.00, 'India Gate', 2, 41, '2020-10-22 14:53:47', '2020-10-22 14:53:47'),
(16, 17, 'MUTTONBIRIYANI46105817', 'MUTTONBIRIYANI46105817', 160.00, 'Full Mutton Biriyani', 2, 46, '2020-10-24 18:56:28', '2020-10-24 18:56:28'),
(17, 18, 'VEGNOODLES4110372', 'VEGNOODLES4110372', 120.00, 'full plate noodles', 2, 41, '2020-10-25 06:08:22', '2020-10-25 06:08:22'),
(18, 18, 'VEGNOODLES50101164', 'VEGNOODLES50101164', 120.00, 'full plate noodles', 2, 50, '2020-10-25 06:11:56', '2020-10-25 06:11:56'),
(19, 21, 'FORTUNESOYAHEALTHREFINEDSOYABEANOIL(POUCH)5412694', 'FORTUNESOYAHEALTHREFINEDSOYABEANOIL(POUCH)5412694', 109.00, 'Fortune Soya Health Refined Soyabean Oil (Pouch)', 1, 54, '2020-10-27 08:56:13', '2020-10-27 08:56:13'),
(20, 22, 'TATASAMPANNREDMASOORDAL541168', 'TATASAMPANNREDMASOORDAL541168', 118.00, 'Tata Sampann Red Masoor Dal', 1, 54, '2020-10-27 10:23:12', '2020-10-27 10:23:12'),
(21, 23, '16%OFFETGAGRONATURZCHANADAL5414050', '16%OFFETGAGRONATURZCHANADAL5414050', 95.00, 'ETG Agro Naturz Chana Dal', 1, 54, '2020-10-27 10:41:13', '2020-10-27 10:41:13'),
(22, 24, 'ETGAGRONATURZSMALLYELLOWMOONGDAL5414453', 'ETGAGRONATURZSMALLYELLOWMOONGDAL5414453', 82.00, 'ETG Agro Naturz Small Yellow Moong Dal', 1, 54, '2020-10-27 10:47:06', '2020-10-27 10:47:06'),
(23, 25, 'ETGARHARDAL/TOORDAL5415356', 'ETGARHARDAL/TOORDAL5415356', 129.00, 'ETG Arhar Dal/Toor Dal', 1, 54, '2020-10-27 11:29:43', '2020-10-27 11:29:43'),
(24, 26, 'NESTEALEMONICEDTEA(POUCH)5412603', 'NESTEALEMONICEDTEA(POUCH)5412603', 165.00, 'Nestea Lemon Iced Tea (Pouch)', 1, 54, '2020-10-27 11:42:03', '2020-10-27 11:42:03'),
(25, 27, 'TATAGOLDTEA(POUCH)5416948', 'TATAGOLDTEA(POUCH)5416948', 634.00, 'Tata Gold Tea (Pouch)', 1, 54, '2020-10-27 11:46:52', '2020-10-27 11:46:52'),
(26, 28, 'AMULYADAIRYWHITENER(POUCH)5415050', 'AMULYADAIRYWHITENER(POUCH)5415050', 194.00, 'Amulya Dairy Whitener (Pouch)', 1, 54, '2020-10-27 11:51:00', '2020-10-27 11:51:00'),
(27, 29, 'TATATULSIGREENTEABAGS5412908', 'TATATULSIGREENTEABAGS5412908', 131.00, 'Tata Tulsi Green Tea Bags', 1, 54, '2020-10-27 11:56:45', '2020-10-27 11:56:45'),
(28, 30, 'CADBURYBOURNVITACHOCOLATEHEALTHDRINK(REFILL)5423409', 'CADBURYBOURNVITACHOCOLATEHEALTHDRINK(REFILL)5423409', 662.00, 'Cadbury Bournvita Chocolate Health Drink (Refill)', 1, 54, '2020-10-27 12:22:22', '2020-10-27 12:22:22'),
(29, 31, 'NESCAFECLASSICCOFFEE(JAR)-PACKOF25421057', 'NESCAFECLASSICCOFFEE(JAR)-PACKOF25421057', 494.00, 'Nescafe Classic Coffee (Jar) - Pack of 2', 0, 54, '2020-10-27 12:27:31', '2020-10-27 12:27:31'),
(30, 32, 'PEPSISOFTDRINK(BOTTLE)5416984', 'PEPSISOFTDRINK(BOTTLE)5416984', 47.00, 'Pepsi Soft Drink (Bottle)', 0, 54, '2020-10-27 12:41:32', '2020-10-27 12:41:32'),
(31, 33, 'MAAZAMANGOFRUITDRINK(BOTTLE)5416089', 'MAAZAMANGOFRUITDRINK(BOTTLE)5416089', 63.00, 'Maaza Mango Fruit Drink (Bottle)', 0, 54, '2020-10-27 12:44:14', '2020-10-27 12:44:14'),
(32, 34, 'LIMCALIME\'N\'LEMONSOFTDRINK(BOTTLE)54104716', 'LIMCALIME\'N\'LEMONSOFTDRINK(BOTTLE)54104716', 34.00, 'Limca Lime \'N\' Lemon Soft Drink (Bottle)', 0, 54, '2020-10-27 12:54:41', '2020-10-27 12:54:41'),
(33, 35, 'MIRINDASOFTDRINK(BOTTLE)5412315', 'MIRINDASOFTDRINK(BOTTLE)5412315', 74.00, 'Mirinda Soft Drink (Bottle)', 0, 54, '2020-10-27 13:00:26', '2020-10-27 13:00:26'),
(34, 36, 'MOUNTAINDEWSOFTDRINK(BOTTLE)541544', 'MOUNTAINDEWSOFTDRINK(BOTTLE)541544', 74.00, 'Mountain Dew Soft Drink (Bottle)', 0, 54, '2020-10-27 13:02:41', '2020-10-27 13:02:41'),
(35, 37, 'GROFERSMOTHER\'SCHOICEAMERICANALMONDS+W320CASHEWSCOMBO5425465', 'GROFERSMOTHER\'SCHOICEAMERICANALMONDS+W320CASHEWSCOMBO5425465', 729.00, 'Grofers Mother\'s Choice American Almonds + W320 Cashews Combo', 0, 54, '2020-10-27 13:05:38', '2020-10-27 13:05:38'),
(36, 38, 'CHAKKIATTA5419770', 'CHAKKIATTA5419770', 292.00, 'Chakki Atta', 0, 54, '2020-10-27 13:10:30', '2020-10-27 13:10:30'),
(37, 39, 'FRESHPOTATO5416343', 'FRESHPOTATO5416343', 50.00, 'Fresh Potato', 0, 54, '2020-10-27 13:24:53', '2020-10-27 13:24:53'),
(38, 40, 'BABYPOTATO5416501', 'BABYPOTATO5416501', 50.00, 'Baby Potato', 0, 54, '2020-10-27 13:27:00', '2020-10-27 13:27:00'),
(39, 41, 'FRESHONION5416164', 'FRESHONION5416164', 73.00, 'Fresh Onion', 0, 54, '2020-10-27 13:30:44', '2020-10-27 13:30:44'),
(40, 42, 'BROWNCOCONUT5416746', 'BROWNCOCONUT5416746', 35.00, 'Brown Coconut', 0, 54, '2020-10-27 13:33:49', '2020-10-27 13:33:49'),
(41, 43, 'LADYFINGER541699', 'LADYFINGER541699', 22.00, 'Lady Finger', 0, 54, '2020-10-27 13:35:44', '2020-10-27 13:35:44'),
(42, 44, 'QUAKEROATS5413217', 'QUAKEROATS5413217', 159.00, 'Quaker Oats', 0, 54, '2020-10-28 06:40:42', '2020-10-28 06:40:42'),
(43, 45, 'BAIDYANATHHONEY5412754', 'BAIDYANATHHONEY5412754', 152.00, 'Baidyanath Honey', 0, 54, '2020-10-28 06:45:56', '2020-10-28 06:45:56'),
(44, 46, 'SAFFOLACLASSICMASALAOATS5416751', 'SAFFOLACLASSICMASALAOATS5416751', 176.00, 'Saffola Classic Masala Oats', 0, 54, '2020-10-28 07:08:27', '2020-10-28 07:08:27'),
(45, 47, 'MOTHERDAIRYDAILYCIOUSDAIRYWHITENER5418916', 'MOTHERDAIRYDAILYCIOUSDAIRYWHITENER5418916', 190.00, 'Mother Dairy Dailycious Dairy Whitener', 0, 54, '2020-10-28 08:22:57', '2020-10-28 08:22:57'),
(46, 47, 'MOTHERDAIRYDAILYCIOUSDAIRYWHITENER5414409', 'MOTHERDAIRYDAILYCIOUSDAIRYWHITENER5414409', 190.00, 'Mother Dairy Dailycious Dairy Whitener', 0, 54, '2020-10-28 08:32:48', '2020-10-28 08:32:48'),
(47, 20, 'EMAMIHEALTHY&TASTYKACHIGHANIMUSTARDOIL(POUCH54101915', 'EMAMIHEALTHY&TASTYKACHIGHANIMUSTARDOIL(POUCH54101915', 155.00, 'Emami Healthy & Tasty Kachi Ghani Mustard Oil (Bottle)', 1, 54, '2020-10-28 08:33:33', '2020-10-28 08:33:33'),
(48, 48, 'CADBURYDAIRYMILKHOMETREATSCHOCOLATE5412726', 'CADBURYDAIRYMILKHOMETREATSCHOCOLATE5412726', 127.00, 'Cadbury Dairy Milk Home Treats Chocolate', 0, 54, '2020-10-28 08:44:46', '2020-10-28 08:44:46'),
(49, 49, 'CADBURYDAIRYMILKFRUIT&NUTCHOCOLATE-PACKOF25422576', 'CADBURYDAIRYMILKFRUIT&NUTCHOCOLATE-PACKOF25422576', 77.00, 'Cadbury Dairy Milk Fruit & Nut Chocolate - Pack of 2', 0, 54, '2020-10-28 08:47:43', '2020-10-28 08:47:43'),
(50, 50, 'MOTHERDAIRYBUTTER5414747', 'MOTHERDAIRYBUTTER5414747', 215.00, 'Mother Dairy Butter', 0, 54, '2020-10-28 08:54:43', '2020-10-28 08:54:43'),
(51, 51, 'MOTHERDAIRYBUTTER100GM5418186', 'MOTHERDAIRYBUTTER100GM5418186', 50.00, 'Mother Dairy Butter 100 gm', 0, 54, '2020-10-28 08:58:18', '2020-10-28 08:58:18'),
(52, 52, 'GOWARDHANBUTTER5416935', 'GOWARDHANBUTTER5416935', 225.00, 'Gowardhan Butter', 0, 54, '2020-10-28 09:09:45', '2020-10-28 09:09:45'),
(53, 53, 'NIVEALEMON&OILSHOWERGEL5412605', 'NIVEALEMON&OILSHOWERGEL5412605', 258.00, 'Nivea Lemon & Oil Shower Gel', 0, 54, '2020-10-28 11:04:54', '2020-10-28 11:04:54'),
(54, 54, 'NIVEAMENPUREIMPACTSHOWERGEL541182', 'NIVEAMENPUREIMPACTSHOWERGEL541182', 244.00, 'Nivea Men Pure Impact Shower Gel', 0, 54, '2020-10-28 11:07:35', '2020-10-28 11:07:35'),
(55, 55, 'PALMOLIVEAROMAMORNINGTONICSHOWERGEL-BUY2GET1FREE5432753', 'PALMOLIVEAROMAMORNINGTONICSHOWERGEL-BUY2GET1FREE5432753', 398.00, 'Palmolive Aroma Morning Tonic Shower Gel - Buy 2 Get 1 Free', 0, 54, '2020-10-28 11:09:45', '2020-10-28 11:09:45'),
(56, 56, 'PALMOLIVETHERMALSPAMINERALMASSAGESHOWERGEL-BUY2GET1FREE5437171', 'PALMOLIVETHERMALSPAMINERALMASSAGESHOWERGEL-BUY2GET1FREE5437171', 360.00, 'Palmolive Thermal Spa Mineral Massage Shower Gel - Buy 2 Get 1 Free', 0, 54, '2020-10-28 11:38:29', '2020-10-28 11:38:29'),
(57, 57, 'DETTOLNOURISHHONEY&SHEABUTTERBODYWASH5414101', 'DETTOLNOURISHHONEY&SHEABUTTERBODYWASH5414101', 150.00, 'Dettol Nourish Honey & Shea Butter Body Wash', 0, 54, '2020-10-28 11:41:02', '2020-10-28 11:41:02'),
(58, 58, 'PEARSPURE&GENTLEBODYWASH-WITHFREELOOFAH541846', 'PEARSPURE&GENTLEBODYWASH-WITHFREELOOFAH541846', 135.00, 'Pears Pure & Gentle Body Wash - with Free Loofah', 0, 54, '2020-10-28 11:44:26', '2020-10-28 11:44:26'),
(59, 59, 'NIVEACOCOANOURISHBODYLOTION5415987', 'NIVEACOCOANOURISHBODYLOTION5415987', 277.00, 'Nivea Cocoa Nourish Body Lotion', 0, 54, '2020-10-28 11:46:55', '2020-10-28 11:46:55'),
(60, 60, 'VASELINETOTALMOISTUREBODYLOTION541971', 'VASELINETOTALMOISTUREBODYLOTION541971', 215.00, 'Vaseline Total Moisture Body Lotion', 0, 54, '2020-10-28 11:49:56', '2020-10-28 11:49:56'),
(61, 61, 'BOROPLUSDOODHKESARBODYLOTION-BUY1GET1FREE5425278', 'BOROPLUSDOODHKESARBODYLOTION-BUY1GET1FREE5425278', 290.00, 'Boroplus Doodh Kesar Body Lotion - Buy 1 Get 1 Free', 0, 54, '2020-10-28 11:54:25', '2020-10-28 11:54:25'),
(62, 62, 'POND\'STRIPLEVITAMINMOISTURISINGBODYLOTION5415607', 'POND\'STRIPLEVITAMINMOISTURISINGBODYLOTION5415607', 230.00, 'Pond\'s Triple Vitamin Moisturising Body Lotion', 0, 54, '2020-10-28 11:58:27', '2020-10-28 11:58:27'),
(63, 63, 'COLGATESTRONGTEETHANTICAVITYWITHAMINOSHAKTITOOTHPASTE5412326', 'COLGATESTRONGTEETHANTICAVITYWITHAMINOSHAKTITOOTHPASTE5412326', 168.00, 'Colgate Strong Teeth Anticavity with Amino Shakti Toothpaste', 0, 54, '2020-10-28 12:01:31', '2020-10-28 12:01:31'),
(64, 64, 'CINTHOLLIMESOAP5469234', 'CINTHOLLIMESOAP5469234', 128.00, 'Cinthol Lime Soap', 0, 54, '2020-10-28 12:14:43', '2020-10-28 12:14:43');

-- --------------------------------------------------------

--
-- Table structure for table `skus_product_variant_options`
--

CREATE TABLE `skus_product_variant_options` (
  `sku_id` int(11) NOT NULL,
  `product_variant_id` int(11) NOT NULL,
  `product_variant_options_id` int(11) NOT NULL,
  `created_at` datetime DEFAULT NULL,
  `updated_at` datetime DEFAULT NULL
) ENGINE=InnoDB DEFAULT CHARSET=utf8;

--
-- Dumping data for table `skus_product_variant_options`
--

INSERT INTO `skus_product_variant_options` (`sku_id`, `product_variant_id`, `product_variant_options_id`, `created_at`, `updated_at`) VALUES
(1, 1, 1, '2020-10-10 09:16:10', '2020-10-10 09:16:10'),
(2, 1, 2, '2020-10-11 06:01:10', '2020-10-11 06:01:10'),
(3, 1, 3, '2020-10-11 06:28:32', '2020-10-11 06:28:32'),
(4, 2, 4, '2020-10-12 14:35:34', '2020-10-12 14:35:34'),
(5, 3, 5, '2020-10-16 14:29:08', '2020-10-16 14:29:08'),
(6, 4, 6, '2020-10-16 14:40:48', '2020-10-16 14:40:48'),
(7, 5, 7, '2020-10-21 12:58:08', '2020-10-21 12:58:08'),
(8, 6, 8, '2020-10-22 08:57:55', '2020-10-22 08:57:55'),
(9, 7, 9, '2020-10-22 11:17:36', '2020-10-22 11:17:36'),
(10, 8, 10, '2020-10-22 11:24:09', '2020-10-22 11:24:09'),
(11, 9, 11, '2020-10-22 11:26:15', '2020-10-22 11:26:15'),
(12, 10, 12, '2020-10-22 11:28:51', '2020-10-22 11:28:51'),
(13, 11, 13, '2020-10-22 11:31:43', '2020-10-22 11:31:43'),
(14, 12, 14, '2020-10-22 14:14:50', '2020-10-22 14:14:50'),
(15, 13, 15, '2020-10-22 14:53:47', '2020-10-22 14:53:47'),
(16, 14, 16, '2020-10-24 18:56:28', '2020-10-24 18:56:28'),
(19, 15, 17, '2020-10-27 08:56:13', '2020-10-27 08:56:13'),
(20, 16, 18, '2020-10-27 10:23:12', '2020-10-27 10:23:12'),
(21, 17, 19, '2020-10-27 10:41:13', '2020-10-27 10:41:13'),
(22, 18, 20, '2020-10-27 10:47:06', '2020-10-27 10:47:06'),
(23, 19, 21, '2020-10-27 11:29:43', '2020-10-27 11:29:43'),
(24, 20, 22, '2020-10-27 11:42:03', '2020-10-27 11:42:03'),
(25, 21, 23, '2020-10-27 11:46:52', '2020-10-27 11:46:52'),
(26, 22, 24, '2020-10-27 11:51:00', '2020-10-27 11:51:00'),
(27, 23, 25, '2020-10-27 11:56:45', '2020-10-27 11:56:45'),
(28, 24, 26, '2020-10-27 12:22:22', '2020-10-27 12:22:22'),
(29, 25, 27, '2020-10-27 12:27:31', '2020-10-27 12:27:31'),
(30, 26, 28, '2020-10-27 12:41:32', '2020-10-27 12:41:32'),
(31, 27, 29, '2020-10-27 12:44:14', '2020-10-27 12:44:14'),
(32, 28, 30, '2020-10-27 12:54:41', '2020-10-27 12:54:41'),
(33, 29, 31, '2020-10-27 13:00:26', '2020-10-27 13:00:26'),
(34, 30, 32, '2020-10-27 13:02:41', '2020-10-27 13:02:41'),
(35, 31, 33, '2020-10-27 13:05:38', '2020-10-27 13:05:38'),
(36, 32, 34, '2020-10-27 13:10:30', '2020-10-27 13:10:30'),
(37, 33, 35, '2020-10-27 13:24:53', '2020-10-27 13:24:53'),
(38, 34, 36, '2020-10-27 13:27:00', '2020-10-27 13:27:00'),
(39, 35, 37, '2020-10-27 13:30:44', '2020-10-27 13:30:44'),
(40, 36, 38, '2020-10-27 13:33:49', '2020-10-27 13:33:49'),
(41, 37, 39, '2020-10-27 13:35:44', '2020-10-27 13:35:44'),
(42, 38, 40, '2020-10-28 06:40:42', '2020-10-28 06:40:42'),
(43, 39, 41, '2020-10-28 06:45:56', '2020-10-28 06:45:56'),
(44, 40, 42, '2020-10-28 07:08:27', '2020-10-28 07:08:27'),
(45, 41, 43, '2020-10-28 08:22:57', '2020-10-28 08:22:57'),
(46, 41, 43, '2020-10-28 08:32:48', '2020-10-28 08:32:48'),
(47, 42, 44, '2020-10-28 08:33:33', '2020-10-28 08:33:33'),
(48, 43, 45, '2020-10-28 08:44:46', '2020-10-28 08:44:46'),
(49, 44, 46, '2020-10-28 08:47:43', '2020-10-28 08:47:43'),
(50, 45, 47, '2020-10-28 08:54:43', '2020-10-28 08:54:43'),
(51, 46, 48, '2020-10-28 08:58:18', '2020-10-28 08:58:18'),
(52, 47, 49, '2020-10-28 09:09:45', '2020-10-28 09:09:45'),
(53, 48, 50, '2020-10-28 11:04:54', '2020-10-28 11:04:54'),
(54, 49, 51, '2020-10-28 11:07:35', '2020-10-28 11:07:35'),
(55, 50, 52, '2020-10-28 11:09:45', '2020-10-28 11:09:45'),
(56, 51, 53, '2020-10-28 11:38:29', '2020-10-28 11:38:29'),
(57, 52, 54, '2020-10-28 11:41:02', '2020-10-28 11:41:02'),
(58, 53, 55, '2020-10-28 11:44:26', '2020-10-28 11:44:26'),
(59, 54, 56, '2020-10-28 11:46:55', '2020-10-28 11:46:55'),
(60, 55, 57, '2020-10-28 11:49:56', '2020-10-28 11:49:56'),
(61, 56, 58, '2020-10-28 11:54:25', '2020-10-28 11:54:25'),
(62, 57, 59, '2020-10-28 11:58:27', '2020-10-28 11:58:27'),
(63, 58, 60, '2020-10-28 12:01:31', '2020-10-28 12:01:31'),
(64, 59, 61, '2020-10-28 12:14:43', '2020-10-28 12:14:43');

-- --------------------------------------------------------

--
-- Table structure for table `users`
--

CREATE TABLE `users` (
  `id` int(10) UNSIGNED NOT NULL,
  `name` varchar(100) COLLATE utf8mb4_unicode_ci NOT NULL,
  `email` varchar(100) COLLATE utf8mb4_unicode_ci NOT NULL,
  `mobile_number` varchar(13) COLLATE utf8mb4_unicode_ci NOT NULL,
  `email_verified_flag` tinyint(4) NOT NULL DEFAULT '0',
  `email_verified_token` varchar(100) COLLATE utf8mb4_unicode_ci DEFAULT NULL,
  `email_verified_at` timestamp NULL DEFAULT NULL,
  `mobile_verified_flag` tinyint(4) NOT NULL DEFAULT '0',
  `mobile_verified_at` datetime DEFAULT NULL,
  `mobile_verified_token` varchar(150) COLLATE utf8mb4_unicode_ci DEFAULT NULL,
  `password` varchar(150) COLLATE utf8mb4_unicode_ci NOT NULL,
  `remember_token` varchar(100) COLLATE utf8mb4_unicode_ci DEFAULT NULL,
  `created_at` timestamp NULL DEFAULT NULL,
  `updated_at` timestamp NULL DEFAULT NULL,
  `vendor_id` int(11) DEFAULT NULL,
  `carrier_id` int(11) DEFAULT NULL,
  `device_id` varchar(200) COLLATE utf8mb4_unicode_ci DEFAULT NULL
) ENGINE=InnoDB DEFAULT CHARSET=utf8mb4 COLLATE=utf8mb4_unicode_ci;

--
-- Dumping data for table `users`
--

INSERT INTO `users` (`id`, `name`, `email`, `mobile_number`, `email_verified_flag`, `email_verified_token`, `email_verified_at`, `mobile_verified_flag`, `mobile_verified_at`, `mobile_verified_token`, `password`, `remember_token`, `created_at`, `updated_at`, `vendor_id`, `carrier_id`, `device_id`) VALUES
(1, 'Saikat', 'saikat@gmail.com', '', 0, NULL, NULL, 0, NULL, NULL, '$2y$10$yD..UgTLy0wL8/m54krAo.VtMEhBEfAzrO9flAsx5gMWPy4DIjejq', NULL, NULL, NULL, NULL, NULL, NULL),
(2, 'Sibasis Bhattacharyya', 'sibasis@inceptorytech.com', '+917003284185', 0, 'c4a185e840913cefa28d3cf2c0b060b5', NULL, 1, NULL, NULL, '$2y$10$L4WOWNM.qWpn/R/vjRMSHeon41.Eom0h4sL7I0mIz/3dWofZ02QZO', NULL, '2020-10-09 15:52:28', '2020-10-09 15:52:28', 13, NULL, NULL),
(3, 'Koustav Roy', 'koustav@inceptorytech.com', '+919804068663', 0, 'e7a507e89eb8850d7ea8f72f81a57723', NULL, 1, NULL, NULL, '$2y$10$xbDvdxE98UiTDXztcahZy.OM8FYqDUaM5rylSRNGApFwYQBXOtIg6', NULL, '2020-10-10 14:40:15', '2020-10-10 14:40:15', 14, NULL, NULL),
(4, 'Sibasis Bhattacharyya', 'sibasis@inceptorytech.co', '+917003284185', 0, '2f3850257048b84d505a810b63160b0b', NULL, 1, NULL, NULL, '$2y$10$HKNpSNUrO15o5BZU0S0BwuUtVpV7XrGc4m2ecGzZqSmoR/.BmW5Ye', NULL, '2020-10-10 15:12:08', '2020-10-10 15:12:08', 1, NULL, NULL),
(5, 'Arindam Singha', 'ari.soft291@gmail.com', '+919007511742', 0, '8dafe596dfc675e760d675c1c896577e', NULL, 1, NULL, NULL, '$2y$10$WpxCSsDi2Mm.i8OTzTJFnOI./v2BrQTFLAonTbznv/gQK4pifs.Oq', NULL, '2020-10-10 16:06:10', '2020-10-10 16:06:10', 2, NULL, NULL),
(6, 'Niladri Ghoshal', 'test32@test.com', '+919831010407', 0, 'a786a005d9f61a94747c84c6a077f6e6', NULL, 0, NULL, '3d441bb8760f6e0d11d2b995285210c9', '$2y$10$JIZA4uiYprNN1fwrhOiDTOhO3J/uF2UxFe8jdubilzNF2Fx7zsFge', NULL, '2020-10-14 14:42:17', '2020-10-14 14:42:17', NULL, NULL, NULL),
(7, 'Niladri Ghoshal', 'test32@test.co', '+919831010408', 0, 'bed9ff13a4d5fd18f64b843a3c055ce5', NULL, 0, NULL, 'c8fd60431a14ba9032988571783cac5f', '$2y$10$HHHS2YZ/BAnxGfgF9Fixkua2SlYYvaXjFtRbAcqH.iYpgdtjCtZlm', NULL, '2020-10-14 14:42:47', '2020-10-14 14:42:47', NULL, NULL, NULL),
(8, 'Sibasis Bhattacharyya', 'sibasis@inceptorytech.in', '+917003284185', 0, '028885403a5b9f11f900d33d122e1f44', NULL, 0, NULL, '029c4091db2b0c22c7c84a81dd2044cd', '$2y$10$giAezh.SiHhlMlq2QUJbIeN5TjKN.Pd3G.GOp08ckTJlYbWOmpWxS', NULL, '2020-10-14 14:45:32', '2020-10-14 14:45:32', NULL, NULL, NULL),
(9, 'sibasis', 'sibasis@hmail.com', '+917003284185', 0, '7eda97904e6be018e7e729d65f3a6a1b', NULL, 0, NULL, '080288d2b79532e6a93152dd5a9f8b7f', '$2y$10$ZxhtfyWUa3EDfyLpT3ubQeNF2UCf2wHKm.u9Tm19ImwJ9EUBbkSvy', NULL, '2020-10-14 18:05:20', '2020-10-14 18:05:20', NULL, NULL, NULL),
(10, 'bdndbd', 'nndndn@hshs.com', '+917003284185', 0, '090fd04e156933d64befee0c3e07f5cb', NULL, 0, NULL, 'a66d3f4945f7e4663061341b95e8bc03', '$2y$10$LqZnVZOvXeU9pDYyYhK8a.sjxx3xxSTGbpqBEUqp3wPXVhL2DabIa', NULL, '2020-10-14 18:14:50', '2020-10-14 18:14:50', NULL, NULL, NULL),
(11, 'sibasis', 'sibasis@gmail.com', '+917003284185', 0, '671b14c8ec3ce4ccd235c5e368340516', NULL, 0, NULL, '8014e5219ac1a0ef412be19b5db5f4ab', '$2y$10$RgVthiZJedy5Znssbc7kyOgkaCJzHOTOQw4hLnYO0alAlU/BfexvK', NULL, '2020-10-14 18:19:07', '2020-10-14 18:19:07', NULL, NULL, NULL),
(12, 'sibasis', 'sibasis97@gnai.com', '+917003284185', 0, '6a86e5e75764817169b56105a3fd01de', NULL, 0, NULL, '75124658b7ee87ba68700fc5607e0e32', '$2y$10$WMre.sKaqsaRCSD9aZVXAetAQm3yMApfupGJCN8j0yeMsttriF8X2', NULL, '2020-10-14 18:33:11', '2020-10-14 18:33:11', NULL, NULL, NULL),
(13, 'sibasis', 'sibasis@gmai.com', '+917003284185', 0, '0a269f058b2ca4511225b7a393f98b6c', NULL, 0, NULL, '0f0335df8561671de23219f11e1160d6', '$2y$10$8fW8oQtSBJf4frqRAD8Li.ZWVmu2E5GDeMn3liyRe3E8bQmqqDJY.', NULL, '2020-10-14 18:36:55', '2020-10-14 18:36:55', NULL, NULL, NULL),
(14, 'sibasis', 'sibasis@gmail.c', '+917003284185', 0, '71222f7bbd5d969abe823f8f89e951ff', NULL, 0, NULL, 'da76641630ddd7642e77a7738b8d4332', '$2y$10$71D2ugPzJ7ZdOpXl8sYMKuMb8MlMvaYwfTXdhrO5g5ULPJXSK2LAK', NULL, '2020-10-14 18:41:33', '2020-10-14 18:41:33', NULL, NULL, NULL),
(15, 'arindam', 'arindam@gmail.com', '+919007511742', 0, '47dd0278fa0884e969079fc11bffe9c2', NULL, 0, NULL, '3d79ed4cb5b0d14b8b5a31ebeaa1f1d2', '$2y$10$25M6/.CUDOR6vLP3cwSwKeANdKMUCpzD6OerWCedEFSSwLBP1TQXK', NULL, '2020-10-14 18:44:15', '2020-10-14 18:44:15', NULL, NULL, NULL),
(16, 'arindam', 'arindam@gmail.c', '+917003284185', 0, '84c6830c30f7d443b3fbb890809e6242', NULL, 0, NULL, '28ae03c99f826700bde9ac0b3ad378cd', '$2y$10$b0vkIuKqott747iLukcsm.UaTfh9Xbk5TkGLbZFqAkomLDJRS9Ztq', NULL, '2020-10-14 18:45:27', '2020-10-14 18:45:27', NULL, NULL, NULL),
(17, 'Sibasis Bhattacharyya', 'sibasis@inceptorytech.n', '+917003284185', 0, '276bc49cc4a86cabc73e5402c6b5202e', NULL, 0, NULL, 'ac2d1061bf917e2b3d70e5ae30fb9023', '$2y$10$zLRlQtNu1RzZCcM4RLt7B.3tRcuaJdrRCyfSDCqfXGQONbOSRoKLW', NULL, '2020-10-14 19:19:22', '2020-10-14 19:19:22', NULL, NULL, NULL),
(18, 'Sibasis Bhattacharyya', 'sibasis@inceptorytech.no', '+917003284185', 0, '38eabaeac6b7b4086a147e29ae279399', NULL, 1, '2020-10-14 12:47:44', '971887fc20318364786d3ee46b9f446c', '$2y$10$BYH01f.F2zw4Sr81OnYpcOBOKiN0MEWnklDEI3LX1QkZbiNFU26ka', NULL, '2020-10-14 19:23:20', '2020-10-14 19:23:20', NULL, NULL, NULL),
(19, 'Sibasis Bhattacharyya', 'sibasis@inceptorytech.a', '+917003284185', 0, 'c5776862d9c08511ddb79e300b3d0f8d', NULL, 1, '2020-10-14 16:03:45', 'ae3ecba14c8ca5cb2ae51d996184a0a9', '$2y$10$T00lj4iiE5qnS4vZ3XwWrepy7TzUxVu/7yFBVi.EO1e6gazomkOre', NULL, '2020-10-14 23:02:48', '2020-10-14 23:02:48', NULL, NULL, NULL),
(20, 'Sibasis Bhattacharyya', 'sibasis@inceptorytech.b', '+917003284185', 0, 'b58ca3cae38963b2bc733f805302dd91', NULL, 0, NULL, 'b0663c2222edf052acac988806d48d7f', '$2y$10$DyxlRaOJNIbjXdHArmtqBuPJXrxmXARW33R7RRqwn2SZjKe4FUYUK', NULL, '2020-10-15 00:58:27', '2020-10-15 00:58:27', NULL, NULL, NULL),
(21, 'Sibasis Bhattacharyya', 'sibasis@inceptorytech.c', '+917003284185', 0, '2ef17ae55f9853358e14468e24a11d4d', NULL, 1, '2020-10-14 18:13:16', '7ae898d8705b517d1efd3fb0aad9da37', '$2y$10$jG457J8enkyjMup0mTcIT.Wd7Zs2g4MgpVDMRTxbwYdUwUn3LXqXa', NULL, '2020-10-15 01:12:36', '2020-10-15 01:12:36', NULL, NULL, NULL),
(22, 'Ari', 'ari.n1@gmail.com', '+917003284185', 0, 'e0b4663e292d0183633dcb9a5f8c4453', NULL, 1, '2020-10-15 05:15:16', 'fba15825ef36d27228b9b328c610cb1f', '$2y$10$p7Ie03dEUaghn6niU.nbPeFaYyrOxxB4AUNbEcJ8SjFyVgPrCidsu', NULL, '2020-10-15 12:14:46', '2020-10-15 12:14:46', NULL, NULL, NULL),
(23, 'd1', 'd1@gmail.com', '+917980056855', 0, '87c3e55fbc12d761b15bed307ec65204', NULL, 1, NULL, NULL, '$2y$10$jYadBqnBVQV4HzYxIJAIQuUeg/IktkLoeaQrsP.MQoXVcRklcc5DS', NULL, '2020-10-15 23:09:44', '2020-10-15 23:09:44', NULL, 1, NULL),
(24, 'Sibasis Bhattacharyya', 'sibasis@inceptorytech.z', '+917003284185', 0, '128574e50b37c17d374044b8e630849c', NULL, 0, NULL, '0acc41799bd818cd82811f2273e45bba', '$2y$10$EGbGVn5d7hoMVOTLu6DJ8eHRN.ZGDjMBi9LBRIuBlxB95X.Uns8SC', NULL, '2020-10-15 23:32:09', '2020-10-15 23:32:09', NULL, NULL, NULL),
(25, 'Ari', 'ari.d1@gmail.com', '+919007511742', 0, 'ccbdbe930d7e8ab2c35d09aa53d8e176', NULL, 1, NULL, NULL, '$2y$10$6RolAHDdAPLR9F0wDFxt6.fKWb1yjzVOuLH2p3ZB2FWIsTTw.DrAG', NULL, '2020-10-15 23:46:49', '2020-10-15 23:46:49', NULL, 2, NULL),
(26, 'Sibasis Bhattacharyya', 'sibasis@inceptorytech.zzzzzzz', '+917003284185', 0, 'fdb76152bd53ba46325d68c1d791593e', NULL, 0, NULL, '2dc011af3fc9bddf9c2be325600fd93a', '$2y$10$gNblC7piDJ1G3hFcXq7eBOmjAUtO0nEa/3uFWOLLLiD5nlmnGvlCi', NULL, '2020-10-16 00:00:29', '2020-10-16 00:00:29', NULL, NULL, '231'),
(27, 'dd', 'dd@gg.com', '+917003284185', 0, '9fd58335bbe0d52e952fa741a636b98f', NULL, 0, NULL, 'c17d76b5c52a8efb4f06c58678205f83', '$2y$10$YvrlpqCytyHOhx98RzIgrOx5cTm4DJbGvwuq3/4ylnSUJaz6UTlPG', NULL, '2020-10-16 00:38:52', '2020-10-16 00:38:52', NULL, NULL, NULL),
(28, 'rr', 'rrchh@h.com', '+917003284185', 0, 'c57d64148bc3b885654c471ff92155a5', NULL, 0, NULL, '52ff42e2ec7dfb67293e4c05a936dd50', '$2y$10$0YobWkyPpw2YdtRxT9F9nOtrb8Txe0Jt7rHHy8nyZQJ3MAlNV4I6S', NULL, '2020-10-16 00:39:59', '2020-10-16 00:39:59', NULL, NULL, NULL),
(29, 'Sibasis bhattacharyya', 'a@b.c', '+917003284185', 0, '5c3f0c51b013180e3b95f1d0b51cffe2', NULL, 1, '2020-10-16 10:12:40', '4995da43ee770545c30caaad4ca2d1ee', '$2y$10$kpXaabh.xN4ELdSRoeqQUu9yuDcNXTapAwwHhTQRhK13gUdZpqRge', NULL, '2020-10-16 17:12:03', '2020-10-16 17:12:03', NULL, NULL, NULL),
(30, 'Sibasis', 'a@b.cc', '+917003284185', 0, 'b38cd986825e6e8de461d42f18dea378', NULL, 1, '2020-10-16 10:23:49', '81ed79ccc31331daaaaa25bf54ad764a', '$2y$10$crszpX8mcIQtXyV6SKyIdubECmEgzhG3ZfgJ/uj2CbodUxAkhaZFS', NULL, '2020-10-16 17:22:49', '2020-10-16 17:22:49', NULL, NULL, NULL),
(31, 'Sibasis', 'ww@hg.com', '+917003284185', 0, 'dca915e0811596301f50a1f7ff8905d5', NULL, 0, NULL, '672fbdf184783f0704898406fa1209d2', '$2y$10$tExZjp5pdAVw27tn7FhuiOvVVTQDDrUzY9GMOIFzaCGsSmVDBBf8u', NULL, '2020-10-16 17:30:15', '2020-10-16 17:30:15', NULL, NULL, NULL),
(32, 'nsnsn', 'nsnene@dnd.com', '+917003284185', 0, 'dbf9af7c33ca26b5278b11e271f0f171', NULL, 0, NULL, '88446674f98550e4b9b1a1bb72394f76', '$2y$10$byFcah6m6LvJYIUNFSahcuckQmJFI26PP6BpG6PgXoqh4FwWSytR.', NULL, '2020-10-16 17:33:49', '2020-10-16 17:33:49', NULL, NULL, NULL),
(33, 'nsnsn', 'nsnene@dnd.co', '+917003284185', 0, 'a940afb753d4bede165bef1124025461', NULL, 1, '2020-10-16 10:35:04', '33633c7d6174b5883752cf98b712ef49', '$2y$10$SB1dJ7cXPp.QYEZt/u4KfOiGLiMkbpU8G4KkyxON1D2WuD6VG2Kim', NULL, '2020-10-16 17:34:30', '2020-10-16 17:34:30', NULL, NULL, NULL),
(34, 'ss', 'ss@hm.com', '+917003284185', 0, '28ba6f12b6ab6a9cddd7e89ed40f998d', NULL, 1, '2020-10-16 10:42:16', '197d96cb968246e83f70cb18de8f2a6f', '$2y$10$weR/qEnPGDveff3qRPYbqeX6ulUlXRp0eQYYF42UdjiwXA5KnNuPe', NULL, '2020-10-16 17:41:49', '2020-10-16 17:41:49', NULL, NULL, NULL),
(35, 'ss', 'ss@hdhdh.com', '+917003284185', 0, '04f202fecda74834c02f92fc26aa0293', NULL, 1, '2020-10-16 10:51:33', '01374b2a117c7a66fc126fdbea041661', '$2y$10$RNAPCqUJWWGDbubIAkKTP.pGRFmlCDMN5H8KjfZSt/0BlYJs46By2', NULL, '2020-10-16 17:50:58', '2020-10-16 17:50:58', NULL, NULL, NULL),
(36, 'aa', 'aa@hma.com', '+917003284185', 0, '48c90a005e4f56c64503571b90ae4256', NULL, 1, '2020-10-16 11:00:46', '0087f1fb1b55d4e28c168995add959f3', '$2y$10$xQaIQmvOLbUugyj0IYCur.caPMZPzMIJv3xQf69jcAEnicg7uLFLO', NULL, '2020-10-16 18:00:11', '2020-10-16 18:00:11', NULL, NULL, NULL),
(37, 'bsbsbdbd', 'snnsns@hshhe.com', '+917003284185', 0, '48e5b9f957037e5e4a1c0e1c9013f334', NULL, 1, '2020-10-16 11:08:07', '9bfe05110761af1e31d064757124c7be', '$2y$10$no0ELS8J.MV9DPnZDOMEmOPvG/1a63v7Wdw9MlS9i4GHUX8y6ALOS', NULL, '2020-10-16 18:07:10', '2020-10-16 18:07:10', NULL, NULL, NULL),
(38, 'dbbxbdb', 'ndbdndb@hhshe.com', '+917003284185', 0, 'cbbcc9303fcd3481c52e2fd8579f59d1', NULL, 1, '2020-10-16 11:15:10', '0fee09f8ccc34aeaf0dfd8ea73e1bf1f', '$2y$10$2x7zVqhZ5g5SI7M7Vv2KQ.bVaIDWzbXN6MwViBg1wmq3ef1KWlDwe', NULL, '2020-10-16 18:13:12', '2020-10-16 18:13:12', NULL, NULL, NULL),
(39, 'sibasis', 'Sibasis@hh.com', '+917003284185', 0, 'cf0decff44b363b8fdc7965aa3f7cd88', NULL, 1, '2020-10-16 11:47:37', 'b9e45bb237c0294aa8954dd885a7e6ae', '$2y$10$.kr9usyOvi7LZR4NoUwiD.FOCLp6Uo0Mb1vXqaGhqydnvUgt56O.O', NULL, '2020-10-16 18:46:57', '2020-10-16 18:46:57', NULL, NULL, NULL),
(40, 'hshshsh', 'nsnshen@hshsh.com', '+917003284185', 0, 'd77acaddbd84e561e7f8a867394b75a3', NULL, 1, '2020-10-16 11:52:49', '5013b9031e159958c4bf2085001b0289', '$2y$10$kB4GPqxXzjjfYIKh.kLNqOVKtQ0g8GiHu9IiuLaxA5Gr4qWDuQ8P6', NULL, '2020-10-16 18:52:16', '2020-10-16 18:52:16', NULL, NULL, NULL),
(41, 'bsbsbsn', 'hshshsh@dhhd.com', '+917003284185', 0, 'a7125bd7410b142aba403e46087b2e00', NULL, 1, '2020-10-16 12:01:43', '953aec435c6bd15dd7f46bbf85d3d26e', '$2y$10$SabJrUm0f0UjOdyPMDj6V.INtl/yIR6us/0ej6qWY.O1PDkN6QoPK', NULL, '2020-10-16 19:01:15', '2020-10-16 19:01:15', NULL, NULL, NULL),
(42, 'hshshsh', 'jejenene@hsnsn.com', '+917003284185', 0, '8521355d17cd6ca031b296d1837c0fd6', NULL, 1, '2020-10-16 12:09:18', 'e6a1dc94c907706cd000f6e4ebdac785', '$2y$10$jkbNG4Rba/YyE8T4refvtufMdo/hroRwEnWTMK6P2O2LG3Qkjw3VO', NULL, '2020-10-16 19:08:38', '2020-10-16 19:08:38', NULL, NULL, NULL),
(43, 'Sru', 'sr.mn@awb.i', '+917003284185', 0, '6de98ecd7c6399fcf1571dd300b26ee1', NULL, 1, '2020-10-16 12:31:27', '011a915760cf03e85a07f535626f5227', '$2y$10$iTBZeHk4hHlgMVXWYq2qSOc4Sine7V54nr50lmReWd8ho8qr.JF9O', NULL, '2020-10-16 19:31:02', '2020-10-16 19:31:02', NULL, NULL, NULL),
(44, 'Arindam', 'ari.soft29po@gmail.com', '+919007511742', 0, '89cbdaf99d78e54ca8e6873e00aa73c6', NULL, 1, '2020-10-16 14:01:39', '6ae9b9a446367cd5588ed4a8e65bfadd', '$2y$10$V6abLWzzGyZM9xRiUzjz/.i9hFTFh9ZDR.aqCKHDACuMXIuSVtUFu', NULL, '2020-10-16 21:01:06', '2020-10-16 21:01:06', NULL, NULL, NULL),
(45, 'Sti', 'sri.mn1@aqb.in', '+917003284185', 0, 'b3ed8ca6fbcedc0c89b64d187cfb742d', NULL, 1, NULL, NULL, '$2y$10$n1mhQvIPcHM.u216oD.juujiKHxTwLCr1tBnhd16kUHbrzQq7aEOS', NULL, '2020-10-16 21:25:17', '2020-10-16 21:25:17', 6, NULL, NULL),
(46, 'Ati', 'ari.softp@gmail.com', '+919007511742', 0, '105a7ff45b32a16fa645c1a5395c8261', NULL, 1, NULL, NULL, '$2y$10$/7WTbF4xx93uy.AXhH1sQO/OJF7Gw473M4bzv5r8.4N66rg7Gklw.', NULL, '2020-10-16 21:34:05', '2020-10-16 21:34:05', NULL, 3, NULL),
(47, 'Sibasis Bhattacharyya', 's@b.com', '+917003284185', 0, '287338fe26585338cc226faaa3ac7054', NULL, 1, '2020-10-19 11:27:14', 'add19cc22cce2a8b26d5aa20ffa3ce23', '$2y$10$ELnPcJKPvhHS.WfnHr/fFuXBiw0I44JM7mpzmK02GKow6DpbTJZpC', NULL, '2020-10-19 18:26:47', '2020-10-19 18:26:47', NULL, NULL, '231'),
(48, 'Sibasis Bhattacharyya', 'sibasis97@gmail.com', '+917003284185', 0, '5ec36da63e134fba0885dcea8d4435f3', NULL, 1, '2020-10-20 09:16:07', '3a642f8d3b540680be0596c039183d52', '$2y$10$yeUYeLS6CR0xAgHfKzncdeU8ZDPjD5jHMqy/3FivjTApTPSsbGjaq', NULL, '2020-10-20 16:15:43', '2020-10-20 16:15:43', NULL, NULL, '231'),
(49, 'Sibasis Bhattacharyya', 'sibasis@inceptorytech.zzzzzzzz', '+917003284185', 0, 'c6f978d3982a18facebd348cb18352d2', NULL, 0, NULL, '62ef282ea0fdcd9ac4cb26c549f38cc9', '$2y$10$4YPesFCm24y/rGRi0VC4ZetDws2.OGy2fuSIcogZUkkLmtMhOjqPK', NULL, '2020-10-20 18:39:10', '2020-10-20 18:39:10', NULL, NULL, '231'),
(50, 'Kahan', 'ari.kahan@gmaul.com', '+919007511742', 0, '887ae0bcdae20edd92ce3d6c94376e3d', NULL, 1, NULL, NULL, '$2y$10$NsbooOReAH7GuS7pxVZF3e.iuk13SzQcXBNVAeAqI6wzm2oGzVL0a', NULL, '2020-10-20 20:50:18', '2020-10-20 20:50:18', 7, NULL, NULL),
(51, 'Kahan', 'kahan.1@gmail.com', '+919007511742', 0, '9f1ebce09db083e5779cff0a06142df6', NULL, 1, NULL, NULL, '$2y$10$L6Te8w2p4ICJQrvboUyb1O0RLaR5RYUCc0yc.MmDRmn9v7AeLt3ly', NULL, '2020-10-20 20:55:19', '2020-10-20 20:55:19', 8, NULL, NULL),
(52, 'bb', 'hh@b.com', '+919999999999', 0, '94d2a5fee403869dd5040f8493cf4c11', NULL, 0, NULL, 'b79f8005458a58a51ccd148bf10b587f', '$2y$10$5dTlvJywok6nNZogfebYKOMyYc53pMJcQ24ZpStWt2D3n3F06/MZW', NULL, '2020-10-21 01:08:17', '2020-10-21 01:08:17', NULL, NULL, NULL),
(53, 'hhhh', 'hhhh@hh.com', '+917003284185', 0, 'dbaa8c79191a1cdba7a1fd630e723f11', NULL, 1, '2020-10-20 18:52:15', '20de41139962341f659310046e0de9ce', '$2y$10$CY7og7fzhu1Mpv.MBT6KYumessW.C0XGYeydOHG2.x1lOcO1woE6i', NULL, '2020-10-21 01:48:13', '2020-10-21 01:48:13', NULL, NULL, NULL),
(54, 'bsbsb', 'nenene@jejej.com', '+917003284185', 0, '0c8ca2b24395ab8f9f9517f68dd146b6', NULL, 0, NULL, 'c54c80692db8ec6bee35e380e78bfd36', '$2y$10$pUMUtbJa82HGarWNna9uJ.wXpKk.q1ZHmC6P1aZ5mHA.sfIve0oNi', NULL, '2020-10-21 02:32:35', '2020-10-21 02:32:35', NULL, NULL, NULL),
(55, 'hshsh', 'shnshs@nenej.com', '+917003284185', 0, '889989f8f5a0d07d268f7e262e01a5dc', NULL, 0, NULL, 'b6a1311b8221dd7e8560bc2f5beca9dd', '$2y$10$0XnTDHFAc.6Okg5PFa8Vn.bo1XZOYmUozxl/ph0mQcM5bwk0ynUzm', NULL, '2020-10-21 02:36:04', '2020-10-21 02:36:04', NULL, NULL, NULL),
(56, 'kahan sarkar', 'kahansarkar1234@gmail.com', '+916291464260', 0, 'e203e20dfeb8e01384291a5011787529', NULL, 1, NULL, NULL, '$2y$10$XJVwqebU.jag.oNgfoVb1.MWX/MbemRWTiFb1uUE7K2H51PAucpRK', NULL, '2020-10-21 04:24:36', '2020-10-21 04:24:36', 10, NULL, NULL),
(57, 'kahan sarkar', 'kahansarkar12345@gmail.com', '+916291464260', 0, '462d327dbdd4e0bcfc9cec463d7e6bd5', NULL, 1, NULL, NULL, '$2y$10$o5VMK150EuLW3HHV5rfwFupyOoZN2h7mVtd.9qCZzcodBx1SSv8wy', NULL, '2020-10-21 04:37:41', '2020-10-21 04:37:41', 13, NULL, NULL),
(58, 'arka majumder', 'arka123@gmail.com', '+916291464260', 0, '4806e42153c516213e3fa88c0ded9b3f', NULL, 1, NULL, NULL, '$2y$10$6bZ3qjzcX6XS0qU8JyoS5OxiH5FDRRdMCyFCe97n1XbeyYYKCZoGe', NULL, '2020-10-21 04:50:42', '2020-10-21 04:50:42', 14, NULL, NULL),
(59, 'kahan sarkar', 'james1234@gmail.com', '+919007511742', 0, 'ecb2f6877d0915387b3bd46f6ee3eb4d', NULL, 1, NULL, NULL, '$2y$10$l/7lKa3lc99pxJv840MXbeshWW8VsZE/N1BLEdmLb/7FStqPUQrFW', NULL, '2020-10-21 13:19:43', '2020-10-21 13:19:43', 16, NULL, NULL),
(60, 'kahan sarkar', 'jamesbond007@gmail.com', '+919007511742', 0, '05d2f874fdd4f2669ded23f7edbef652', NULL, 1, NULL, NULL, '$2y$10$jj4p9exmCzVM6vyp0bOTz.93SpUc69KFjfzom7q3qGRUwIZTzVvRu', NULL, '2020-10-21 13:53:13', '2020-10-21 13:53:13', 18, NULL, NULL),
(61, 'rangan sarkar', 'rangan123@gmail.com', '+919007511742', 0, 'a1a2b2bc10813e4b449954658a9f4074', NULL, 1, NULL, NULL, '$2y$10$zb1LG1jPVlataaN8.SPO6ecxTnMs1mIWTDqKB3z2CSRsymQDFREj.', NULL, '2020-10-21 14:10:14', '2020-10-21 14:10:14', 19, NULL, NULL),
(62, 'chop kumar', 'chop123@gmail.com', '+916291464260', 0, 'b950e6e63b8827ca54ea9dea7d34d22c', NULL, 1, NULL, NULL, '$2y$10$ffPsF6qUD0u3.wONn2csQO0vGq1pH7m5cJ1B0auUlEa6v/irGWfI6', NULL, '2020-10-21 18:29:22', '2020-10-21 18:29:22', 21, NULL, NULL),
(63, 'Bijoy Das', 'Bijoydas@gmail.com', '+916291464260', 0, '5b7214f46c9f15008aff1722bdeeb73e', NULL, 1, NULL, NULL, '$2y$10$EfZcvYmZ.4kh6h1qpEE7auF8jtrk.IfwwBEjM/PLtAsYYMyBVUbh.', NULL, '2020-10-21 18:34:57', '2020-10-21 18:34:57', 22, NULL, NULL),
(64, 'Arindam', 'ari.info1@gmail.com', '+919007511742', 0, 'b610270692abe31d1b1e0b800eae90e5', NULL, 1, NULL, NULL, '$2y$10$p9Axwo5.O4.PjUYAuZFhOOaPP2n7.QucpIXIZOGurPukuwXY6I4..', NULL, '2020-10-21 19:55:12', '2020-10-21 19:55:12', 26, NULL, NULL),
(65, 'keya sarkar', 'keya123@gmail.com', '+916291464260', 0, '759d87c19ba7d5fc60e8d5fded2fb86d', NULL, 1, NULL, NULL, '$2y$10$iulu6wKcOq4gWPe0TbIVpOhTQ2AtWBxh399HijHQu20RLX2ozT4Dy', NULL, '2020-10-22 00:29:38', '2020-10-22 00:29:38', 27, NULL, NULL),
(66, 'shibashis bhattacharya', 'ram123@gmail.com', '+916291464260', 0, 'a7817bc339bdcd786177ea3280e1d8e9', NULL, 1, NULL, NULL, '$2y$10$./it.SFdO9AOepX/QjUVh.RnXPwVz/C9WPiVzYN7WZT/hYeyId5Hu', NULL, '2020-10-22 13:11:53', '2020-10-22 13:11:53', 28, NULL, NULL),
(67, 'Arindam', 'ari.bazar1@aqb.in', '+919007511742', 0, '228b9ca928621e2219b505673d1e5238', NULL, 1, NULL, NULL, '$2y$10$tC1lTFkdaxAoQDAqTHRJkOmEmkGytlJuHBu2tB5VTv.DUVJm4e.Ya', NULL, '2020-10-22 13:34:42', '2020-10-22 13:34:42', 29, NULL, NULL),
(68, 'Inceptory Spl', 'ari.s1@gmail.com', '+919081908112', 0, '346a5f279db53774d8afc7aaa39df14c', NULL, 0, NULL, NULL, '$2y$10$c/hhWrElni9jb4F8uQ9DlePFQTTadloGBVQ6LKPkenslvt/9DsSQ.', NULL, '2020-10-22 14:40:00', '2020-10-22 14:40:00', 31, NULL, NULL),
(69, 'Inceptory Spl', 'ari.s2@gmail.com', '+919081908112', 0, '18f05fcdd22ca52d9ae098934236c0a9', NULL, 0, NULL, NULL, '$2y$10$2i6ZjFLLnT7fKIwqZg5SFufhxTZNEwFHIihRuakbUU9n56zyReAJq', NULL, '2020-10-22 14:41:08', '2020-10-22 14:41:08', 32, NULL, NULL),
(70, 'DOT Resturant', 'ari.go1@gmail.com', '+919831983109', 0, 'c62088d09d88fd3d76489ff6e2dfb3b7', NULL, 0, NULL, NULL, '$2y$10$80XU4SI21Z4FUcwApFohhuTRqgc2t1GdT4xqu5RO2dF3caBW32Bqe', NULL, '2020-10-22 14:49:43', '2020-10-22 14:49:43', 33, NULL, NULL),
(71, 'xyz demo', 'arghyapitari@gmail.com', '+917044741933', 0, '0608dc692262a075d995a29769557726', NULL, 0, NULL, NULL, '$2y$10$2731b3/bfFiIh7.OvXQ8MOJM18m0ag7FVK6VcyZkjleFZhFAzeQfa', NULL, '2020-10-22 15:54:16', '2020-10-22 15:54:16', 34, NULL, NULL),
(72, 'SAI NAIVEDYAM', 'Bhoir298@gmail.com', '+919967856346', 0, 'cfd6d3115e60f798fa4828d91e61caf2', NULL, 0, NULL, NULL, '$2y$10$KtW/yhDSkekUlSM.NZK.FuNs2gm3y99eqnMQ2l7eADSQW92CHOBf.', NULL, '2020-10-22 16:37:49', '2020-10-22 16:37:49', 36, NULL, NULL),
(73, 'MADAN BHADRA', 'aanupbhadra@gmail.com', '+919163034945', 0, '9fe900b44df616cb29231aaf76a62820', NULL, 0, NULL, NULL, '$2y$10$e0CvYChsCcMfGaJ5q6iQO..ndwzxrH9ZTsbGbva1C.p4nInScq4B.', NULL, '2020-10-22 16:47:19', '2020-10-22 16:47:19', 37, NULL, NULL),
(74, 'SUBRATA DHIBAR', 'subratadhibar1@gmail.com', '+918620058983', 0, '8b5ee0acff0c967733b8a2f84fbf3bbe', NULL, 0, NULL, NULL, '$2y$10$.tr4KzzOad3fNEl0oIRJhedmX9V9XXgjIY4cc5XBsmPl8Q8xvV4Sq', NULL, '2020-10-22 16:57:30', '2020-10-22 16:57:30', 38, NULL, NULL),
(75, 'MUNMUN SAHA PODDER', 'munmun.soulmatesearch4u@gmail.com', '+919830502427', 0, '75a88fd17189d6cbab71fe54cfeae1d5', NULL, 0, NULL, NULL, '$2y$10$CCuYf6mDS76FPziXVyjPZeU/dGpS.iHzRo5ICz2p81U70BC8D2n5G', NULL, '2020-10-22 17:33:11', '2020-10-22 17:33:11', 39, NULL, NULL),
(76, 'AriBoy', 'a.d1i@gmail.com', '+919007511742', 0, 'e04658ced453035108407823350cab9d', NULL, 1, NULL, NULL, '$2y$10$UfSBrLxoO2OmROiplc/sY.ioRb/sITXl1YHMZ9Y.ODQx5vk3QjaLe', NULL, '2020-10-22 20:47:41', '2020-10-22 20:47:41', NULL, 6, NULL),
(77, 'Arindam', 'a.g1@gmail.com', '+919831983100', 0, 'bd724500d2a9f5a0a0ed16d6d22cd4bf', NULL, 0, NULL, NULL, '$2y$10$npdsyKCT6oxpJXrEC3DqVOnZmulWl20E03fTZhXs.Z44joh1Oc1cK', NULL, '2020-10-22 21:12:48', '2020-10-22 21:12:48', 40, NULL, NULL),
(78, 'Krish', 'k.a1@gmail.com', '+919007511742', 0, '1759d5e0784ca6aa32b3d61f8418ee70', NULL, 1, NULL, NULL, '$2y$10$IalAOfQZ57/HLA8/uP0ULeJ16JG9IiLZ9uArAISOhoWbPuTpZ9m62', NULL, '2020-10-22 21:50:54', '2020-10-22 21:50:54', 41, NULL, NULL),
(79, 'md sanawer', 'c2computer1@gmail.com', '+919007511742', 0, '2be8fecd6653437496d247d66118c2cb', NULL, 1, NULL, NULL, '$2y$10$lOf75uLdJu7f9r.MBfdg/uyrygeK0EZZYdX1emOK0TOu75sedj7EW', NULL, '2020-10-24 16:18:08', '2020-10-24 16:18:08', NULL, 11, NULL),
(80, 'Arsalan Arsalan', 'arsalan@dot.in', '+919007511700', 0, '1105f4257dd5a6e33c787f65fcc6bd4d', NULL, 0, NULL, NULL, '$2y$10$OJkomonMnT3KvG/KpRC83uOTLf2i6yQKtm.RdjIJlierb1Y6wT/yO', NULL, '2020-10-25 01:34:46', '2020-10-25 01:34:46', 46, NULL, NULL),
(81, 'Noodle Oddle', 'aminia@dot.in', '+919007511701', 0, '4854ed98a683c76159c6c7e1579fef34', NULL, 0, NULL, NULL, '$2y$10$TqdTQVdLjgf46atxsI2JoeEgSSC7LqKwR7Gp16.C8l3JpFBGFeq02', NULL, '2020-10-25 01:36:34', '2020-10-25 01:36:34', 47, NULL, NULL),
(82, 'Bhojohari Manna', 'bhojohari@dot.in', '+919007511702', 0, 'da842cc2fce34db8009c8b8a4a8b97cd', NULL, 0, NULL, NULL, '$2y$10$SxsvR.4l9GwTEtS42HoRNecxLKSA8YL11rHKKfd4WEZvvSvqiTDsG', NULL, '2020-10-25 01:38:24', '2020-10-25 01:38:24', 48, NULL, NULL),
(83, 'Bhojohari Ranna', 'bhojohariranna@dot.in', '+919007511705', 0, 'c6c3ce16c7c1c3f442736a16d2d65b77', NULL, 0, NULL, NULL, '$2y$10$nWMsJgYOcEE5uTO9e2syH.G636f5uuibB0yHZpLn67XSTBUihtMC2', NULL, '2020-10-25 01:41:19', '2020-10-25 01:41:19', 49, NULL, NULL),
(84, 'Sibasis Bhattacharyya', 'sibasis97@gmail.c', '+917003284185', 0, '61130217f9bbb071a581576f0bf12c65', NULL, 1, NULL, NULL, '$2y$10$4zTHXneT.blFLBrmVn.wIu9GoH04cXwvVLe9Jpn1isD9bJkqnuCn2', NULL, '2020-10-25 13:10:53', '2020-10-25 13:10:53', 50, NULL, NULL),
(85, 'Writtika Roy', 'writtika634@gmail.com', '+917003284185', 0, '682c9cb1044aa48c0b8b299bb4ae823b', NULL, 1, '2020-10-25 06:13:55', '0e7d0391efcf6208f249111afbd63d5d', '$2y$10$Dke/zbVe4fxfctp9BnlVd.IWovdxgNgAkaz6IXNPHeLU1om6V2Y.q', NULL, '2020-10-25 13:13:33', '2020-10-25 13:13:33', NULL, NULL, '231'),
(86, 'Budha Bite', 'budha.bite1@gmail.com', '+919874987400', 0, 'e42906545983d7d3aa7a6218619c7c12', NULL, 0, NULL, NULL, '$2y$10$l9NF1/X4iH5Z53dNjnHSX.zgV9saHty82cg/.jLEoyg92HxGU9RMe', NULL, '2020-10-27 13:49:29', '2020-10-27 13:49:29', 51, NULL, NULL),
(87, 'Manindar Singh', 'balle.dot@gmail.com', '+919831098410', 0, '2695248876d8ade065393f1ef9bc98a8', NULL, 0, NULL, NULL, '$2y$10$s50ja9AnMYbdJ.2sm4azquZvrNivKpML9RwSOYzU98YqwqOgt5Hwq', NULL, '2020-10-27 15:08:51', '2020-10-27 15:08:51', 52, NULL, NULL),
(88, 'Subrata Dhibar', 'subratadhibar11@gmail.com', '+918620058983', 0, 'efe22833544890d8ab8b39ac85e0b2d1', NULL, 0, NULL, NULL, '$2y$10$O9PAuJ69V/73lQpathDmSOoOCjTgnR5YwreCNIb0ue/cyU.Ki2Rvu', NULL, '2020-10-27 15:12:30', '2020-10-27 15:12:30', 53, NULL, NULL),
(89, 'Dot Grocery', 'merchantdeliveryontime@gmail.com', '+918800440394', 0, 'dd349d7113727b840c711133f7a28d90', NULL, 0, NULL, NULL, '$2y$10$OiyCG5VZ6cWqXQxB5cc4eOR9vsw57Rj/TmWMlfR0Tru9iLde1aRn6', NULL, '2020-10-27 15:49:28', '2020-10-27 15:49:28', 54, NULL, NULL),
(90, 'Argha Pitari', 'dotxp@gmail.com', '+917044741933', 0, '63adf30007509733cd420c48cf0277f5', NULL, 1, NULL, NULL, '$2y$10$BI36Bzk7SdJArggrrIflVuRF4sB6tf3pqt40XqlWJjOsuei1IxpRi', NULL, '2020-10-27 23:13:27', '2020-10-27 23:13:27', 59, NULL, NULL);

-- --------------------------------------------------------

--
-- Table structure for table `user_role`
--

CREATE TABLE `user_role` (
  `user_role_id` int(10) UNSIGNED NOT NULL,
  `user_id` int(10) UNSIGNED NOT NULL,
  `role_id` int(10) UNSIGNED NOT NULL,
  `updated_at` datetime DEFAULT NULL,
  `created_at` datetime DEFAULT NULL
) ENGINE=InnoDB DEFAULT CHARSET=utf8mb4 COLLATE=utf8mb4_unicode_ci;

--
-- Dumping data for table `user_role`
--

INSERT INTO `user_role` (`user_role_id`, `user_id`, `role_id`, `updated_at`, `created_at`) VALUES
(1, 1, 1, NULL, NULL);

-- --------------------------------------------------------

--
-- Table structure for table `vendors`
--

CREATE TABLE `vendors` (
  `id` int(10) UNSIGNED NOT NULL,
  `shop_name` varchar(200) NOT NULL,
  `mobile_number` varchar(13) NOT NULL,
  `mobile_verified_flag` tinyint(4) NOT NULL DEFAULT '0',
  `mobile_verified_token` varchar(100) DEFAULT NULL,
  `mobile_verified_at` datetime DEFAULT NULL,
  `address` longtext,
  `city` varchar(50) DEFAULT NULL,
  `state` varchar(50) DEFAULT NULL,
  `zip` int(11) NOT NULL,
  `category_id` int(10) UNSIGNED DEFAULT '0',
  `created_at` datetime DEFAULT NULL,
  `updated_at` datetime DEFAULT NULL,
  `is_active` tinyint(4) NOT NULL DEFAULT '1'
) ENGINE=InnoDB DEFAULT CHARSET=latin1;

--
-- Dumping data for table `vendors`
--

INSERT INTO `vendors` (`id`, `shop_name`, `mobile_number`, `mobile_verified_flag`, `mobile_verified_token`, `mobile_verified_at`, `address`, `city`, `state`, `zip`, `category_id`, `created_at`, `updated_at`, `is_active`) VALUES
(1, 'Sibasis Fast Food Center', '+917003284185', 1, '2225537d65be958ccaf93e43c8ccde51', '2020-10-10 08:08:59', 'Dum Dum, Kolkata', 'Kolkata', 'karnataka', 700030, 2, '2020-10-10 08:08:07', '2020-10-24 10:40:23', 0),
(2, 'Arindam Shop', '+919007511742', 1, 'c2a0f78a0486e2c1095fc9e3379ab859', '2020-10-10 09:04:49', 'Birati', 'Kolkata', 'karnataka', 700049, 2, '2020-10-10 09:04:23', '2020-10-24 10:40:26', 0),
(3, '', '+919999999999', 0, '217517ac9f48cd7aa9e48a154ab9d1b2', NULL, NULL, NULL, NULL, 0, 0, '2020-10-13 15:13:42', '2020-10-13 15:13:42', 1),
(4, '', '+919874466999', 0, '0df7327c5447edb3e3392d7f5a9f2544', NULL, NULL, NULL, NULL, 0, 0, '2020-10-13 15:14:14', '2020-10-13 15:14:14', 1),
(5, '', '+917003284185', 0, '68b42e63512bdec0d97ca199114f08da', NULL, NULL, NULL, NULL, 0, 0, '2020-10-13 15:14:42', '2020-10-13 15:14:42', 1),
(6, 'Delivery Exclusive', '+917003284185', 0, 'c522c77d7f2d0517446b496e8c4959f8', NULL, 'Saltlake', 'Kolkata', 'Madhyapradesh', 700091, 2, '2020-10-16 14:23:17', '2020-10-24 10:40:29', 0),
(7, 'Kahan Store', '+919007511742', 0, '62a0756ac5f67229431ba0e1710ba37c', NULL, 'Birati', 'Kolkata', 'Delhi', 700051, 2, '2020-10-20 13:46:14', '2020-10-24 10:40:32', 0),
(8, 'Kahan Resturant', '+919007511742', 1, 'f3abf8f9531d4390e67753fd562c78ed', '2020-10-20 13:53:30', 'Birsti', 'Dev', 'karnataka', 700049, 2, '2020-10-20 13:53:13', '2020-10-24 10:40:36', 0),
(9, '', '+916291464260', 1, '9d759d167d9842fb371e8df9470ba0d1', '2020-10-20 20:36:53', NULL, NULL, NULL, 0, 0, '2020-10-20 20:36:24', '2020-10-20 20:36:24', 1),
(10, 'kahan shop', '+916291464260', 1, 'a2d609ff1d6f83b7292de7d8c7ecaff3', '2020-10-20 20:57:14', 'natun pally unnayan samity', 'westbengal', 'Kolkata', 700049, 2, '2020-10-20 20:56:40', '2020-10-24 10:40:42', 0),
(11, '', '+916291464268', 0, 'b381bbd14c95a30545719affc3a4d14f', NULL, NULL, NULL, NULL, 0, 0, '2020-10-20 21:32:27', '2020-10-20 21:32:27', 1),
(12, '', '+916291464260', 1, 'e2f2a97a651e082cc693ad69f7c60800', '2020-10-20 21:32:49', NULL, NULL, NULL, 0, 0, '2020-10-20 21:32:30', '2020-10-20 21:32:30', 1),
(13, 'kahanshop', '+916291464260', 1, '42a31785f530ad7f6a3c41318b4b6744', '2020-10-20 21:36:00', 'natun pally', 'westbengal', 'Kolkata', 700049, 3, '2020-10-20 21:35:37', '2020-10-24 10:41:46', 0),
(14, 'arka shop', '+916291464260', 1, '954e38a7e00062239d4c079a34926065', '2020-10-20 21:48:22', 'nimta', 'west bengal', 'Kolkata', 700049, 2, '2020-10-20 21:48:03', '2020-10-24 10:40:18', 0),
(15, '', '+919007511742', 0, '0b6c7b1ff66a641b2c3e85d5178adc68', NULL, NULL, NULL, NULL, 0, 0, '2020-10-21 06:02:49', '2020-10-21 06:02:49', 1),
(16, 'ram shop', '+919007511742', 1, '1009f79311a5db83eb20bada502e3283', '2020-10-21 06:12:27', 'nimta', 'west bengal', 'Kolkata', 700049, 2, '2020-10-21 06:12:10', '2020-10-24 10:40:45', 0),
(17, 'KahanStore', '+919007511742', 1, '3bc3e922a8a9eac395b86873d49d4d6c', '2020-10-21 06:28:04', 'Birati', 'Kokkata', 'Kolkata', 700049, 2, '2020-10-21 06:27:37', '2020-10-21 06:29:27', 1),
(18, 'shyam shop', '+919007511742', 1, '4a325549e31071b7a5be8b243ea08fb1', '2020-10-21 06:52:05', 'nimta', 'kolkata', 'Kolkata', 700049, 2, '2020-10-21 06:51:49', '2020-10-24 10:40:50', 0),
(19, 'rangan shop', '+919007511742', 1, '019c7ee89970fdb03de360fd85013008', '2020-10-21 07:09:06', 'nimta', 'kolkata', 'Kolkata', 700049, 2, '2020-10-21 07:08:50', '2020-10-24 10:41:30', 0),
(20, '', '+916291464260', 1, '9c03d63563a2508610eca8a5662b92b6', '2020-10-21 11:26:07', NULL, NULL, NULL, 0, 0, '2020-10-21 11:25:38', '2020-10-21 11:25:38', 1),
(21, 'choper dokan', '+916291464260', 1, '0b951ac81ac4b6b88dfe51bba877c7b0', '2020-10-21 11:27:32', 'nimta', 'west bengal', 'Kolkata', 700049, 2, '2020-10-21 11:27:20', '2020-10-24 10:41:25', 0),
(22, 'Aminia', '+916291464260', 1, '02a6d0efd54c7388e26f125d8df83671', '2020-10-21 11:33:04', 'nimta', 'kolkata', 'West Bengal', 700049, 2, '2020-10-21 11:32:13', '2020-10-24 10:41:21', 0),
(23, '', '+916291464260', 0, 'c06ece4a5b0b3cc723fc1ae85e2aca0a', NULL, NULL, NULL, NULL, 0, 0, '2020-10-21 11:39:56', '2020-10-21 11:39:56', 1),
(24, '', '+916291464260', 0, '0fba71e47c48d4cf0ac08ed4f6ad319b', NULL, NULL, NULL, NULL, 0, 0, '2020-10-21 11:41:43', '2020-10-21 11:41:43', 1),
(25, '', '+916291464260', 0, '404514c8b3ee6a926f5797464c20d905', NULL, NULL, NULL, NULL, 0, 0, '2020-10-21 11:49:57', '2020-10-21 11:49:57', 1),
(26, 'DOT SALTLAKE', '+919007511742', 1, 'fd4719bbd93fba485ba3691e7822c330', '2020-10-21 12:53:57', 'Saltlake', 'Kolkata', 'West Bengal', 700091, 2, '2020-10-21 12:53:14', '2020-10-24 10:41:17', 0),
(27, 'ram shop', '+916291464260', 1, '9c1cca99ac7b9c81b051f7d751b6de8c', '2020-10-21 17:28:21', 'nimta', 'kolkata', 'West Bengal', 700049, 2, '2020-10-21 17:27:58', '2020-10-24 10:41:12', 0),
(28, 'shibashis shop', '+916291464260', 1, 'd83354d425e18e41bca72072da3bd1be', '2020-10-22 06:10:12', 'nimta', 'kokata', 'West Bengal', 700049, 2, '2020-10-22 06:09:48', '2020-10-24 10:41:09', 0),
(29, 'Bazar Nimta', '+919007511742', 0, 'ef2ab7e92a51fa1c591430d0777b775c', NULL, 'Birati', 'Kolkata', 'West Bengal', 700049, 2, '2020-10-22 06:33:04', '2020-10-24 10:41:05', 0),
(30, '', '+916291464260', 1, 'c3a0d534a04e93d6d5541315e757d3eb', '2020-10-22 06:57:35', NULL, NULL, NULL, 0, 0, '2020-10-22 06:57:17', '2020-10-22 06:57:17', 1),
(31, 'Biriyani Dhaba', '+919081908112', 0, 'a63202027c0124bfb4f7263909a2d091', NULL, 'Birati', 'Kolkata', 'West Bengal', 700051, 2, '2020-10-22 07:40:00', '2020-10-23 14:28:31', 0),
(32, 'Biriyani Dhaba', '+919081908112', 0, '64868ca3a01c4f7b77cea94ee426c0c0', NULL, 'Birati', 'Kolkata', 'Westabengal', 700049, 2, '2020-10-22 07:41:08', '2020-10-24 10:41:03', 0),
(33, 'AriBiriyani', '+919831983109', 0, '640960289bb94f8033147ca54e70715c', NULL, 'Nimta', 'Kolkata', 'Westbengal', 700049, 2, '2020-10-22 07:49:43', '2020-10-24 10:41:00', 0),
(34, 'DEMO REATAURENT', '+917044741933', 0, '50ab917cc078a520e96a17719d48584e', NULL, 'SECTOR 5 BIDHANNAGAR', 'KOLKATA', 'WESTBENGAL', 700150, 2, '2020-10-22 08:54:16', '2020-10-24 10:42:13', 0),
(35, '', '+919007511742', 0, '59a4bd8eee9d5bcca683375da6011558', NULL, NULL, NULL, NULL, 0, 0, '2020-10-22 09:36:02', '2020-10-22 09:36:02', 1),
(36, 'Sai naivedyam', '+919967856346', 0, '8c806603c31c5e4ec0800c7cb8b3666f', NULL, 'Shop no A -37 Nkda market complex Opp unitech get 1 new town kolkata 156', 'KOLKATA', 'WEST BENGAL', 700156, 2, '2020-10-22 09:37:49', '2020-10-24 10:42:09', 0),
(37, 'Chin Thai', '+919163034945', 0, '01171d4c50d2511ea6b1ed6db34e7257', NULL, 'Megatherm building (pantaloons) Salt Lake sector 5', 'KOLKATA', 'WEST BENGAL', 700091, 2, '2020-10-22 09:47:19', '2020-10-24 10:41:57', 0),
(38, 'shruti kitchen', '+918620058983', 0, 'd55087b0df7eee12dcdf9902e7fb111c', NULL, 'gobinda nagar ,narkal bagan newtown ,kol 169', 'WEST BENGAL', 'WEST BENGAL', 700169, 2, '2020-10-22 09:57:29', '2020-10-24 10:41:54', 0),
(39, 'soulmates cafe', '+919830502427', 0, 'ec234c2937d3174fa2ecd67d5ee49d2f', NULL, 'HB 286 sector-3 saltlake ,near big bazaar ,kolkata -700106', 'KOLKATA', 'WEST BENGAL', 700106, 2, '2020-10-22 10:33:11', '2020-10-24 10:41:50', 0),
(40, 'Grocery Birati', '+919831983100', 0, '59237c1ba2878b0e72108a3d8dec1cb0', NULL, 'Birati', 'Kolkata', 'Westbengal', 70051, 3, '2020-10-22 14:12:48', '2020-10-24 10:41:43', 0),
(41, 'Krish Shop', '+919007511742', 1, 'd0fb9ef9a33dcc25d270640691dd9f74', '2020-10-22 14:49:40', 'Birati', 'Kolkata', 'West Bengal', 700049, 3, '2020-10-22 14:49:06', '2020-10-24 11:43:02', 0),
(42, '', '+919836370846', 0, 'ba48e6c91ebbabd63ef7f22eb75aaed7', NULL, NULL, NULL, NULL, 0, 0, '2020-10-23 02:06:55', '2020-10-23 02:06:55', 1),
(43, '', '+919836370843', 0, '678dbeb7a11291c89ac8a937d0807e48', NULL, NULL, NULL, NULL, 0, 0, '2020-10-23 02:06:57', '2020-10-23 02:06:57', 1),
(44, '', '+919836370843', 0, 'aa306d6d45a2491808dc024db6ec6104', NULL, NULL, NULL, NULL, 0, 0, '2020-10-23 02:45:05', '2020-10-23 02:45:05', 1),
(45, '', '+919836370843', 0, '9476f0f3d368a3660a0d50504e1f7696', NULL, NULL, NULL, NULL, 0, 0, '2020-10-23 04:23:33', '2020-10-23 04:23:33', 1),
(46, 'Arsalan', '+919007511700', 0, '5f1d7375004ff214dda9b97c985a75cc', NULL, 'DumDum', 'Kolkata', 'Westbengal', 700049, 2, '2020-10-24 18:34:46', '2020-10-24 18:34:46', 1),
(47, 'Noodle Oddle', '+919007511701', 0, 'ea09ae6a9332b72f6439d890b999bbca', NULL, 'Aminia', 'Kolkata', 'Westbengal', 700049, 2, '2020-10-24 18:36:34', '2020-10-24 18:36:34', 1),
(48, 'Bhojohari Manna', '+919007511702', 0, '3cde912ec50d579f7ae7970e38bb93e6', NULL, 'Dum Dum', 'Kolkata', 'West Bengal', 0, 2, '2020-10-24 18:38:24', '2020-10-24 18:38:50', 0),
(49, 'Bhojohari Ranna', '+919007511705', 0, '239bd5f8449e72f28844ce2a1359f950', NULL, 'Dum Dum', 'Kolkata', 'WestBengal', 700049, 2, '2020-10-24 18:41:19', '2020-10-24 18:41:19', 1),
(50, 'Coffee House', '+917003284185', 1, '1e922ca0a4fed51dfae9d64bbd16fa59', '2020-10-25 06:09:52', 'College street', 'Kolkata', 'West Bengal', 700099, 2, '2020-10-25 06:09:25', '2020-10-25 06:10:30', 1),
(51, 'Budha Bite', '+919874987400', 0, '31adbc9348c3258b6689ac7993f8dfb2', NULL, 'Nagerbazar', 'Kolkata', 'Website', 70065, 2, '2020-10-27 06:49:29', '2020-10-27 06:49:29', 1),
(52, 'Balle Balle Dhaba', '+919831098410', 0, 'b97c9fbe43921d39846dd2d58c2e76d2', NULL, 'Saltlake', 'Kolkata', 'WestBegal', 700049, 2, '2020-10-27 08:08:51', '2020-10-27 08:08:51', 1),
(53, 'Shruti Kitchen', '+918620058983', 0, 'e8427cff5d3a7b3a0f9a9bb73a0575f0', NULL, 'gobinda nagar ,narkal bagan newtown ,kol 169', 'Kolkata', 'WestBengal', 700169, 2, '2020-10-27 08:12:30', '2020-10-27 08:12:30', 1),
(54, 'Grocery Store', '+918800440394', 0, 'a905db0558852336fc13d1bc5d59ccb6', NULL, 'sector V', 'kOLKATA', 'West Bengal', 700091, 3, '2020-10-27 08:49:28', '2020-10-27 08:49:28', 1),
(55, '', '+919836370843', 0, 'ea3dd3f0af188e43e7730298d60ffb43', NULL, NULL, NULL, NULL, 0, 0, '2020-10-27 09:30:25', '2020-10-27 09:30:25', 1),
(56, '', '+919007511742', 0, '0088902e4a0c0b5e4b8747d1b95a7a76', NULL, NULL, NULL, NULL, 0, 0, '2020-10-27 09:30:57', '2020-10-27 09:30:57', 1),
(57, 'Yummy Kitchen', '+919007511742', 0, 'e83a1d1f6c42803073532121b016cae5', NULL, 'salt lake', 'kolkata', 'West Bengal', 700091, 2, '2020-10-27 09:39:45', '2020-10-27 09:40:46', 1),
(58, '', '+917044741933', 1, '12152b6a8f3001cdd93a76f247091912', '2020-10-27 15:41:52', NULL, NULL, NULL, 0, 0, '2020-10-27 15:41:37', '2020-10-27 15:41:37', 1),
(59, 'Gross', '+917044741933', 1, 'ba63d1dbca795fdc39311e94e38eb4f3', '2020-10-27 16:11:50', 'vivekananda nagar sonarpur near Narendrapur station road sector 1 Kolkata West Bengal', 'kolkata', 'West Bengal', 700150, 3, '2020-10-27 16:11:38', '2020-10-27 16:12:34', 1);

--
-- Indexes for dumped tables
--

--
-- Indexes for table `address_book`
--
ALTER TABLE `address_book`
  ADD PRIMARY KEY (`id`),
  ADD KEY `user_id` (`user_id`);

--
-- Indexes for table `banner`
--
ALTER TABLE `banner`
  ADD PRIMARY KEY (`id`);

--
-- Indexes for table `carrier`
--
ALTER TABLE `carrier`
  ADD PRIMARY KEY (`id`);

--
-- Indexes for table `cart`
--
ALTER TABLE `cart`
  ADD PRIMARY KEY (`cart_id`),
  ADD KEY `customer_id` (`customer_id`);

--
-- Indexes for table `cart_items`
--
ALTER TABLE `cart_items`
  ADD PRIMARY KEY (`cart_item_id`),
  ADD KEY `cart_id` (`cart_id`),
  ADD KEY `sku_id` (`sku_id`);

--
-- Indexes for table `categories`
--
ALTER TABLE `categories`
  ADD PRIMARY KEY (`id`);

--
-- Indexes for table `category_details`
--
ALTER TABLE `category_details`
  ADD PRIMARY KEY (`id`),
  ADD KEY `slug` (`slug`),
  ADD KEY `category_id` (`category_id`);

--
-- Indexes for table `failed_jobs`
--
ALTER TABLE `failed_jobs`
  ADD PRIMARY KEY (`id`);

--
-- Indexes for table `home_screen_categories`
--
ALTER TABLE `home_screen_categories`
  ADD PRIMARY KEY (`id`),
  ADD KEY `sku_id` (`sku_id`);

--
-- Indexes for table `item_added_history`
--
ALTER TABLE `item_added_history`
  ADD PRIMARY KEY (`id`),
  ADD KEY `item_added_history_ibfk_1` (`sku_id`);

--
-- Indexes for table `item_sold_history`
--
ALTER TABLE `item_sold_history`
  ADD PRIMARY KEY (`id`),
  ADD KEY `item_sold_history_ibfk_1` (`sku_id`);

--
-- Indexes for table `location`
--
ALTER TABLE `location`
  ADD PRIMARY KEY (`transid`);

--
-- Indexes for table `manufacturer`
--
ALTER TABLE `manufacturer`
  ADD PRIMARY KEY (`id`);

--
-- Indexes for table `menu`
--
ALTER TABLE `menu`
  ADD PRIMARY KEY (`id`);

--
-- Indexes for table `migrations`
--
ALTER TABLE `migrations`
  ADD PRIMARY KEY (`id`);

--
-- Indexes for table `oauth_access_tokens`
--
ALTER TABLE `oauth_access_tokens`
  ADD PRIMARY KEY (`id`),
  ADD KEY `oauth_access_tokens_user_id_index` (`user_id`);

--
-- Indexes for table `oauth_auth_codes`
--
ALTER TABLE `oauth_auth_codes`
  ADD PRIMARY KEY (`id`),
  ADD KEY `oauth_auth_codes_user_id_index` (`user_id`);

--
-- Indexes for table `oauth_clients`
--
ALTER TABLE `oauth_clients`
  ADD PRIMARY KEY (`id`),
  ADD KEY `oauth_clients_user_id_index` (`user_id`);

--
-- Indexes for table `oauth_personal_access_clients`
--
ALTER TABLE `oauth_personal_access_clients`
  ADD PRIMARY KEY (`id`);

--
-- Indexes for table `oauth_refresh_tokens`
--
ALTER TABLE `oauth_refresh_tokens`
  ADD PRIMARY KEY (`id`);

--
-- Indexes for table `order_delivery_status`
--
ALTER TABLE `order_delivery_status`
  ADD PRIMARY KEY (`id`);

--
-- Indexes for table `order_details`
--
ALTER TABLE `order_details`
  ADD PRIMARY KEY (`id`),
  ADD KEY `order_id` (`order_id`);

--
-- Indexes for table `order_master`
--
ALTER TABLE `order_master`
  ADD PRIMARY KEY (`id`);

--
-- Indexes for table `pickups`
--
ALTER TABLE `pickups`
  ADD PRIMARY KEY (`id`);

--
-- Indexes for table `products`
--
ALTER TABLE `products`
  ADD PRIMARY KEY (`id`);

--
-- Indexes for table `product_detailed_images`
--
ALTER TABLE `product_detailed_images`
  ADD PRIMARY KEY (`id`),
  ADD KEY `sku_id` (`sku_id`);

--
-- Indexes for table `product_variants`
--
ALTER TABLE `product_variants`
  ADD PRIMARY KEY (`id`),
  ADD UNIQUE KEY `UNIQUE_product_id_name` (`product_id`,`name`);

--
-- Indexes for table `product_variant_options`
--
ALTER TABLE `product_variant_options`
  ADD PRIMARY KEY (`id`),
  ADD UNIQUE KEY `UNIQUE_product_variant_id_name` (`product_variant_id`,`name`);

--
-- Indexes for table `role`
--
ALTER TABLE `role`
  ADD PRIMARY KEY (`role_id`),
  ADD UNIQUE KEY `role_role_name_unique` (`role_name`);

--
-- Indexes for table `skus`
--
ALTER TABLE `skus`
  ADD PRIMARY KEY (`id`),
  ADD UNIQUE KEY `model_no` (`product_identification`),
  ADD KEY `skus_product_id_products_id_idx` (`product_id`);

--
-- Indexes for table `skus_product_variant_options`
--
ALTER TABLE `skus_product_variant_options`
  ADD PRIMARY KEY (`sku_id`,`product_variant_options_id`,`product_variant_id`),
  ADD UNIQUE KEY `UNIQUE_sku_id_product_variant_id` (`sku_id`,`product_variant_id`),
  ADD KEY `spvo_product_variant_options_id_pro_idx` (`product_variant_options_id`),
  ADD KEY `spvo_product_variant_id_product_var_idx` (`product_variant_id`);

--
-- Indexes for table `users`
--
ALTER TABLE `users`
  ADD PRIMARY KEY (`id`),
  ADD UNIQUE KEY `users_email_unique` (`email`);

--
-- Indexes for table `user_role`
--
ALTER TABLE `user_role`
  ADD PRIMARY KEY (`user_role_id`),
  ADD KEY `user_role_user_id_index` (`user_id`),
  ADD KEY `user_role_role_id_index` (`role_id`);

--
-- Indexes for table `vendors`
--
ALTER TABLE `vendors`
  ADD PRIMARY KEY (`id`),
  ADD KEY `category_id` (`category_id`);

--
-- AUTO_INCREMENT for dumped tables
--

--
-- AUTO_INCREMENT for table `address_book`
--
ALTER TABLE `address_book`
  MODIFY `id` int(11) NOT NULL AUTO_INCREMENT, AUTO_INCREMENT=13;

--
-- AUTO_INCREMENT for table `banner`
--
ALTER TABLE `banner`
  MODIFY `id` int(11) NOT NULL AUTO_INCREMENT;

--
-- AUTO_INCREMENT for table `carrier`
--
ALTER TABLE `carrier`
  MODIFY `id` int(11) NOT NULL AUTO_INCREMENT, AUTO_INCREMENT=12;

--
-- AUTO_INCREMENT for table `cart`
--
ALTER TABLE `cart`
  MODIFY `cart_id` int(10) UNSIGNED NOT NULL AUTO_INCREMENT, AUTO_INCREMENT=92;

--
-- AUTO_INCREMENT for table `cart_items`
--
ALTER TABLE `cart_items`
  MODIFY `cart_item_id` int(11) NOT NULL AUTO_INCREMENT, AUTO_INCREMENT=139;

--
-- AUTO_INCREMENT for table `categories`
--
ALTER TABLE `categories`
  MODIFY `id` int(10) UNSIGNED NOT NULL AUTO_INCREMENT, AUTO_INCREMENT=16;

--
-- AUTO_INCREMENT for table `category_details`
--
ALTER TABLE `category_details`
  MODIFY `id` int(10) UNSIGNED NOT NULL AUTO_INCREMENT, AUTO_INCREMENT=16;

--
-- AUTO_INCREMENT for table `failed_jobs`
--
ALTER TABLE `failed_jobs`
  MODIFY `id` bigint(20) UNSIGNED NOT NULL AUTO_INCREMENT;

--
-- AUTO_INCREMENT for table `home_screen_categories`
--
ALTER TABLE `home_screen_categories`
  MODIFY `id` int(11) NOT NULL AUTO_INCREMENT;

--
-- AUTO_INCREMENT for table `item_added_history`
--
ALTER TABLE `item_added_history`
  MODIFY `id` int(11) NOT NULL AUTO_INCREMENT, AUTO_INCREMENT=65;

--
-- AUTO_INCREMENT for table `item_sold_history`
--
ALTER TABLE `item_sold_history`
  MODIFY `id` int(11) NOT NULL AUTO_INCREMENT;

--
-- AUTO_INCREMENT for table `manufacturer`
--
ALTER TABLE `manufacturer`
  MODIFY `id` int(11) UNSIGNED NOT NULL AUTO_INCREMENT;

--
-- AUTO_INCREMENT for table `menu`
--
ALTER TABLE `menu`
  MODIFY `id` int(11) NOT NULL AUTO_INCREMENT, AUTO_INCREMENT=13;

--
-- AUTO_INCREMENT for table `migrations`
--
ALTER TABLE `migrations`
  MODIFY `id` int(10) UNSIGNED NOT NULL AUTO_INCREMENT, AUTO_INCREMENT=8;

--
-- AUTO_INCREMENT for table `oauth_clients`
--
ALTER TABLE `oauth_clients`
  MODIFY `id` bigint(20) UNSIGNED NOT NULL AUTO_INCREMENT, AUTO_INCREMENT=3;

--
-- AUTO_INCREMENT for table `oauth_personal_access_clients`
--
ALTER TABLE `oauth_personal_access_clients`
  MODIFY `id` bigint(20) UNSIGNED NOT NULL AUTO_INCREMENT, AUTO_INCREMENT=2;

--
-- AUTO_INCREMENT for table `order_delivery_status`
--
ALTER TABLE `order_delivery_status`
  MODIFY `id` int(11) NOT NULL AUTO_INCREMENT, AUTO_INCREMENT=2;

--
-- AUTO_INCREMENT for table `order_details`
--
ALTER TABLE `order_details`
  MODIFY `id` int(11) NOT NULL AUTO_INCREMENT, AUTO_INCREMENT=25;

--
-- AUTO_INCREMENT for table `order_master`
--
ALTER TABLE `order_master`
  MODIFY `id` int(11) NOT NULL AUTO_INCREMENT, AUTO_INCREMENT=25;

--
-- AUTO_INCREMENT for table `pickups`
--
ALTER TABLE `pickups`
  MODIFY `id` int(11) NOT NULL AUTO_INCREMENT;

--
-- AUTO_INCREMENT for table `products`
--
ALTER TABLE `products`
  MODIFY `id` int(11) NOT NULL AUTO_INCREMENT, AUTO_INCREMENT=65;

--
-- AUTO_INCREMENT for table `product_detailed_images`
--
ALTER TABLE `product_detailed_images`
  MODIFY `id` int(11) NOT NULL AUTO_INCREMENT, AUTO_INCREMENT=96;

--
-- AUTO_INCREMENT for table `product_variants`
--
ALTER TABLE `product_variants`
  MODIFY `id` int(11) NOT NULL AUTO_INCREMENT, AUTO_INCREMENT=60;

--
-- AUTO_INCREMENT for table `product_variant_options`
--
ALTER TABLE `product_variant_options`
  MODIFY `id` int(11) NOT NULL AUTO_INCREMENT, AUTO_INCREMENT=62;

--
-- AUTO_INCREMENT for table `role`
--
ALTER TABLE `role`
  MODIFY `role_id` int(10) UNSIGNED NOT NULL AUTO_INCREMENT, AUTO_INCREMENT=8;

--
-- AUTO_INCREMENT for table `skus`
--
ALTER TABLE `skus`
  MODIFY `id` int(11) NOT NULL AUTO_INCREMENT, AUTO_INCREMENT=65;

--
-- AUTO_INCREMENT for table `users`
--
ALTER TABLE `users`
  MODIFY `id` int(10) UNSIGNED NOT NULL AUTO_INCREMENT, AUTO_INCREMENT=91;

--
-- AUTO_INCREMENT for table `user_role`
--
ALTER TABLE `user_role`
  MODIFY `user_role_id` int(10) UNSIGNED NOT NULL AUTO_INCREMENT, AUTO_INCREMENT=2;

--
-- AUTO_INCREMENT for table `vendors`
--
ALTER TABLE `vendors`
  MODIFY `id` int(10) UNSIGNED NOT NULL AUTO_INCREMENT, AUTO_INCREMENT=60;

--
-- Constraints for dumped tables
--

--
-- Constraints for table `address_book`
--
ALTER TABLE `address_book`
  ADD CONSTRAINT `address_book_ibfk_1` FOREIGN KEY (`user_id`) REFERENCES `users` (`id`);

--
-- Constraints for table `cart`
--
ALTER TABLE `cart`
  ADD CONSTRAINT `cart_ibfk_1` FOREIGN KEY (`customer_id`) REFERENCES `users` (`id`);

--
-- Constraints for table `cart_items`
--
ALTER TABLE `cart_items`
  ADD CONSTRAINT `cart_items_ibfk_1` FOREIGN KEY (`cart_id`) REFERENCES `cart` (`cart_id`),
  ADD CONSTRAINT `cart_items_ibfk_2` FOREIGN KEY (`sku_id`) REFERENCES `skus` (`id`);

--
-- Constraints for table `category_details`
--
ALTER TABLE `category_details`
  ADD CONSTRAINT `category_details_ibfk_1` FOREIGN KEY (`category_id`) REFERENCES `categories` (`id`);

--
-- Constraints for table `item_sold_history`
--
ALTER TABLE `item_sold_history`
  ADD CONSTRAINT `item_sold_history_ibfk_1` FOREIGN KEY (`sku_id`) REFERENCES `skus` (`id`);

--
-- Constraints for table `order_details`
--
ALTER TABLE `order_details`
  ADD CONSTRAINT `order_details_ibfk_1` FOREIGN KEY (`order_id`) REFERENCES `order_master` (`id`);

--
-- Constraints for table `product_detailed_images`
--
ALTER TABLE `product_detailed_images`
  ADD CONSTRAINT `product_detailed_images_ibfk_1` FOREIGN KEY (`sku_id`) REFERENCES `skus` (`id`);
COMMIT;

/*!40101 SET CHARACTER_SET_CLIENT=@OLD_CHARACTER_SET_CLIENT */;
/*!40101 SET CHARACTER_SET_RESULTS=@OLD_CHARACTER_SET_RESULTS */;
/*!40101 SET COLLATION_CONNECTION=@OLD_COLLATION_CONNECTION */;
